,Num_Acc,date,an,mois,jour,hrmn,dep,com,lat,long,agg,int,col,lum,atm,catr,circ,nbv,prof,plan,lartpc,larrout,surf,infra,situ,grav,sexe,age,trajet,secuexist,equipement,obs,obsm,choc,manv,vehiculeid,typevehicules,manoeuvehicules,numVehicules,statut_heure,statut_coord
73,200500020507,2005-04-29,2005,avril,vendredi,11:35,67,67482,0.0,0.0,En agglomération,Hors intersection,3.0,Plein jour,Normale,4,A chaussées séparées,4.0,Plat,1.0,26,105,Normale,0.0,Sur piste cyclable,Blessé léger,Masculin,22.0,Domicile - école,1,4,0.0,2.0,1.0,1.0,200500020507A01,7,16,1.0,Cohérente,Non cohérentes
74,200500020508,2005-04-29,2005,avril,vendredi,13:15,67,67482,0.0,0.0,En agglomération,Intersection en T,6.0,Plein jour,Normale,4,Bidirectionnelle,2.0,Plat,1.0,0,110,Normale,0.0,Sur chaussée,Blessé léger,Féminin,21.0,Domicile - travail,2,9,0.0,2.0,8.0,19.0,200500020508B01,5,17,1.0,Cohérente,Non cohérentes
75,200500020509,2005-04-29,2005,avril,vendredi,16:30,67,67482,0.0,0.0,En agglomération,Intersection en T,2.0,Plein jour,Normale,2,Bidirectionnelle,2.0,Plat,2.0,0,93,Normale,5.0,Sur chaussée,Blessé léger,Masculin,34.0,Promenade - loisirs,1,4,0.0,2.0,4.0,2.0,200500020509B01,7,2,1.0,Cohérente,Non cohérentes
76,200500028308,2005-05-02,2005,mai,lundi,22:20,33,33063,0.0,0.0,En agglomération,Intersection en X,3.0,Nuit avec éclairage public allumé,Pluie légère,4,Bidirectionnelle,20.0,Plat,1.0,0,128,Mouillée,0.0,Aucun,Blessé léger,Masculin,34.0,Non renseigné,3,2,0.0,2.0,0.0,1.0,200500028308A01,7,15,1.0,Cohérente,Non cohérentes
77,200500028320,2005-05-09,2005,mai,lundi,90:0,33,33063,0.0,0.0,En agglomération,Intersection en T,6.0,Plein jour,Normale,4,Bidirectionnelle,2.0,Plat,1.0,0,90,Normale,0.0,Sur chaussée,Indemne,Masculin,20.0,Promenade - loisirs,3,0,0.0,1.0,1.0,1.0,200500028320A01,,,,Non cohérente,Non cohérentes
78,200500028332,2005-05-12,2005,mai,jeudi,13:20,33,33063,0.0,0.0,En agglomération,Intersection en X,3.0,Plein jour,Pluie légère,4,A sens unique,1.0,Plat,1.0,0,95,Mouillée,0.0,Sur chaussée,Blessé hospitalisé,Féminin,30.0,Non renseigné,3,9,0.0,2.0,7.0,19.0,200500028332A01,7,2,1.0,Cohérente,Non cohérentes
79,200500028369,2005-05-19,2005,mai,jeudi,17:30,33,33063,0.0,0.0,En agglomération,Hors intersection,2.0,Plein jour,Normale,4,Bidirectionnelle,2.0,Plat,1.0,0,92,Normale,0.0,Sur chaussée,Blessé léger,Féminin,22.0,Non renseigné,3,9,0.0,2.0,4.0,2.0,200500028369B01,7,1,1.0,Cohérente,Non cohérentes
80,200500028371,2005-05-20,2005,mai,vendredi,81:0,33,33063,0.0,0.0,En agglomération,Intersection en T,3.0,Plein jour,Normale,4,Bidirectionnelle,2.0,Plat,1.0,0,65,Normale,0.0,Sur chaussée,Indemne,Masculin,29.0,Domicile - travail,3,9,0.0,2.0,4.0,16.0,200500028371A01,1,1,1.0,Non cohérente,Non cohérentes
81,200500028371,2005-05-20,2005,mai,vendredi,81:0,33,33063,0.0,0.0,En agglomération,Intersection en T,3.0,Plein jour,Normale,4,Bidirectionnelle,2.0,Plat,1.0,0,65,Normale,0.0,Sur chaussée,Blessé hospitalisé,Masculin,41.0,Domicile - travail,3,9,0.0,2.0,1.0,1.0,200500028371B01,1,16,1.0,Non cohérente,Non cohérentes
82,200500028379,2005-05-23,2005,mai,lundi,13:45,33,33063,0.0,0.0,En agglomération,Hors intersection,2.0,Plein jour,Normale,4,Bidirectionnelle,4.0,Plat,1.0,0,116,Normale,0.0,Sur chaussée,Blessé léger,Féminin,25.0,Domicile - travail,3,0,0.0,2.0,1.0,1.0,200500028379A01,7,1,1.0,Cohérente,Non cohérentes
83,200500028384,2005-05-24,2005,mai,mardi,20:10,33,33063,0.0,0.0,En agglomération,Intersection en X,3.0,Plein jour,Normale,4,A chaussées séparées,2.0,Plat,1.0,0,113,Normale,0.0,Sur chaussée,Blessé hospitalisé,Masculin,29.0,Autre,3,9,0.0,2.0,8.0,1.0,200500028384A01,18,1,1.0,Cohérente,Non cohérentes
84,200500028395,2005-05-25,2005,mai,mercredi,10:10,33,33063,0.0,0.0,En agglomération,Intersection en X,3.0,Plein jour,Normale,4,A sens unique,3.0,Plat,1.0,0,0,Normale,0.0,Sur chaussée,Blessé léger,Féminin,54.0,Non renseigné,3,2,0.0,2.0,0.0,1.0,200500028395B01,7,1,1.0,Cohérente,Non cohérentes
85,200500028581,2005-05-09,2005,mai,lundi,11:25,38,38185,0.0,0.0,En agglomération,Hors intersection,3.0,Plein jour,Normale,4,Bidirectionnelle,2.0,Plat,1.0,0,70,Normale,0.0,Sur chaussée,Blessé léger,Masculin,38.0,Utilisation professionnelle,3,4,0.0,2.0,3.0,1.0,200500028581A01,7,16,1.0,Cohérente,Non cohérentes
86,200500028585,2005-05-14,2005,mai,samedi,14:20,38,38185,0.0,0.0,En agglomération,Hors intersection,3.0,Plein jour,Normale,4,A sens unique,1.0,Plat,1.0,0,33,Mouillée,0.0,Sur chaussée,Blessé léger,Masculin,28.0,Promenade - loisirs,3,4,0.0,2.0,2.0,19.0,200500028585B01,7,1,1.0,Cohérente,Non cohérentes
87,200500028594,2005-05-25,2005,mai,mercredi,84:5,38,38185,0.0,0.0,En agglomération,Hors intersection,6.0,Plein jour,Normale,4,Bidirectionnelle,2.0,Plat,1.0,0,114,Normale,0.0,Sur piste cyclable,Blessé léger,Masculin,41.0,Domicile - travail,3,9,1.0,0.0,1.0,1.0,200500028594B01,7,22,1.0,Non cohérente,Non cohérentes
88,200500029580,2005-05-02,2005,mai,lundi,85:0,67,67482,0.0,0.0,En agglomération,Intersection en X,3.0,Plein jour,Normale,4,Bidirectionnelle,2.0,Plat,1.0,0,90,Normale,0.0,Sur chaussée,Blessé léger,Féminin,55.0,Domicile - travail,3,9,0.0,2.0,8.0,1.0,200500029580B01,7,15,1.0,Non cohérente,Non cohérentes
89,200500029584,2005-05-04,2005,mai,mercredi,95:0,67,67482,0.0,0.0,En agglomération,Intersection en X,3.0,Plein jour,Normale,4,Bidirectionnelle,0.0,Plat,1.0,0,60,Normale,0.0,Sur piste cyclable,Indemne,Masculin,37.0,Promenade - loisirs,3,9,0.0,2.0,2.0,1.0,200500029584B01,7,1,1.0,Non cohérente,Non cohérentes
90,200500029584,2005-05-04,2005,mai,mercredi,95:0,67,67482,0.0,0.0,En agglomération,Intersection en X,3.0,Plein jour,Normale,4,Bidirectionnelle,0.0,Plat,1.0,0,60,Normale,0.0,Sur piste cyclable,Blessé léger,Féminin,4.0,Non renseigné,3,2,0.0,2.0,2.0,1.0,200500029584B01,7,1,1.0,Non cohérente,Non cohérentes
91,200500029598,2005-05-11,2005,mai,mercredi,17:50,67,67482,0.0,0.0,En agglomération,Intersection en X,3.0,Plein jour,Normale,4,Non renseigné,2.0,Plat,1.0,84,124,Normale,0.0,Sur chaussée,Blessé hospitalisé,Masculin,60.0,Domicile - travail,3,9,0.0,2.0,1.0,1.0,200500029598B01,7,15,1.0,Cohérente,Non cohérentes
92,200500029600,2005-05-12,2005,mai,jeudi,17:15,67,67482,0.0,0.0,En agglomération,Intersection en X,3.0,Plein jour,Normale,4,Bidirectionnelle,2.0,Plat,1.0,0,83,Normale,0.0,Sur chaussée,Blessé léger,Masculin,14.0,Domicile - école,1,9,0.0,2.0,1.0,19.0,200500029600A01,7,1,1.0,Cohérente,Non cohérentes
93,200500029612,2005-05-19,2005,mai,jeudi,13:25,67,67482,0.0,0.0,En agglomération,Hors intersection,1.0,Plein jour,Normale,4,Bidirectionnelle,2.0,Plat,3.0,0,16,Normale,0.0,Sur piste cyclable,Blessé hospitalisé,Masculin,45.0,Domicile - travail,3,9,0.0,2.0,1.0,1.0,200500029612A01,1,1,1.0,Cohérente,Non cohérentes
94,200500029612,2005-05-19,2005,mai,jeudi,13:25,67,67482,0.0,0.0,En agglomération,Hors intersection,1.0,Plein jour,Normale,4,Bidirectionnelle,2.0,Plat,3.0,0,16,Normale,0.0,Sur piste cyclable,Blessé léger,Masculin,21.0,Promenade - loisirs,3,9,0.0,2.0,1.0,1.0,200500029612B01,1,1,1.0,Cohérente,Non cohérentes
95,200500029615,2005-05-20,2005,mai,vendredi,16:18,67,67482,0.0,0.0,En agglomération,Hors intersection,3.0,Plein jour,Normale,4,Bidirectionnelle,2.0,Plat,1.0,10,138,Normale,4.0,Sur chaussée,Blessé hospitalisé,Masculin,25.0,Promenade - loisirs,2,9,0.0,4.0,3.0,15.0,200500029615A01,19,1,1.0,Cohérente,Non cohérentes
96,200500029623,2005-05-24,2005,mai,mardi,16:30,67,67482,0.0,0.0,En agglomération,Intersection en X,2.0,Plein jour,Normale,4,Bidirectionnelle,5.0,Plat,1.0,0,120,Normale,4.0,Sur chaussée,Blessé léger,Féminin,67.0,Promenade - loisirs,3,9,0.0,2.0,4.0,15.0,200500029623B01,7,1,1.0,Cohérente,Non cohérentes
97,200500029624,2005-05-25,2005,mai,mercredi,14:10,67,67482,0.0,0.0,En agglomération,Hors intersection,3.0,Plein jour,Normale,4,Bidirectionnelle,2.0,Plat,1.0,0,91,Normale,0.0,Sur chaussée,Blessé léger,Féminin,19.0,Non renseigné,3,0,0.0,2.0,1.0,19.0,200500029624A01,7,1,1.0,Cohérente,Non cohérentes
98,200500029631,2005-05-27,2005,mai,vendredi,12:00,67,67482,0.0,0.0,En agglomération,Hors intersection,3.0,Plein jour,Normale,4,Bidirectionnelle,2.0,Plat,1.0,0,96,Normale,0.0,Sur chaussée,Blessé léger,Masculin,15.0,Domicile - école,3,9,1.0,0.0,1.0,1.0,200500029631B01,7,22,1.0,Cohérente,Non cohérentes
99,200500029825,2005-05-13,2005,mai,vendredi,84:5,74,74010,0.0,0.0,En agglomération,Hors intersection,6.0,Plein jour,Normale,4,Bidirectionnelle,2.0,Plat,-1.0,0,75,Normale,0.0,Sur chaussée,Blessé hospitalisé,Masculin,83.0,Non renseigné,2,9,0.0,0.0,0.0,2.0,200500029825B01,7,22,1.0,Non cohérente,Non cohérentes
100,200500029831,2005-05-28,2005,mai,samedi,14:55,74,74010,0.0,0.0,En agglomération,Hors intersection,3.0,Plein jour,Normale,4,Bidirectionnelle,2.0,Plat,1.0,19,80,Normale,0.0,Sur chaussée,Blessé léger,Masculin,22.0,Utilisation professionnelle,3,9,0.0,0.0,7.0,2.0,200500029831B01,2,18,1.0,Cohérente,Non cohérentes
101,200500033447,2005-06-02,2005,juin,jeudi,91:5,33,33063,0.0,0.0,En agglomération,Hors intersection,6.0,Plein jour,Temps éblouissant,4,A sens unique,2.0,Plat,1.0,0,90,Normale,0.0,Sur chaussée,Indemne,Masculin,24.0,Domicile - travail,3,2,0.0,1.0,1.0,1.0,200500033447A01,,,,Non cohérente,Non cohérentes
102,200500033456,2005-06-06,2005,juin,lundi,14:55,33,33063,0.0,0.0,Hors agglomération,Hors intersection,3.0,Plein jour,Normale,4,Bidirectionnelle,2.0,Plat,1.0,0,52,Normale,0.0,Sur chaussée,Blessé léger,Féminin,21.0,Autre,3,9,0.0,2.0,8.0,13.0,200500033456A01,7,17,1.0,Cohérente,Non cohérentes
103,200500033464,2005-06-08,2005,juin,mercredi,83:0,33,33063,0.0,0.0,En agglomération,Intersection en T,3.0,Plein jour,Normale,4,Bidirectionnelle,2.0,Plat,1.0,0,0,Normale,0.0,Sur chaussée,Blessé léger,Masculin,45.0,Non renseigné,3,2,0.0,2.0,1.0,13.0,200500033464B01,7,15,1.0,Non cohérente,Non cohérentes
104,200500033472,2005-06-11,2005,juin,samedi,75:5,33,33063,0.0,0.0,En agglomération,Intersection en T,1.0,Plein jour,Normale,4,Bidirectionnelle,2.0,Plat,1.0,0,138,Normale,0.0,Sur chaussée,Blessé léger,Féminin,22.0,Non renseigné,3,9,0.0,2.0,1.0,15.0,200500033472A01,7,16,1.0,Non cohérente,Non cohérentes
105,200500033473,2005-06-11,2005,juin,samedi,15:00,33,33063,0.0,0.0,En agglomération,Hors intersection,3.0,Plein jour,Normale,4,A sens unique,2.0,Plat,1.0,0,72,Normale,0.0,Sur chaussée,Blessé léger,Féminin,17.0,Non renseigné,3,9,1.0,0.0,7.0,13.0,200500033473B01,7,22,1.0,Cohérente,Non cohérentes
106,200500033477,2005-06-13,2005,juin,lundi,18:35,33,33063,0.0,0.0,En agglomération,Hors intersection,2.0,Plein jour,Normale,4,A chaussées séparées,4.0,Plat,1.0,5,50,Normale,0.0,Sur chaussée,Blessé léger,Féminin,34.0,Non renseigné,3,9,0.0,2.0,4.0,23.0,200500033477B01,5,1,1.0,Cohérente,Non cohérentes
107,200500033483,2005-06-15,2005,juin,mercredi,16:15,33,33063,0.0,0.0,En agglomération,Intersection en T,1.0,Plein jour,Normale,4,Bidirectionnelle,4.0,Plat,1.0,0,125,Normale,0.0,Sur chaussée,Blessé léger,Masculin,52.0,Non renseigné,3,9,0.0,2.0,1.0,1.0,200500033483B01,10,15,1.0,Cohérente,Non cohérentes
108,200500033491,2005-06-17,2005,juin,vendredi,21:50,33,33063,0.0,0.0,En agglomération,Intersection en X,3.0,Nuit avec éclairage public allumé,Normale,4,Bidirectionnelle,2.0,Plat,1.0,0,148,Normale,0.0,Sur chaussée,Blessé léger,Masculin,15.0,Non renseigné,3,9,0.0,2.0,1.0,1.0,200500033491B01,7,1,1.0,Cohérente,Non cohérentes
109,200500033501,2005-06-20,2005,juin,lundi,17:08,33,33063,0.0,0.0,En agglomération,Intersection en T,3.0,Plein jour,Normale,4,A sens unique,2.0,Plat,1.0,0,110,Normale,0.0,Sur piste cyclable,Blessé léger,Masculin,14.0,Promenade - loisirs,3,9,0.0,2.0,1.0,5.0,200500033501A01,7,16,1.0,Cohérente,Non cohérentes
110,200500033512,2005-06-21,2005,juin,mardi,17:35,33,33063,0.0,0.0,En agglomération,Hors intersection,6.0,Plein jour,Normale,4,Bidirectionnelle,4.0,Plat,1.0,0,0,Normale,0.0,Sur chaussée,Blessé léger,Masculin,40.0,Domicile - travail,1,2,0.0,1.0,1.0,1.0,200500033512A01,,,,Cohérente,Non cohérentes
111,200500033523,2005-06-24,2005,juin,vendredi,10:00,33,33063,0.0,0.0,En agglomération,Intersection en T,3.0,Plein jour,Normale,4,A sens unique,2.0,Plat,1.0,0,0,Normale,0.0,Sur chaussée,Blessé hospitalisé,Masculin,21.0,Non renseigné,3,2,0.0,2.0,1.0,1.0,200500033523A01,7,1,1.0,Cohérente,Non cohérentes
112,200500033535,2005-06-28,2005,juin,mardi,16:35,33,33063,0.0,0.0,En agglomération,Hors intersection,2.0,Plein jour,Pluie légère,4,A sens unique,3.0,Plat,1.0,0,0,Normale,0.0,Sur chaussée,Blessé léger,Féminin,32.0,Domicile - travail,1,2,0.0,2.0,1.0,1.0,200500033535A01,7,0,1.0,Cohérente,Non cohérentes
113,200500033540,2005-06-29,2005,juin,mercredi,18:15,33,33063,0.0,0.0,En agglomération,Intersection en T,1.0,Plein jour,Normale,4,Bidirectionnelle,2.0,Plat,1.0,0,128,Normale,0.0,Sur chaussée,Blessé hospitalisé,Féminin,60.0,Non renseigné,3,9,0.0,2.0,1.0,1.0,200500033540B01,7,15,1.0,Cohérente,Non cohérentes
114,200500033542,2005-06-30,2005,juin,jeudi,12:10,33,33063,0.0,0.0,En agglomération,Intersection en T,3.0,Plein jour,Normale,4,A sens unique,3.0,Plat,1.0,0,0,Normale,0.0,Sur chaussée,Blessé léger,Masculin,18.0,Autre,3,9,0.0,2.0,1.0,1.0,200500033542A01,7,1,1.0,Cohérente,Non cohérentes
115,200500033720,2005-06-01,2005,juin,mercredi,11:45,38,38185,0.0,0.0,En agglomération,Hors intersection,3.0,Plein jour,Normale,4,Bidirectionnelle,4.0,Plat,1.0,0,150,Normale,0.0,Sur chaussée,Blessé léger,Féminin,24.0,Utilisation professionnelle,3,4,0.0,2.0,1.0,19.0,200500033720A01,18,1,1.0,Cohérente,Non cohérentes
116,200500033727,2005-06-06,2005,juin,lundi,16:30,38,38185,0.0,0.0,En agglomération,Intersection en X,3.0,Plein jour,Normale,4,Bidirectionnelle,2.0,Plat,1.0,0,70,Normale,0.0,Sur chaussée,Blessé léger,Masculin,16.0,Promenade - loisirs,3,4,0.0,2.0,1.0,1.0,200500033727B01,7,1,1.0,Cohérente,Non cohérentes
117,200500033730,2005-06-10,2005,juin,vendredi,81:0,38,38185,0.0,0.0,En agglomération,Hors intersection,6.0,Plein jour,Normale,4,A sens unique,0.0,Plat,1.0,0,140,Normale,0.0,Sur trottoir,Blessé léger,Féminin,20.0,Domicile - école,3,9,0.0,2.0,1.0,1.0,200500033730A01,7,1,1.0,Non cohérente,Non cohérentes
118,200500033731,2005-06-10,2005,juin,vendredi,15:50,38,38185,0.0,0.0,En agglomération,Hors intersection,2.0,Plein jour,Normale,4,Bidirectionnelle,4.0,Plat,1.0,0,136,Normale,0.0,Sur chaussée,Blessé léger,Féminin,44.0,Domicile - travail,3,4,0.0,2.0,4.0,11.0,200500033731A01,7,1,1.0,Cohérente,Non cohérentes
119,200500033741,2005-06-15,2005,juin,mercredi,16:32,38,38185,0.0,0.0,En agglomération,Hors intersection,6.0,Plein jour,Normale,4,Bidirectionnelle,0.0,Plat,1.0,0,100,Normale,0.0,Sur chaussée,Blessé léger,Masculin,25.0,Domicile - travail,3,9,1.0,0.0,1.0,1.0,200500033741B01,7/ 2,22/1,2.0,Cohérente,Non cohérentes
120,200500033747,2005-06-21,2005,juin,mardi,12:05,38,38185,0.0,0.0,En agglomération,Hors intersection,3.0,Plein jour,Normale,4,Bidirectionnelle,2.0,Plat,1.0,0,72,Normale,0.0,Sur chaussée,Blessé léger,Masculin,60.0,Promenade - loisirs,3,9,0.0,2.0,3.0,1.0,200500033747B01,7,1,1.0,Cohérente,Non cohérentes
121,200500033749,2005-06-22,2005,juin,mercredi,14:00,38,38185,0.0,0.0,En agglomération,Autre intersection,6.0,Plein jour,Normale,4,A sens unique,1.0,Plat,1.0,0,70,Normale,0.0,Sur chaussée,Blessé léger,Masculin,31.0,Autre,3,9,0.0,2.0,1.0,1.0,200500033749B01,7,9,1.0,Cohérente,Non cohérentes
122,200500033756,2005-06-28,2005,juin,mardi,85:0,38,38185,0.0,0.0,En agglomération,Intersection en X,3.0,Plein jour,Normale,4,A sens unique,1.0,Plat,2.0,0,50,Normale,0.0,Sur chaussée,Blessé léger,Féminin,27.0,Non renseigné,3,4,0.0,2.0,1.0,1.0,200500033756A01,7,15,1.0,Non cohérente,Non cohérentes
123,200500034773,2005-06-03,2005,juin,vendredi,16:05,67,67482,0.0,0.0,En agglomération,Hors intersection,1.0,Plein jour,Normale,4,Bidirectionnelle,4.0,Pente,2.0,0,139,Normale,0.0,Sur chaussée,Blessé léger,Masculin,37.0,Domicile - travail,3,2,0.0,2.0,1.0,14.0,200500034773A01,7,1,1.0,Cohérente,Non cohérentes
124,200500034776,2005-06-04,2005,juin,samedi,11:31,67,67482,0.0,0.0,En agglomération,Intersection en T,6.0,Plein jour,Normale,4,Bidirectionnelle,2.0,Plat,1.0,0,58,Normale,0.0,Sur chaussée,Blessé léger,Masculin,12.0,Promenade - loisirs,3,9,0.0,2.0,1.0,15.0,200500034776B01,7,1,1.0,Cohérente,Non cohérentes
125,200500034781,2005-06-07,2005,juin,mardi,14:20,67,67482,0.0,0.0,En agglomération,Intersection en X,3.0,Plein jour,Normale,4,Bidirectionnelle,2.0,Plat,1.0,0,134,Normale,5.0,Sur piste cyclable,Blessé léger,Féminin,84.0,Promenade - loisirs,1,9,0.0,2.0,1.0,1.0,200500034781B01,7,1,1.0,Cohérente,Non cohérentes
126,200500034782,2005-06-08,2005,juin,mercredi,83:0,67,67482,0.0,0.0,En agglomération,Hors intersection,3.0,Plein jour,Normale,9,Bidirectionnelle,0.0,Plat,3.0,0,0,Normale,0.0,Sur chaussée,Blessé léger,Masculin,56.0,Domicile - travail,3,9,0.0,2.0,1.0,1.0,200500034782A01,1,17,1.0,Non cohérente,Non cohérentes
127,200500034782,2005-06-08,2005,juin,mercredi,83:0,67,67482,0.0,0.0,En agglomération,Hors intersection,3.0,Plein jour,Normale,9,Bidirectionnelle,0.0,Plat,3.0,0,0,Normale,0.0,Sur chaussée,Indemne,Féminin,30.0,Autre,3,9,0.0,2.0,1.0,17.0,200500034782B01,1,1,1.0,Non cohérente,Non cohérentes
128,200500034783,2005-06-09,2005,juin,jeudi,14:00,67,67482,0.0,0.0,En agglomération,Intersection en T,3.0,Plein jour,Normale,3,Bidirectionnelle,2.0,Plat,1.0,0,60,Normale,0.0,Aucun,Blessé léger,Féminin,19.0,Domicile - école,3,9,0.0,2.0,1.0,1.0,200500034783B01,18,1,1.0,Cohérente,Non cohérentes
129,200500034791,2005-06-11,2005,juin,samedi,16:15,67,67482,0.0,0.0,En agglomération,Hors intersection,3.0,Plein jour,Normale,4,Bidirectionnelle,2.0,Plat,1.0,0,53,Normale,0.0,Sur chaussée,Blessé léger,Masculin,8.0,Promenade - loisirs,3,9,0.0,2.0,7.0,1.0,200500034791B01,7,1,1.0,Cohérente,Non cohérentes
130,200500034797,2005-06-15,2005,juin,mercredi,14:20,67,67482,0.0,0.0,En agglomération,Intersection en X,3.0,Plein jour,Normale,4,Bidirectionnelle,2.0,Plat,1.0,15,150,Normale,2.0,Sur chaussée,Blessé léger,Féminin,50.0,Domicile - travail,1,4,0.0,2.0,3.0,1.0,200500034797B01,7,16,1.0,Cohérente,Non cohérentes
131,200500034807,2005-06-19,2005,juin,dimanche,11:45,67,67482,0.0,0.0,Hors agglomération,Hors intersection,5.0,Plein jour,Normale,9,Bidirectionnelle,2.0,Plat,3.0,0,0,Normale,0.0,Sur piste cyclable,Blessé léger,Masculin,35.0,Autre,3,9,0.0,2.0,1.0,1.0,200500034807B01,5,1,1.0,Cohérente,Non cohérentes
132,200500034807,2005-06-19,2005,juin,dimanche,11:45,67,67482,0.0,0.0,Hors agglomération,Hors intersection,5.0,Plein jour,Normale,9,Bidirectionnelle,2.0,Plat,3.0,0,0,Normale,0.0,Sur piste cyclable,Blessé léger,Féminin,5.0,Non renseigné,3,9,0.0,2.0,1.0,1.0,200500034807B01,5,1,1.0,Cohérente,Non cohérentes
133,200500034807,2005-06-19,2005,juin,dimanche,11:45,67,67482,0.0,0.0,Hors agglomération,Hors intersection,5.0,Plein jour,Normale,9,Bidirectionnelle,2.0,Plat,3.0,0,0,Normale,0.0,Sur piste cyclable,Blessé léger,Masculin,9.0,Autre,3,9,0.0,2.0,1.0,1.0,200500034807C01,5,1,1.0,Cohérente,Non cohérentes
134,200500034808,2005-06-20,2005,juin,lundi,16:00,67,67482,0.0,0.0,En agglomération,Hors intersection,3.0,Plein jour,Normale,4,Bidirectionnelle,2.0,Plat,4.0,0,22,Normale,0.0,Sur piste cyclable,Indemne,Masculin,61.0,Promenade - loisirs,3,9,0.0,2.0,8.0,1.0,200500034808A01,1,1,1.0,Cohérente,Non cohérentes
135,200500034808,2005-06-20,2005,juin,lundi,16:00,67,67482,0.0,0.0,En agglomération,Hors intersection,3.0,Plein jour,Normale,4,Bidirectionnelle,2.0,Plat,4.0,0,22,Normale,0.0,Sur piste cyclable,Blessé léger,Féminin,57.0,Non renseigné,3,2,0.0,2.0,8.0,1.0,200500034808B01,1,1,1.0,Cohérente,Non cohérentes
136,200500034810,2005-06-21,2005,juin,mardi,13:30,67,67482,0.0,0.0,En agglomération,Intersection en X,3.0,Plein jour,Normale,4,Bidirectionnelle,2.0,Plat,1.0,0,32,Normale,0.0,Sur chaussée,Blessé léger,Masculin,23.0,Promenade - loisirs,3,9,0.0,2.0,1.0,1.0,200500034810B01,7,16,1.0,Cohérente,Non cohérentes
137,200500034813,2005-06-22,2005,juin,mercredi,18:35,67,67482,0.0,0.0,En agglomération,Hors intersection,6.0,Plein jour,Normale,4,Bidirectionnelle,2.0,Plat,1.0,0,90,Normale,0.0,Aucun,Blessé hospitalisé,Féminin,53.0,Promenade - loisirs,3,0,0.0,0.0,0.0,0.0,200500034813A01,,,,Cohérente,Non cohérentes
138,200500034823,2005-06-28,2005,juin,mardi,75:0,67,67482,0.0,0.0,En agglomération,Intersection en X,3.0,Plein jour,Normale,4,Bidirectionnelle,2.0,Plat,1.0,0,120,Normale,0.0,Sur piste cyclable,Blessé léger,Féminin,19.0,Promenade - loisirs,3,9,0.0,2.0,1.0,1.0,200500034823B01,7,15,1.0,Non cohérente,Non cohérentes
139,200500034826,2005-06-28,2005,juin,mardi,18:10,67,67482,0.0,0.0,En agglomération,Hors intersection,1.0,Plein jour,Normale,4,Bidirectionnelle,2.0,Plat,1.0,0,87,Normale,0.0,Sur piste cyclable,Blessé léger,Masculin,19.0,Domicile - travail,2,9,0.0,2.0,1.0,17.0,200500034826A01,1,1,1.0,Cohérente,Non cohérentes
140,200500034826,2005-06-28,2005,juin,mardi,18:10,67,67482,0.0,0.0,En agglomération,Hors intersection,1.0,Plein jour,Normale,4,Bidirectionnelle,2.0,Plat,1.0,0,87,Normale,0.0,Sur piste cyclable,Blessé léger,Masculin,31.0,Domicile - travail,3,9,0.0,2.0,1.0,1.0,200500034826B01,1,17,1.0,Cohérente,Non cohérentes
141,200500034828,2005-06-29,2005,juin,mercredi,11:25,67,67482,0.0,0.0,En agglomération,Intersection en T,3.0,Plein jour,Normale,4,Bidirectionnelle,2.0,Plat,1.0,0,86,Normale,0.0,Sur chaussée,Blessé léger,Féminin,41.0,Promenade - loisirs,3,9,0.0,2.0,7.0,1.0,200500034828B01,7,4,1.0,Cohérente,Non cohérentes
142,200500034830,2005-06-30,2005,juin,jeudi,85:5,67,67482,0.0,0.0,En agglomération,Intersection en T,3.0,Plein jour,Normale,4,Bidirectionnelle,2.0,Plat,1.0,0,130,Normale,0.0,Sur chaussée,Blessé léger,Masculin,40.0,Promenade - loisirs,3,9,0.0,2.0,1.0,19.0,200500034830B01,7,15,1.0,Non cohérente,Non cohérentes
143,200500034997,2005-06-22,2005,juin,mercredi,13:55,74,74010,0.0,0.0,En agglomération,Intersection en X,3.0,Plein jour,Normale,4,A sens unique,1.0,Plat,1.0,0,62,Normale,0.0,Sur chaussée,Blessé léger,Féminin,25.0,Promenade - loisirs,3,2,0.0,0.0,1.0,2.0,200500034997B01,7,2,1.0,Cohérente,Non cohérentes
144,200500044472,2005-07-01,2005,juillet,vendredi,18:30,33,33063,0.0,0.0,En agglomération,Hors intersection,6.0,Plein jour,Normale,4,Bidirectionnelle,3.0,Plat,1.0,0,120,Normale,0.0,Sur chaussée,Blessé hospitalisé,Masculin,34.0,Non renseigné,3,9,0.0,1.0,1.0,1.0,200500044472A01,,,,Cohérente,Non cohérentes
145,200500044482,2005-07-06,2005,juillet,mercredi,16:30,33,33063,0.0,0.0,En agglomération,Intersection en X,3.0,Plein jour,Normale,4,A chaussées séparées,4.0,Plat,1.0,10,60,Normale,0.0,Sur chaussée,Blessé léger,Masculin,38.0,Domicile - travail,3,2,0.0,2.0,1.0,19.0,200500044482B01,7,1,1.0,Cohérente,Non cohérentes