,Num_Acc,date,an,mois,jour,hrmn,dep,com,lat,long,agg,int,col,lum,atm,catr,circ,nbv,prof,plan,lartpc,larrout,surf,infra,situ,grav,sexe,age,trajet,secuexist,equipement,obs,obsm,choc,manv,vehiculeid,typevehicules,manoeuvehicules,numVehicules,statut_heure,statut_coord
146,200500044486,2005-07-07,2005,juillet,jeudi,22:30,33,33063,0.0,0.0,Hors agglomération,Hors intersection,2.0,Nuit avec éclairage public allumé,Normale,4,Bidirectionnelle,2.0,Plat,1.0,0,0,Normale,0.0,Sur chaussée,Blessé léger,Masculin,37.0,Non renseigné,3,9,14.0,0.0,1.0,1.0,200500044486B01,7,23,1.0,Cohérente,Non cohérentes
147,200500044490,2005-07-10,2005,juillet,dimanche,2:,33,33063,0.0,0.0,En agglomération,Hors intersection,6.0,Nuit avec éclairage public allumé,Normale,4,A sens unique,1.0,Plat,1.0,0,0,Normale,4.0,Sur chaussée,Blessé léger,Masculin,21.0,Non renseigné,3,2,0.0,4.0,0.0,0.0,200500044490A01,19,0,1.0,Non cohérente,Non cohérentes
148,200500044505,2005-07-08,2005,juillet,vendredi,15:45,33,33063,0.0,0.0,En agglomération,Intersection en X,6.0,Plein jour,Normale,4,Bidirectionnelle,2.0,Plat,1.0,0,0,Normale,0.0,Sur chaussée,Indemne,Masculin,18.0,Non renseigné,3,9,0.0,1.0,1.0,1.0,200500044505A01,,,,Cohérente,Non cohérentes
149,200500044518,2005-07-18,2005,juillet,lundi,81:0,33,33063,0.0,0.0,En agglomération,Intersection en X,3.0,Plein jour,Normale,4,Bidirectionnelle,4.0,Plat,1.0,0,0,Normale,0.0,Sur chaussée,Blessé léger,Masculin,50.0,Domicile - travail,3,9,0.0,2.0,1.0,7.0,200500044518B01,7,16,1.0,Non cohérente,Non cohérentes
150,200500044534,2005-07-25,2005,juillet,lundi,20:15,33,33063,0.0,0.0,En agglomération,Hors intersection,3.0,Plein jour,Normale,4,Bidirectionnelle,4.0,Plat,1.0,0,0,Normale,0.0,Sur chaussée,Blessé léger,Féminin,23.0,Domicile - travail,3,9,0.0,2.0,8.0,1.0,200500044534B01,10,1,1.0,Cohérente,Non cohérentes
151,200500044544,2005-07-28,2005,juillet,jeudi,13:30,33,33063,0.0,0.0,En agglomération,Hors intersection,3.0,Plein jour,Normale,4,A sens unique,1.0,Plat,1.0,0,0,Normale,0.0,Sur chaussée,Blessé léger,Féminin,30.0,Domicile - travail,3,9,0.0,2.0,1.0,12.0,200500044544A01,7,1,1.0,Cohérente,Non cohérentes
152,200500044730,2005-07-01,2005,juillet,vendredi,13:24,38,38185,0.0,0.0,En agglomération,Hors intersection,3.0,Plein jour,Normale,4,A sens unique,1.0,Plat,1.0,0,57,Normale,0.0,Sur chaussée,Blessé léger,Féminin,53.0,Promenade - loisirs,2,4,0.0,2.0,3.0,1.0,200500044730B01,7,16,1.0,Cohérente,Non cohérentes
153,200500044735,2005-07-04,2005,juillet,lundi,18:45,38,38185,0.0,0.0,En agglomération,Hors intersection,3.0,Plein jour,Pluie légère,4,Bidirectionnelle,4.0,Plat,1.0,0,119,Mouillée,0.0,Sur chaussée,Blessé léger,Masculin,29.0,Non renseigné,3,4,0.0,2.0,3.0,1.0,200500044735B01,7,15,1.0,Cohérente,Non cohérentes
154,200500044738,2005-07-05,2005,juillet,mardi,19:45,38,38185,0.0,0.0,En agglomération,Hors intersection,3.0,Plein jour,Normale,4,A sens unique,2.0,Plat,1.0,0,67,Normale,0.0,Sur chaussée,Indemne,Masculin,18.0,Promenade - loisirs,3,4,0.0,2.0,1.0,19.0,200500044738A01,7,1,1.0,Cohérente,Non cohérentes
155,200500044738,2005-07-05,2005,juillet,mardi,19:45,38,38185,0.0,0.0,En agglomération,Hors intersection,3.0,Plein jour,Normale,4,A sens unique,2.0,Plat,1.0,0,67,Normale,0.0,Sur chaussée,Blessé léger,Féminin,17.0,Non renseigné,3,4,0.0,2.0,1.0,19.0,200500044738A01,7,1,1.0,Cohérente,Non cohérentes
156,200500044740,2005-07-08,2005,juillet,vendredi,13:30,38,38185,0.0,0.0,En agglomération,Hors intersection,3.0,Plein jour,Normale,4,A sens unique,1.0,Plat,1.0,0,33,Normale,0.0,Sur chaussée,Blessé léger,Masculin,45.0,Utilisation professionnelle,3,4,0.0,2.0,7.0,1.0,200500044740B01,7,15,1.0,Cohérente,Non cohérentes
157,200500044743,2005-07-11,2005,juillet,lundi,15:20,38,38185,0.0,0.0,En agglomération,Hors intersection,3.0,Plein jour,Normale,4,Bidirectionnelle,4.0,Plat,3.0,0,120,Normale,0.0,Sur piste cyclable,Blessé léger,Féminin,53.0,Promenade - loisirs,3,4,0.0,2.0,1.0,1.0,200500044743B01,7,16,1.0,Cohérente,Non cohérentes
158,200500044756,2005-07-25,2005,juillet,lundi,18:30,38,38185,0.0,0.0,En agglomération,Intersection en X,3.0,Plein jour,Normale,4,Bidirectionnelle,2.0,Plat,1.0,0,70,Normale,0.0,Sur chaussée,Blessé léger,Féminin,30.0,Non renseigné,3,4,0.0,2.0,1.0,13.0,200500044756B01,7,15,1.0,Cohérente,Non cohérentes
159,200500044759,2005-07-28,2005,juillet,jeudi,19:15,38,38185,0.0,0.0,En agglomération,Autre intersection,6.0,Plein jour,Normale,4,Bidirectionnelle,4.0,Plat,1.0,0,120,Normale,5.0,Sur chaussée,Blessé léger,Féminin,61.0,Non renseigné,3,9,0.0,2.0,7.0,15.0,200500044759A01,7,1,1.0,Cohérente,Non cohérentes
160,200500045617,2005-07-01,2005,juillet,vendredi,17:40,67,67482,0.0,0.0,En agglomération,Hors intersection,3.0,Plein jour,Normale,4,Bidirectionnelle,4.0,Plat,1.0,0,132,Normale,0.0,Sur trottoir,Blessé léger,Masculin,12.0,Promenade - loisirs,1,9,0.0,2.0,1.0,1.0,200500045617A01,5,9,1.0,Cohérente,Non cohérentes
161,200500045619,2005-07-03,2005,juillet,dimanche,20:15,67,67482,0.0,0.0,En agglomération,Hors intersection,3.0,Plein jour,Normale,4,Bidirectionnelle,2.0,Plat,1.0,0,86,Normale,0.0,Sur chaussée,Blessé léger,Masculin,18.0,Promenade - loisirs,3,9,0.0,2.0,8.0,19.0,200500045619B01,7,1,1.0,Cohérente,Non cohérentes
162,200500045624,2005-07-05,2005,juillet,mardi,14:35,67,67482,0.0,0.0,En agglomération,Giratoire,1.0,Plein jour,Normale,4,A sens unique,2.0,Plat,2.0,0,70,Normale,5.0,Sur chaussée,Blessé léger,Féminin,25.0,Domicile - travail,3,9,0.0,2.0,6.0,19.0,200500045624B01,7,1,1.0,Cohérente,Non cohérentes
163,200500045632,2005-07-08,2005,juillet,vendredi,82:0,67,67482,0.0,0.0,En agglomération,Intersection en T,3.0,Plein jour,Normale,4,Bidirectionnelle,2.0,Plat,2.0,0,157,Normale,5.0,Sur chaussée,Blessé léger,Masculin,14.0,Promenade - loisirs,1,4,0.0,2.0,7.0,1.0,200500045632B01,10,15,1.0,Non cohérente,Non cohérentes
164,200500045634,2005-07-08,2005,juillet,vendredi,14:00,67,67482,0.0,0.0,En agglomération,Hors intersection,3.0,Plein jour,Normale,4,Bidirectionnelle,2.0,Plat,1.0,0,70,Normale,0.0,Sur piste cyclable,Blessé léger,Masculin,22.0,Promenade - loisirs,1,2,1.0,0.0,1.0,1.0,200500045634B01,7,22,1.0,Cohérente,Non cohérentes
165,200500045640,2005-07-11,2005,juillet,lundi,11:55,67,67482,0.0,0.0,En agglomération,Hors intersection,3.0,Plein jour,Normale,4,Bidirectionnelle,2.0,Plat,1.0,0,67,Normale,0.0,Sur chaussée,Blessé léger,Masculin,10.0,Promenade - loisirs,1,9,0.0,2.0,3.0,9.0,200500045640A01,7,1,1.0,Cohérente,Non cohérentes
166,200500045641,2005-07-11,2005,juillet,lundi,19:43,67,67482,0.0,0.0,En agglomération,Intersection en Y,6.0,Crépuscule ou aube,Normale,4,A sens unique,0.0,Plat,3.0,0,50,Normale,5.0,Sur trottoir,Blessé léger,Masculin,15.0,Promenade - loisirs,3,9,1.0,0.0,1.0,16.0,200500045641A01,,,,Cohérente,Non cohérentes
167,200500045647,2005-07-12,2005,juillet,mardi,16:40,67,67482,0.0,0.0,En agglomération,Intersection en X,3.0,Plein jour,Normale,4,Bidirectionnelle,4.0,Plat,1.0,0,153,Normale,0.0,Sur chaussée,Blessé léger,Masculin,17.0,Promenade - loisirs,3,9,0.0,2.0,1.0,19.0,200500045647A01,7,1,1.0,Cohérente,Non cohérentes
168,200500045653,2005-07-19,2005,juillet,mardi,84:5,67,67482,0.0,0.0,En agglomération,Hors intersection,3.0,Plein jour,Normale,4,A sens unique,4.0,Plat,1.0,0,170,Normale,0.0,Sur chaussée,Blessé léger,Féminin,20.0,Promenade - loisirs,3,9,0.0,2.0,7.0,1.0,200500045653B01,7,13,1.0,Non cohérente,Non cohérentes
169,200500045660,2005-07-27,2005,juillet,mercredi,12:30,67,67482,0.0,0.0,En agglomération,Hors intersection,6.0,Plein jour,Normale,4,A sens unique,2.0,Plat,1.0,0,0,Normale,6.0,Sur trottoir,Blessé léger,Féminin,82.0,Promenade - loisirs,3,0,0.0,1.0,1.0,0.0,200500045660A01,,,,Cohérente,Non cohérentes
170,200500045815,2005-07-04,2005,juillet,lundi,12:30,74,74010,0.0,0.0,En agglomération,Intersection en T,6.0,Plein jour,Normale,4,A chaussées séparées,3.0,Plat,1.0,0,105,Normale,0.0,Sur chaussée,Blessé léger,Féminin,25.0,Promenade - loisirs,3,9,0.0,0.0,4.0,7.0,200500045815B01,7,7,1.0,Cohérente,Non cohérentes
171,200500051218,2005-08-13,2005,août,samedi,70:0,33,33063,0.0,0.0,En agglomération,Hors intersection,3.0,Plein jour,Normale,4,Bidirectionnelle,3.0,Plat,1.0,0,0,Normale,0.0,Sur chaussée,Blessé léger,Masculin,30.0,Promenade - loisirs,1,2,0.0,2.0,1.0,1.0,200500051218B01,7,22,1.0,Non cohérente,Non cohérentes
172,200500051221,2005-08-16,2005,août,mardi,22:35,33,33063,0.0,0.0,En agglomération,Intersection en X,3.0,Nuit avec éclairage public allumé,Normale,4,Bidirectionnelle,4.0,Plat,1.0,0,130,Normale,0.0,Sur chaussée,Blessé léger,Masculin,19.0,Non renseigné,2,4,0.0,2.0,8.0,1.0,200500051221B01,7,15,1.0,Cohérente,Non cohérentes
173,200500051226,2005-08-18,2005,août,jeudi,53:0,33,33063,0.0,0.0,En agglomération,Intersection en X,3.0,Nuit avec éclairage public allumé,Normale,4,A sens unique,1.0,Plat,1.0,0,0,Normale,6.0,Sur chaussée,Blessé léger,Masculin,25.0,Non renseigné,3,9,0.0,2.0,0.0,1.0,200500051226A01,4,1,1.0,Non cohérente,Non cohérentes
174,200500051242,2005-08-23,2005,août,mardi,84:0,33,33063,0.0,0.0,En agglomération,Intersection en X,3.0,Plein jour,Normale,4,Bidirectionnelle,2.0,Plat,1.0,0,97,Normale,0.0,Sur chaussée,Blessé léger,Masculin,79.0,Non renseigné,3,2,0.0,2.0,8.0,1.0,200500051242B01,7,15,1.0,Non cohérente,Non cohérentes
175,200500051255,2005-08-30,2005,août,mardi,10:20,33,33063,0.0,0.0,En agglomération,Intersection en X,3.0,Plein jour,Normale,4,A chaussées séparées,4.0,Plat,1.0,0,56,Normale,0.0,Sur chaussée,Blessé léger,Féminin,48.0,Promenade - loisirs,3,2,0.0,2.0,0.0,1.0,200500051255B01,10,16,1.0,Cohérente,Non cohérentes
176,200500051257,2005-08-31,2005,août,mercredi,21:30,33,33063,0.0,0.0,En agglomération,Hors intersection,3.0,Nuit avec éclairage public allumé,Normale,4,A sens unique,4.0,Plat,3.0,0,0,Normale,0.0,Sur chaussée,Blessé léger,Masculin,52.0,Promenade - loisirs,3,2,0.0,2.0,8.0,1.0,200500051257B01,7,23,1.0,Cohérente,Non cohérentes
177,200500051260,2005-08-31,2005,août,mercredi,12:10,33,33063,0.0,0.0,En agglomération,Intersection en X,3.0,Plein jour,Normale,3,Bidirectionnelle,2.0,Plat,1.0,0,69,Normale,0.0,Sur chaussée,Blessé léger,Féminin,75.0,Non renseigné,3,2,0.0,2.0,1.0,1.0,200500051260A01,7,1,1.0,Cohérente,Non cohérentes
178,200500051401,2005-08-05,2005,août,vendredi,14:50,38,38185,0.0,0.0,En agglomération,Hors intersection,6.0,Plein jour,Normale,4,A sens unique,3.0,Plat,1.0,0,110,Normale,0.0,Sur chaussée,Blessé léger,Masculin,53.0,Promenade - loisirs,3,9,0.0,2.0,8.0,1.0,200500051401B01,7,17,1.0,Cohérente,Non cohérentes
179,200500051407,2005-08-12,2005,août,vendredi,19:00,38,38185,0.0,0.0,En agglomération,Hors intersection,6.0,Plein jour,Normale,4,A sens unique,1.0,Plat,1.0,0,30,Normale,0.0,Sur chaussée,Indemne,Masculin,19.0,Autre,3,9,0.0,1.0,1.0,1.0,200500051407A01,,,,Cohérente,Non cohérentes
180,200500051418,2005-08-31,2005,août,mercredi,16:25,38,38185,0.0,0.0,Hors agglomération,Hors intersection,1.0,Plein jour,Normale,9,Bidirectionnelle,1.0,Plat,2.0,0,40,Normale,0.0,Sur chaussée,Blessé léger,Masculin,57.0,Promenade - loisirs,2,9,0.0,2.0,1.0,1.0,200500051418A01,1,1,1.0,Cohérente,Non cohérentes
181,200500051418,2005-08-31,2005,août,mercredi,16:25,38,38185,0.0,0.0,Hors agglomération,Hors intersection,1.0,Plein jour,Normale,9,Bidirectionnelle,1.0,Plat,2.0,0,40,Normale,0.0,Sur chaussée,Blessé hospitalisé,Masculin,67.0,Promenade - loisirs,1,2,0.0,2.0,1.0,1.0,200500051418B01,1,1,1.0,Cohérente,Non cohérentes
182,200500052218,2005-08-05,2005,août,vendredi,18:10,67,67482,0.0,0.0,En agglomération,Hors intersection,6.0,Plein jour,Normale,9,Bidirectionnelle,1.0,Plat,1.0,0,0,Normale,0.0,Sur piste cyclable,Indemne,Masculin,17.0,Promenade - loisirs,3,2,0.0,2.0,1.0,0.0,200500052218A01,1,0,1.0,Cohérente,Non cohérentes
183,200500052218,2005-08-05,2005,août,vendredi,18:10,67,67482,0.0,0.0,En agglomération,Hors intersection,6.0,Plein jour,Normale,9,Bidirectionnelle,1.0,Plat,1.0,0,0,Normale,0.0,Sur piste cyclable,Blessé léger,Masculin,55.0,Domicile - travail,3,2,0.0,2.0,1.0,0.0,200500052218B01,1,0,1.0,Cohérente,Non cohérentes
184,200500052226,2005-08-10,2005,août,mercredi,15:00,67,67482,0.0,0.0,En agglomération,Intersection en X,6.0,Plein jour,Normale,4,Bidirectionnelle,2.0,Plat,1.0,0,58,Normale,0.0,Sur chaussée,Blessé léger,Féminin,15.0,Promenade - loisirs,2,9,0.0,2.0,8.0,1.0,200500052226B01,7,1,1.0,Cohérente,Non cohérentes
185,200500052229,2005-08-15,2005,août,lundi,17:50,67,67482,0.0,0.0,En agglomération,Intersection en T,6.0,Plein jour,Temps couvert,4,A sens unique,1.0,Plat,3.0,0,41,Normale,5.0,Sur chaussée,Blessé léger,Masculin,14.0,Promenade - loisirs,1,4,0.0,2.0,1.0,5.0,200500052229B01,7,16,1.0,Cohérente,Non cohérentes
186,200500052234,2005-08-24,2005,août,mercredi,17:30,67,67482,0.0,0.0,En agglomération,Intersection en X,3.0,Plein jour,Normale,4,Bidirectionnelle,4.0,Plat,1.0,0,125,Normale,0.0,Sur chaussée,Blessé léger,Féminin,42.0,Promenade - loisirs,3,9,2.0,2.0,1.0,19.0,200500052234B01,7,15,1.0,Cohérente,Non cohérentes
187,200500052235,2005-08-25,2005,août,jeudi,64:5,67,67482,0.0,0.0,En agglomération,Intersection en Y,3.0,Crépuscule ou aube,Normale,4,Bidirectionnelle,2.0,Plat,2.0,0,80,Mouillée,0.0,Sur chaussée,Blessé hospitalisé,Féminin,29.0,Domicile - travail,3,9,0.0,2.0,1.0,1.0,200500052235B01,7,1,1.0,Non cohérente,Non cohérentes
188,200500052237,2005-08-25,2005,août,jeudi,12:35,67,67482,0.0,0.0,En agglomération,Intersection en X,6.0,Plein jour,Pluie forte,4,A sens unique,1.0,Plat,1.0,0,60,Mouillée,6.0,Sur chaussée,Indemne,Féminin,22.0,Domicile - travail,1,4,0.0,1.0,1.0,1.0,200500052237A01,,,,Cohérente,Non cohérentes
189,200500052237,2005-08-25,2005,août,jeudi,12:35,67,67482,0.0,0.0,En agglomération,Intersection en X,6.0,Plein jour,Pluie forte,4,A sens unique,1.0,Plat,1.0,0,60,Mouillée,6.0,Sur chaussée,Blessé léger,Féminin,48.0,Promenade - loisirs,3,0,0.0,1.0,1.0,1.0,200500052237A01,,,,Cohérente,Non cohérentes
190,200500052241,2005-08-29,2005,août,lundi,12:30,67,67482,0.0,0.0,En agglomération,Intersection en T,3.0,Plein jour,Normale,4,Bidirectionnelle,4.0,Plat,1.0,0,112,Normale,5.0,Sur chaussée,Blessé hospitalisé,Masculin,59.0,Promenade - loisirs,1,1,0.0,2.0,7.0,19.0,200500052241B01,7,1,1.0,Cohérente,Non cohérentes
191,200500052367,2005-08-03,2005,août,mercredi,16:55,74,74010,0.0,0.0,En agglomération,Hors intersection,6.0,Plein jour,Normale,4,A sens unique,2.0,Plat,-1.0,0,73,Normale,0.0,Sur chaussée,Indemne,Masculin,28.0,Promenade - loisirs,3,9,0.0,1.0,1.0,1.0,200500052367A01,,,,Cohérente,Non cohérentes
192,200500052368,2005-08-09,2005,août,mardi,15:20,74,74010,0.0,0.0,En agglomération,Intersection en X,3.0,Plein jour,Normale,4,Bidirectionnelle,2.0,Plat,1.0,0,88,Normale,0.0,Sur chaussée,Blessé léger,Masculin,69.0,Utilisation professionnelle,3,9,0.0,2.0,1.0,19.0,200500052368A01,7,1,1.0,Cohérente,Non cohérentes
193,200500052372,2005-08-22,2005,août,lundi,12:20,74,74010,0.0,0.0,En agglomération,Hors intersection,6.0,Plein jour,Pluie légère,4,Bidirectionnelle,2.0,Plat,1.0,0,0,Mouillée,0.0,Sur chaussée,Blessé hospitalisé,Masculin,7.0,Autre,3,9,0.0,2.0,1.0,19.0,200500052372A01,7,1,1.0,Cohérente,Non cohérentes
194,200500052375,2005-08-25,2005,août,jeudi,11:35,74,74010,0.0,0.0,En agglomération,Hors intersection,6.0,Plein jour,Normale,4,Bidirectionnelle,2.0,Plat,3.0,0,0,Normale,0.0,Sur piste cyclable,Indemne,Masculin,23.0,Autre,2,9,0.0,2.0,1.0,5.0,200500052375A01,1,1,1.0,Cohérente,Non cohérentes
195,200500052375,2005-08-25,2005,août,jeudi,11:35,74,74010,0.0,0.0,En agglomération,Hors intersection,6.0,Plein jour,Normale,4,Bidirectionnelle,2.0,Plat,3.0,0,0,Normale,0.0,Sur piste cyclable,Blessé léger,Féminin,62.0,Autre,3,9,0.0,0.0,1.0,1.0,200500052375B01,1,5,1.0,Cohérente,Non cohérentes
196,200500058155,2005-09-05,2005,septembre,lundi,90:0,33,33063,0.0,0.0,En agglomération,Intersection en X,1.0,Plein jour,Normale,4,Bidirectionnelle,4.0,Plat,1.0,0,142,Normale,0.0,Sur chaussée,Blessé léger,Féminin,35.0,Non renseigné,3,2,0.0,2.0,3.0,1.0,200500058155A01,5,1,1.0,Non cohérente,Non cohérentes
197,200500058178,2005-09-13,2005,septembre,mardi,19:00,33,33063,0.0,0.0,En agglomération,Hors intersection,4.0,Plein jour,Normale,4,A sens unique,2.0,Plat,1.0,0,92,Normale,0.0,Sur piste cyclable,Blessé léger,Masculin,16.0,Non renseigné,3,0,1.0,2.0,7.0,1.0,200500058178B01,7/ 18,22/1,2.0,Cohérente,Non cohérentes
198,200500058190,2005-09-16,2005,septembre,vendredi,16:25,33,33063,0.0,0.0,En agglomération,Hors intersection,3.0,Plein jour,Pluie légère,4,Bidirectionnelle,2.0,Plat,2.0,0,78,Mouillée,0.0,Sur chaussée,Blessé hospitalisé,Masculin,43.0,Non renseigné,3,9,0.0,2.0,1.0,1.0,200500058190A01,7,23,1.0,Cohérente,Non cohérentes
199,200500058215,2005-09-21,2005,septembre,mercredi,15:20,33,33063,0.0,0.0,En agglomération,Intersection en T,3.0,Plein jour,Normale,4,Bidirectionnelle,3.0,Plat,1.0,0,114,Normale,0.0,Sur chaussée,Indemne,Masculin,44.0,Promenade - loisirs,3,0,0.0,2.0,8.0,1.0,200500058215B01,7,15,1.0,Cohérente,Non cohérentes
200,200500058215,2005-09-21,2005,septembre,mercredi,15:20,33,33063,0.0,0.0,En agglomération,Intersection en T,3.0,Plein jour,Normale,4,Bidirectionnelle,3.0,Plat,1.0,0,114,Normale,0.0,Sur chaussée,Blessé léger,Masculin,9.0,Non renseigné,3,0,0.0,2.0,8.0,1.0,200500058215B01,7,15,1.0,Cohérente,Non cohérentes
201,200500058226,2005-09-23,2005,septembre,vendredi,84:0,33,33063,0.0,0.0,En agglomération,Intersection en X,1.0,Plein jour,Normale,4,A sens unique,1.0,Plat,1.0,0,50,Normale,0.0,Sur chaussée,Blessé hospitalisé,Féminin,33.0,Domicile - travail,3,9,0.0,2.0,1.0,1.0,200500058226B01,7,15,1.0,Non cohérente,Non cohérentes
202,200500058239,2005-09-27,2005,septembre,mardi,64:0,33,33063,0.0,0.0,En agglomération,Intersection en X,3.0,Nuit avec éclairage public allumé,Normale,4,A sens unique,1.0,Plat,1.0,0,59,Normale,0.0,Sur chaussée,Blessé léger,Masculin,24.0,Domicile - travail,3,9,0.0,2.0,7.0,1.0,200500058239A01,10,1,1.0,Non cohérente,Non cohérentes
203,200500058242,2005-09-27,2005,septembre,mardi,15:35,33,33063,0.0,0.0,En agglomération,Intersection en T,2.0,Plein jour,Normale,4,A chaussées séparées,6.0,Plat,1.0,0,0,Normale,0.0,Sur chaussée,Blessé léger,Masculin,39.0,Non renseigné,3,9,0.0,2.0,4.0,1.0,200500058242B01,18,16,1.0,Cohérente,Non cohérentes
204,200500058253,2005-09-29,2005,septembre,jeudi,85:5,33,33063,0.0,0.0,En agglomération,Hors intersection,6.0,Plein jour,Normale,4,Bidirectionnelle,2.0,Plat,1.0,0,120,Normale,0.0,Sur chaussée,Blessé léger,Féminin,21.0,Non renseigné,3,9,0.0,1.0,1.0,1.0,200500058253A01,,,,Non cohérente,Non cohérentes
205,200500058414,2005-09-03,2005,septembre,samedi,12:35,38,38185,0.0,0.0,En agglomération,Hors intersection,6.0,Plein jour,Normale,4,Bidirectionnelle,6.0,Plat,1.0,0,180,Normale,0.0,Sur chaussée,Blessé léger,Masculin,19.0,Promenade - loisirs,2,2,0.0,2.0,8.0,1.0,200500058414A01,7,1,1.0,Cohérente,Non cohérentes
206,200500058425,2005-09-11,2005,septembre,dimanche,30:0,38,38185,0.0,0.0,En agglomération,Intersection en X,2.0,Nuit avec éclairage public allumé,Pluie légère,4,Bidirectionnelle,3.0,Plat,1.0,0,105,Mouillée,0.0,Sur bande d'arrêt d'urgence,Blessé léger,Masculin,28.0,Promenade - loisirs,3,0,0.0,2.0,1.0,1.0,200500058425B01,7,15,1.0,Non cohérente,Non cohérentes
207,200500058430,2005-09-13,2005,septembre,mardi,21:25,38,38185,0.0,0.0,En agglomération,Intersection en X,4.0,Nuit avec éclairage public allumé,Normale,4,Bidirectionnelle,2.0,Plat,1.0,0,70,Normale,0.0,Sur chaussée,Blessé léger,Masculin,21.0,Promenade - loisirs,3,4,0.0,0.0,1.0,0.0,200500058430A01,7,1,1.0,Cohérente,Non cohérentes
208,200500058430,2005-09-13,2005,septembre,mardi,21:25,38,38185,0.0,0.0,En agglomération,Intersection en X,4.0,Nuit avec éclairage public allumé,Normale,4,Bidirectionnelle,2.0,Plat,1.0,0,70,Normale,0.0,Sur chaussée,Blessé léger,Féminin,20.0,Promenade - loisirs,3,4,0.0,2.0,1.0,1.0,200500058430B01,7,1,1.0,Cohérente,Non cohérentes
209,200500058438,2005-09-15,2005,septembre,jeudi,18:30,38,38185,0.0,0.0,En agglomération,Hors intersection,3.0,Plein jour,Normale,4,A sens unique,2.0,Pente,1.0,0,70,Normale,0.0,Sur chaussée,Blessé léger,Masculin,21.0,Non renseigné,3,4,0.0,2.0,1.0,1.0,200500058438B01,7,15,1.0,Cohérente,Non cohérentes
210,200500058442,2005-09-17,2005,septembre,samedi,10:50,38,38185,0.0,0.0,En agglomération,Intersection en X,3.0,Plein jour,Normale,4,Bidirectionnelle,2.0,Plat,1.0,0,70,Normale,0.0,Sur chaussée,Blessé léger,Féminin,33.0,Non renseigné,3,4,0.0,2.0,1.0,19.0,200500058442B01,7,1,1.0,Cohérente,Non cohérentes
211,200500058453,2005-09-22,2005,septembre,jeudi,17:10,38,38185,0.0,0.0,En agglomération,Hors intersection,6.0,Plein jour,Normale,4,Bidirectionnelle,2.0,Plat,1.0,0,75,Normale,0.0,Sur chaussée,Blessé léger,Masculin,18.0,Autre,3,9,0.0,2.0,1.0,15.0,200500058453A01,7,1,1.0,Cohérente,Non cohérentes
212,200500058456,2005-09-26,2005,septembre,lundi,84:5,38,38185,0.0,0.0,En agglomération,Hors intersection,3.0,Plein jour,Normale,4,Bidirectionnelle,2.0,Plat,1.0,0,88,Normale,0.0,Sur piste cyclable,Blessé léger,Masculin,47.0,Non renseigné,3,4,1.0,2.0,1.0,1.0,200500058456B01,7,22,1.0,Non cohérente,Non cohérentes
213,200500058461,2005-09-27,2005,septembre,mardi,17:00,38,38185,0.0,0.0,En agglomération,Hors intersection,3.0,Plein jour,Normale,4,Bidirectionnelle,2.0,Plat,1.0,0,81,Normale,0.0,Sur chaussée,Blessé léger,Masculin,53.0,Promenade - loisirs,3,4,0.0,0.0,1.0,1.0,200500058461B01,7,22,1.0,Cohérente,Non cohérentes
214,200500058464,2005-09-28,2005,septembre,mercredi,19:25,38,38185,0.0,0.0,En agglomération,Hors intersection,4.0,Plein jour,Normale,4,Bidirectionnelle,2.0,Plat,1.0,0,80,Normale,0.0,Sur chaussée,Blessé léger,Masculin,55.0,Promenade - loisirs,2,4,0.0,2.0,1.0,17.0,200500058464A01,7,1,2.0,Cohérente,Non cohérentes
215,200500059416,2005-09-02,2005,septembre,vendredi,12:00,67,67482,0.0,0.0,En agglomération,Hors intersection,6.0,Plein jour,Normale,4,A sens unique,1.0,Plat,1.0,0,74,Normale,0.0,Sur chaussée,Blessé léger,Masculin,43.0,Utilisation professionnelle,3,4,0.0,2.0,1.0,21.0,200500059416A01,7/ 10,21/24,2.0,Cohérente,Non cohérentes
216,200500059426,2005-09-06,2005,septembre,mardi,19:10,67,67482,0.0,0.0,Hors agglomération,Hors intersection,6.0,Plein jour,Normale,4,Bidirectionnelle,2.0,Plat,1.0,0,80,Normale,0.0,Sur chaussée,Blessé léger,Masculin,48.0,Promenade - loisirs,3,9,0.0,2.0,1.0,1.0,200500059426B01,7,16,1.0,Cohérente,Non cohérentes
217,200500059432,2005-09-08,2005,septembre,jeudi,20:15,67,67482,0.0,0.0,En agglomération,Hors intersection,6.0,Crépuscule ou aube,Normale,4,A sens unique,4.0,Plat,2.0,0,143,Normale,5.0,Sur chaussée,Blessé léger,Masculin,19.0,Promenade - loisirs,3,4,0.0,2.0,0.0,9.0,200500059432B01,7,21,1.0,Cohérente,Non cohérentes
218,200500059433,2005-09-09,2005,septembre,vendredi,18:01,67,67482,0.0,0.0,En agglomération,Intersection en T,3.0,Plein jour,Normale,4,A sens unique,1.0,Plat,1.0,150,65,Normale,5.0,Sur chaussée,Blessé léger,Masculin,20.0,Promenade - loisirs,3,9,0.0,2.0,1.0,5.0,200500059433A01,7,1,1.0,Cohérente,Non cohérentes