,Num_Acc,date,an,mois,jour,hrmn,dep,com,lat,long,agg,int,col,lum,atm,catr,circ,nbv,prof,plan,lartpc,larrout,surf,infra,situ,grav,sexe,age,trajet,secuexist,equipement,obs,obsm,choc,manv,vehiculeid,typevehicules,manoeuvehicules,numVehicules,statut_heure,statut_coord
219,200500059449,2005-09-19,2005,septembre,lundi,75:5,67,67482,0.0,0.0,Hors agglomération,Intersection en T,3.0,Plein jour,Normale,4,A sens unique,1.0,Non renseigné,1.0,0,56,Non renseigné,0.0,Sur chaussée,Blessé léger,Féminin,35.0,Domicile - travail,3,9,0.0,2.0,1.0,1.0,200500059449A01,7,1,1.0,Non cohérente,Non cohérentes
220,200500059458,2005-09-22,2005,septembre,jeudi,16:00,67,67482,0.0,0.0,En agglomération,Hors intersection,6.0,Plein jour,Normale,4,A sens unique,1.0,Plat,1.0,0,16,Normale,0.0,Sur piste cyclable,Indemne,Masculin,17.0,Promenade - loisirs,1,9,0.0,1.0,1.0,5.0,200500059458A01,,,,Cohérente,Non cohérentes
221,200500059467,2005-09-26,2005,septembre,lundi,17:45,67,67482,0.0,0.0,En agglomération,Hors intersection,6.0,Plein jour,Normale,4,A sens unique,2.0,Plat,1.0,0,80,Normale,0.0,Sur chaussée,Blessé léger,Masculin,17.0,Promenade - loisirs,3,9,0.0,2.0,1.0,1.0,200500059467B01,7,24,1.0,Cohérente,Non cohérentes
222,200500059470,2005-09-28,2005,septembre,mercredi,19:45,67,67482,0.0,0.0,En agglomération,Intersection à plus de 4 branches,3.0,Nuit avec éclairage public allumé,Normale,4,Bidirectionnelle,1.0,Plat,1.0,0,74,Normale,0.0,Sur chaussée,Blessé léger,Féminin,41.0,Promenade - loisirs,3,9,0.0,2.0,8.0,1.0,200500059470A01,7,1,1.0,Cohérente,Non cohérentes
223,200500059648,2005-09-22,2005,septembre,jeudi,14:35,74,74010,0.0,0.0,En agglomération,Hors intersection,6.0,Plein jour,Normale,4,Bidirectionnelle,2.0,Non renseigné,-1.0,0,0,Non renseigné,0.0,Sur chaussée,Blessé léger,Féminin,12.0,Domicile - école,3,9,0.0,0.0,8.0,1.0,200500059648B01,7,17,1.0,Cohérente,Non cohérentes
224,200500062166,2005-09-22,2005,septembre,jeudi,83:0,38,38185,0.0,0.0,En agglomération,Hors intersection,6.0,Plein jour,Normale,4,Bidirectionnelle,2.0,Plat,1.0,0,125,Normale,0.0,Sur chaussée,Blessé léger,Féminin,35.0,Promenade - loisirs,3,0,0.0,2.0,4.0,2.0,200500062166B01,14,2,1.0,Non cohérente,Non cohérentes
225,200500066022,2005-10-03,2005,octobre,lundi,23:45,33,33063,0.0,0.0,En agglomération,Hors intersection,2.0,Nuit avec éclairage public allumé,Normale,4,A chaussées séparées,4.0,Plat,-1.0,14,130,Normale,0.0,Sur chaussée,Blessé léger,Féminin,30.0,Promenade - loisirs,3,9,0.0,2.0,4.0,0.0,200500066022B01,7,2,1.0,Cohérente,Non cohérentes
226,200500066027,2005-10-04,2005,octobre,mardi,11:52,33,33063,0.0,0.0,En agglomération,Hors intersection,3.0,Plein jour,Normale,4,A sens unique,2.0,Plat,1.0,0,105,Non renseigné,0.0,Sur chaussée,Blessé hospitalisé,Féminin,24.0,Autre,3,9,0.0,2.0,0.0,1.0,200500066027B01,7,0,1.0,Cohérente,Non cohérentes
227,200500066036,2005-10-08,2005,octobre,samedi,14:20,33,33063,0.0,0.0,En agglomération,Intersection en X,3.0,Plein jour,Normale,4,A sens unique,1.0,Plat,1.0,0,30,Normale,0.0,Sur chaussée,Blessé léger,Féminin,52.0,Promenade - loisirs,3,9,0.0,2.0,5.0,1.0,200500066036B01,2,5,1.0,Cohérente,Non cohérentes
228,200500066037,2005-10-07,2005,octobre,vendredi,16:00,33,33063,0.0,0.0,En agglomération,Intersection en X,6.0,Plein jour,Normale,4,A chaussées séparées,4.0,Plat,1.0,0,0,Normale,0.0,Sur chaussée,Blessé léger,Masculin,18.0,Non renseigné,3,9,0.0,2.0,1.0,16.0,200500066037A01,7,15,1.0,Cohérente,Non cohérentes
229,200500066048,2005-10-10,2005,octobre,lundi,13:40,33,33063,0.0,0.0,En agglomération,Hors intersection,2.0,Plein jour,Normale,4,Bidirectionnelle,2.0,Plat,1.0,0,60,Normale,0.0,Sur chaussée,Indemne,Masculin,72.0,Non renseigné,3,9,0.0,2.0,4.0,2.0,200500066048B01,2,2,1.0,Cohérente,Non cohérentes
230,200500066049,2005-10-10,2005,octobre,lundi,16:50,33,33063,0.0,0.0,En agglomération,Intersection en T,3.0,Plein jour,Normale,4,A sens unique,1.0,Plat,2.0,0,0,Normale,0.0,Sur chaussée,Blessé léger,Féminin,34.0,Utilisation professionnelle,3,9,0.0,2.0,1.0,1.0,200500066049B01,7,16,1.0,Cohérente,Non cohérentes
231,200500066067,2005-10-09,2005,octobre,dimanche,10:00,33,33063,0.0,0.0,En agglomération,Intersection en T,3.0,Plein jour,Brouillard - fumée,4,Bidirectionnelle,2.0,Plat,1.0,0,60,Normale,0.0,Sur chaussée,Blessé léger,Féminin,41.0,Non renseigné,3,9,0.0,2.0,1.0,1.0,200500066067B01,7,16,1.0,Cohérente,Non cohérentes
232,200500066107,2005-10-25,2005,octobre,mardi,31:0,33,33063,0.0,0.0,En agglomération,Intersection à plus de 4 branches,6.0,Nuit avec éclairage public allumé,Normale,4,Bidirectionnelle,2.0,Plat,1.0,0,72,Normale,0.0,Sur chaussée,Blessé hospitalisé,Masculin,26.0,Non renseigné,3,2,0.0,2.0,0.0,0.0,200500066107B01,2,0,1.0,Non cohérente,Non cohérentes
233,200500066109,2005-10-25,2005,octobre,mardi,12:45,33,33063,0.0,0.0,En agglomération,Intersection en X,3.0,Plein jour,Normale,4,A sens unique,1.0,Plat,2.0,0,56,Normale,0.0,Sur chaussée,Blessé léger,Masculin,43.0,Non renseigné,3,2,0.0,2.0,0.0,1.0,200500066109B01,7,16,1.0,Cohérente,Non cohérentes
234,200500066361,2005-10-05,2005,octobre,mercredi,18:50,38,38185,0.0,0.0,En agglomération,Hors intersection,6.0,Crépuscule ou aube,Normale,4,Bidirectionnelle,3.0,Plat,1.0,0,0,Normale,0.0,Sur chaussée,Blessé léger,Masculin,29.0,Autre,2,2,0.0,2.0,1.0,1.0,200500066361B01,7,15,1.0,Cohérente,Non cohérentes
235,200500066362,2005-10-06,2005,octobre,jeudi,75:0,38,38185,0.0,0.0,En agglomération,Intersection en X,3.0,Plein jour,Normale,4,Bidirectionnelle,2.0,Plat,1.0,0,98,Normale,0.0,Sur chaussée,Blessé léger,Masculin,52.0,Non renseigné,3,4,0.0,2.0,3.0,1.0,200500066362B01,7,1,1.0,Non cohérente,Non cohérentes
236,200500066366,2005-10-07,2005,octobre,vendredi,12:40,38,38185,0.0,0.0,En agglomération,Hors intersection,3.0,Plein jour,Normale,4,Bidirectionnelle,4.0,Plat,1.0,0,94,Normale,0.0,Sur chaussée,Blessé léger,Féminin,31.0,Domicile - travail,2,2,0.0,2.0,1.0,2.0,200500066366B01,7,15,1.0,Cohérente,Non cohérentes
237,200500066369,2005-10-09,2005,octobre,dimanche,11:25,38,38185,0.0,0.0,En agglomération,Intersection en X,3.0,Plein jour,Normale,4,Bidirectionnelle,2.0,Plat,1.0,0,70,Normale,0.0,Sur chaussée,Blessé léger,Masculin,21.0,Non renseigné,2,2,0.0,2.0,1.0,1.0,200500066369B01,7,15,1.0,Cohérente,Non cohérentes
238,200500066372,2005-10-13,2005,octobre,jeudi,80:0,38,38185,0.0,0.0,En agglomération,Hors intersection,3.0,Plein jour,Normale,4,Bidirectionnelle,2.0,Plat,-1.0,0,43,Normale,0.0,Sur chaussée,Blessé léger,Masculin,51.0,Non renseigné,2,4,0.0,2.0,1.0,17.0,200500066372B01,7,23,1.0,Non cohérente,Non cohérentes
239,200500067429,2005-10-07,2005,octobre,vendredi,81:5,67,67482,0.0,0.0,En agglomération,Intersection en X,3.0,Plein jour,Temps couvert,4,Bidirectionnelle,4.0,Plat,1.0,0,143,Normale,0.0,Sur chaussée,Blessé léger,Féminin,25.0,Domicile - travail,1,9,0.0,2.0,5.0,19.0,200500067429A01,2,1,1.0,Non cohérente,Non cohérentes
240,200500067435,2005-10-11,2005,octobre,mardi,16:00,67,67482,0.0,0.0,En agglomération,Intersection en X,3.0,Plein jour,Normale,4,A sens unique,1.0,Plat,1.0,0,78,Normale,0.0,Sur chaussée,Blessé léger,Féminin,26.0,Autre,3,9,0.0,2.0,1.0,1.0,200500067435B01,7,15,1.0,Cohérente,Non cohérentes
241,200500067443,2005-10-14,2005,octobre,vendredi,14:55,67,67482,0.0,0.0,En agglomération,Intersection en T,3.0,Plein jour,Normale,4,Avec voies d'affectation variable,4.0,Plat,2.0,0,147,Normale,0.0,Sur chaussée,Blessé léger,Masculin,23.0,Promenade - loisirs,3,9,0.0,2.0,1.0,19.0,200500067443B01,7,16,1.0,Cohérente,Non cohérentes
242,200500067444,2005-10-14,2005,octobre,vendredi,16:20,67,67482,0.0,0.0,En agglomération,Hors intersection,6.0,Plein jour,Normale,4,Bidirectionnelle,3.0,Plat,1.0,0,90,Normale,0.0,Sur chaussée,Blessé léger,Féminin,38.0,Utilisation professionnelle,3,9,0.0,2.0,8.0,11.0,200500067444B01,5,2,1.0,Cohérente,Non cohérentes
243,200500067454,2005-10-18,2005,octobre,mardi,10:55,67,67482,0.0,0.0,En agglomération,Hors intersection,6.0,Plein jour,Normale,4,Bidirectionnelle,2.0,Pente,3.0,0,114,Normale,0.0,Sur trottoir,Blessé léger,Masculin,76.0,Promenade - loisirs,3,9,0.0,2.0,1.0,5.0,200500067454B01,7,9,1.0,Cohérente,Non cohérentes
244,200500067458,2005-10-18,2005,octobre,mardi,17:10,67,67482,0.0,0.0,En agglomération,Intersection en T,3.0,Plein jour,Normale,4,Bidirectionnelle,2.0,Plat,2.0,0,70,Normale,5.0,Sur chaussée,Blessé hospitalisé,Féminin,39.0,Promenade - loisirs,1,4,0.0,2.0,8.0,2.0,200500067458B01,18,17,1.0,Cohérente,Non cohérentes
245,200500067462,2005-10-19,2005,octobre,mercredi,18:00,67,67482,0.0,0.0,En agglomération,Intersection à plus de 4 branches,3.0,Crépuscule ou aube,Normale,4,A sens unique,1.0,Plat,1.0,0,100,Normale,0.0,Sur chaussée,Blessé léger,Féminin,66.0,Autre,3,9,0.0,2.0,2.0,1.0,200500067462A01,7,16,1.0,Cohérente,Non cohérentes
246,200500067464,2005-10-20,2005,octobre,jeudi,17:30,67,67482,0.0,0.0,En agglomération,Hors intersection,6.0,Plein jour,Normale,4,A chaussées séparées,2.0,Plat,1.0,60,80,Normale,0.0,Sur piste cyclable,Blessé léger,Féminin,39.0,Domicile - travail,3,9,1.0,0.0,1.0,1.0,200500067464B01,7,22,1.0,Cohérente,Non cohérentes
247,200500067465,2005-10-20,2005,octobre,jeudi,17:31,67,67482,0.0,0.0,En agglomération,Intersection en X,3.0,Plein jour,Normale,4,A sens unique,2.0,Plat,1.0,0,81,Normale,5.0,Sur piste cyclable,Blessé léger,Féminin,37.0,Promenade - loisirs,3,2,0.0,2.0,1.0,1.0,200500067465A01,2,5,1.0,Cohérente,Non cohérentes
248,200500067465,2005-10-20,2005,octobre,jeudi,17:31,67,67482,0.0,0.0,En agglomération,Intersection en X,3.0,Plein jour,Normale,4,A sens unique,2.0,Plat,1.0,0,81,Normale,5.0,Sur piste cyclable,Blessé léger,Féminin,4.0,Non renseigné,2,2,0.0,2.0,1.0,1.0,200500067465A01,2,5,1.0,Cohérente,Non cohérentes
249,200500067470,2005-10-24,2005,octobre,lundi,14:55,67,67482,0.0,0.0,En agglomération,Hors intersection,3.0,Plein jour,Normale,4,A sens unique,1.0,Plat,1.0,60,35,Normale,0.0,Sur chaussée,Blessé léger,Masculin,28.0,Promenade - loisirs,3,9,0.0,2.0,4.0,19.0,200500067470A01,7,23,1.0,Cohérente,Non cohérentes
250,200500067471,2005-10-25,2005,octobre,mardi,75:5,67,67482,0.0,0.0,En agglomération,Intersection en X,3.0,Crépuscule ou aube,Normale,4,Bidirectionnelle,2.0,Plat,1.0,0,72,Normale,0.0,Sur chaussée,Blessé léger,Féminin,20.0,Domicile - école,3,9,0.0,2.0,1.0,19.0,200500067471B01,7,15,1.0,Non cohérente,Non cohérentes
251,200500067473,2005-10-26,2005,octobre,mercredi,45:,67,67482,0.0,0.0,En agglomération,Hors intersection,3.0,Nuit avec éclairage public allumé,Normale,4,Bidirectionnelle,4.0,Plat,1.0,0,147,Normale,0.0,Sur chaussée,Blessé hospitalisé,Masculin,70.0,Utilisation professionnelle,1,9,0.0,2.0,1.0,1.0,200500067473B01,7,1,1.0,Non cohérente,Non cohérentes
252,200500067477,2005-10-27,2005,octobre,jeudi,16:30,67,67482,0.0,0.0,En agglomération,Hors intersection,3.0,Plein jour,Normale,4,A sens unique,1.0,Plat,3.0,0,27,Normale,0.0,Sur accotement,Blessé léger,Masculin,7.0,Promenade - loisirs,1,2,0.0,2.0,1.0,9.0,200500067477B01,7,14,1.0,Cohérente,Non cohérentes
253,200500067658,2005-10-13,2005,octobre,jeudi,13:10,74,74010,0.0,0.0,En agglomération,Hors intersection,2.0,Plein jour,Normale,4,Bidirectionnelle,2.0,Plat,1.0,0,64,Normale,0.0,Sur chaussée,Blessé léger,Masculin,50.0,Autre,1,2,0.0,2.0,1.0,2.0,200500067658A01,7,2,1.0,Cohérente,Non cohérentes
254,200500067659,2005-10-31,2005,octobre,lundi,11:30,74,74010,0.0,0.0,En agglomération,Intersection en X,6.0,Plein jour,Normale,4,Bidirectionnelle,2.0,Plat,1.0,0,980,Normale,0.0,Sur chaussée,Blessé hospitalisé,Masculin,44.0,Promenade - loisirs,3,9,0.0,0.0,1.0,1.0,200500067659B01,7,15,1.0,Cohérente,Non cohérentes
255,200500073406,2005-11-05,2005,novembre,samedi,15:,33,33063,0.0,0.0,En agglomération,Intersection en X,3.0,Nuit avec éclairage public allumé,Normale,4,A sens unique,1.0,Plat,1.0,0,62,Normale,0.0,Sur chaussée,Blessé léger,Masculin,19.0,Non renseigné,3,2,0.0,2.0,8.0,1.0,200500073406A01,7,1,1.0,Non cohérente,Non cohérentes
256,200500073432,2005-11-12,2005,novembre,samedi,16:40,33,33063,0.0,0.0,En agglomération,Hors intersection,3.0,Plein jour,Pluie légère,4,Bidirectionnelle,2.0,Plat,1.0,0,105,Mouillée,0.0,Sur chaussée,Blessé léger,Féminin,24.0,Non renseigné,3,9,0.0,2.0,1.0,9.0,200500073432A01,7,0,1.0,Cohérente,Non cohérentes
257,200500073444,2005-11-17,2005,novembre,jeudi,91:5,33,33063,0.0,0.0,En agglomération,Intersection en X,3.0,Plein jour,Normale,4,Bidirectionnelle,2.0,Plat,1.0,0,0,Normale,0.0,Sur chaussée,Tué,Féminin,29.0,Non renseigné,2,2,0.0,2.0,0.0,1.0,200500073444B01,17,16,1.0,Non cohérente,Non cohérentes
258,200500073706,2005-11-17,2005,novembre,jeudi,82:0,38,38185,0.0,0.0,En agglomération,Hors intersection,3.0,Plein jour,Normale,4,Bidirectionnelle,2.0,Pente,1.0,0,70,Normale,2.0,Sur trottoir,Blessé hospitalisé,Masculin,20.0,Non renseigné,3,2,6.0,0.0,1.0,21.0,200500073706A01,7,16,1.0,Non cohérente,Non cohérentes
259,200500073707,2005-11-17,2005,novembre,jeudi,12:15,38,38185,0.0,0.0,En agglomération,Hors intersection,3.0,Plein jour,Normale,4,Bidirectionnelle,2.0,Plat,1.0,0,60,Normale,0.0,Sur piste cyclable,Blessé léger,Masculin,24.0,Non renseigné,3,2,0.0,2.0,2.0,1.0,200500073707B01,7,16,1.0,Cohérente,Non cohérentes
260,200500073722,2005-11-30,2005,novembre,mercredi,17:47,38,38185,0.0,0.0,En agglomération,Hors intersection,6.0,Nuit avec éclairage public allumé,Normale,4,Bidirectionnelle,3.0,Plat,1.0,0,103,Normale,0.0,Sur chaussée,Indemne,Masculin,25.0,Domicile - travail,1,2,0.0,1.0,1.0,1.0,200500073722A01,,,,Cohérente,Non cohérentes
261,200500074673,2005-11-04,2005,novembre,vendredi,13:19,67,67482,0.0,0.0,En agglomération,Hors intersection,6.0,Plein jour,Pluie légère,4,Bidirectionnelle,2.0,Plat,1.0,0,85,Mouillée,0.0,Sur chaussée,Blessé hospitalisé,Masculin,80.0,Promenade - loisirs,3,9,0.0,2.0,1.0,19.0,200500074673A01,7,1,1.0,Cohérente,Non cohérentes
262,200500074679,2005-11-10,2005,novembre,jeudi,74:0,67,67482,0.0,0.0,En agglomération,Intersection en X,1.0,Crépuscule ou aube,Normale,4,Bidirectionnelle,3.0,Plat,1.0,0,104,Normale,5.0,Sur chaussée,Blessé léger,Masculin,17.0,Domicile - école,3,9,0.0,2.0,1.0,1.0,200500074679A01,7,15,1.0,Non cohérente,Non cohérentes
263,200500074682,2005-11-12,2005,novembre,samedi,81:0,67,67482,0.0,0.0,En agglomération,Intersection en X,3.0,Crépuscule ou aube,Normale,4,Bidirectionnelle,5.0,Plat,1.0,0,192,Normale,5.0,Sur chaussée,Blessé léger,Masculin,16.0,Domicile - école,1,4,0.0,2.0,7.0,19.0,200500074682B01,7,15,1.0,Non cohérente,Non cohérentes
264,200500074684,2005-11-15,2005,novembre,mardi,18:50,67,67482,0.0,0.0,En agglomération,Intersection en X,3.0,Nuit avec éclairage public allumé,Normale,4,Bidirectionnelle,2.0,Plat,1.0,0,63,Normale,0.0,Sur chaussée,Blessé léger,Masculin,20.0,Domicile - école,3,9,0.0,2.0,8.0,19.0,200500074684B01,7,1,1.0,Cohérente,Non cohérentes
265,200500074686,2005-11-17,2005,novembre,jeudi,10:40,67,67482,0.0,0.0,En agglomération,Intersection en T,3.0,Plein jour,Normale,4,Bidirectionnelle,2.0,Plat,1.0,0,78,Normale,0.0,Sur piste cyclable,Blessé léger,Féminin,49.0,Promenade - loisirs,3,9,0.0,2.0,4.0,5.0,200500074686A01,7,16,1.0,Cohérente,Non cohérentes
266,200500074687,2005-11-17,2005,novembre,jeudi,18:20,67,67482,0.0,0.0,En agglomération,Intersection à plus de 4 branches,2.0,Nuit avec éclairage public allumé,Normale,4,Bidirectionnelle,2.0,Plat,1.0,70,81,Non renseigné,0.0,Sur chaussée,Blessé léger,Masculin,25.0,Promenade - loisirs,3,9,0.0,1.0,1.0,2.0,200500074687B01,7,9,1.0,Cohérente,Non cohérentes
267,200500074693,2005-11-22,2005,novembre,mardi,90:0,67,67482,0.0,0.0,En agglomération,Intersection en T,3.0,Plein jour,Normale,4,A sens unique,2.0,Plat,1.0,0,40,Normale,0.0,Sur chaussée,Blessé léger,Féminin,53.0,Domicile - travail,1,9,0.0,2.0,3.0,1.0,200500074693B01,7,15,1.0,Non cohérente,Non cohérentes
268,200500074694,2005-11-22,2005,novembre,mardi,10:55,67,67482,0.0,0.0,En agglomération,Intersection en X,3.0,Plein jour,Normale,4,Bidirectionnelle,2.0,Plat,1.0,0,59,Normale,0.0,Aucun,Blessé léger,Masculin,59.0,Promenade - loisirs,1,9,0.0,2.0,5.0,1.0,200500074694B01,7,1,1.0,Cohérente,Non cohérentes
269,200500074699,2005-11-25,2005,novembre,vendredi,82:8,67,67482,0.0,0.0,En agglomération,Intersection en X,6.0,Plein jour,Temps couvert,4,Bidirectionnelle,2.0,Plat,1.0,0,0,Mouillée,0.0,Sur chaussée,Blessé léger,Féminin,24.0,Non renseigné,3,9,0.0,2.0,7.0,0.0,200500074699B01,7,0,1.0,Non cohérente,Non cohérentes
270,200500074702,2005-11-26,2005,novembre,samedi,14:10,67,67482,0.0,0.0,En agglomération,Intersection en X,3.0,Plein jour,Normale,4,Bidirectionnelle,3.0,Plat,1.0,0,100,Normale,0.0,Sur chaussée,Blessé léger,Masculin,29.0,Promenade - loisirs,3,9,0.0,2.0,1.0,19.0,200500074702B01,7,16,1.0,Cohérente,Non cohérentes
271,200500074706,2005-11-28,2005,novembre,lundi,83:0,67,67482,0.0,0.0,En agglomération,Intersection en X,3.0,Plein jour,Pluie légère,4,A sens unique,2.0,Plat,1.0,0,61,Mouillée,0.0,Aucun,Blessé léger,Féminin,25.0,Domicile - travail,1,9,0.0,2.0,1.0,1.0,200500074706B01,7,1,1.0,Non cohérente,Non cohérentes
272,200500080856,2005-12-07,2005,décembre,mercredi,18:15,33,33063,0.0,0.0,En agglomération,Hors intersection,3.0,Nuit avec éclairage public allumé,Normale,4,A chaussées séparées,4.0,Plat,1.0,0,69,Mouillée,0.0,Sur chaussée,Blessé léger,Féminin,18.0,Domicile - école,3,2,0.0,2.0,1.0,2.0,200500080856A01,7,16,1.0,Cohérente,Non cohérentes
273,200500080858,2005-12-08,2005,décembre,jeudi,73:0,33,33063,0.0,0.0,En agglomération,Hors intersection,3.0,Crépuscule ou aube,Pluie légère,4,A chaussées séparées,4.0,Plat,1.0,0,0,Mouillée,4.0,Sur piste cyclable,Blessé léger,Masculin,39.0,Non renseigné,1,9,0.0,2.0,1.0,5.0,200500080858A01,10,16,1.0,Non cohérente,Non cohérentes
274,200500080861,2005-12-08,2005,décembre,jeudi,17:00,33,33063,0.0,0.0,En agglomération,Intersection en T,6.0,Crépuscule ou aube,Normale,4,A sens unique,1.0,Plat,1.0,0,60,Mouillée,0.0,Sur chaussée,Indemne,Masculin,32.0,Promenade - loisirs,3,2,0.0,1.0,1.0,1.0,200500080861A01,,,,Cohérente,Non cohérentes
275,200500080869,2005-12-09,2005,décembre,vendredi,90:0,33,33063,0.0,0.0,En agglomération,Intersection en X,3.0,Plein jour,Normale,4,A sens unique,1.0,Plat,1.0,0,60,Normale,0.0,Sur chaussée,Blessé léger,Masculin,54.0,Domicile - travail,3,2,0.0,2.0,1.0,1.0,200500080869B01,7,19,1.0,Non cohérente,Non cohérentes
276,200500080887,2005-12-15,2005,décembre,jeudi,16:45,33,33063,0.0,0.0,En agglomération,Intersection en T,3.0,Plein jour,Normale,4,Bidirectionnelle,2.0,Plat,1.0,0,138,Normale,0.0,Sur chaussée,Blessé léger,Masculin,33.0,Domicile - travail,3,2,0.0,2.0,2.0,1.0,200500080887B01,7,16,1.0,Cohérente,Non cohérentes
277,200500080901,2005-12-20,2005,décembre,mardi,63:5,33,33063,0.0,0.0,En agglomération,Hors intersection,2.0,Nuit avec éclairage public allumé,Normale,4,A sens unique,1.0,Plat,1.0,0,0,Normale,0.0,Sur chaussée,Blessé léger,Féminin,24.0,Non renseigné,3,9,0.0,2.0,0.0,1.0,200500080901A01,18,2,1.0,Non cohérente,Non cohérentes
278,200500080919,2005-12-22,2005,décembre,jeudi,19:50,33,33063,0.0,0.0,En agglomération,Hors intersection,3.0,Nuit avec éclairage public allumé,Normale,4,Bidirectionnelle,3.0,Plat,1.0,0,95,Normale,0.0,Sur chaussée,Blessé léger,Féminin,24.0,Non renseigné,3,9,0.0,2.0,1.0,1.0,200500080919B01,7,15,1.0,Cohérente,Non cohérentes
279,200500080921,2005-12-23,2005,décembre,vendredi,17:25,33,33063,0.0,0.0,En agglomération,Intersection en X,3.0,Plein jour,Normale,4,A sens unique,4.0,Plat,1.0,0,124,Normale,0.0,Sur chaussée,Blessé léger,Féminin,21.0,Promenade - loisirs,3,9,0.0,2.0,1.0,1.0,200500080921A01,5,1,1.0,Cohérente,Non cohérentes
280,200500082067,2005-12-01,2005,décembre,jeudi,14:30,67,67482,0.0,0.0,En agglomération,Intersection en T,6.0,Plein jour,Normale,4,Bidirectionnelle,2.0,Plat,1.0,179,273,Normale,0.0,Sur chaussée,Blessé léger,Féminin,22.0,Domicile - école,3,4,0.0,4.0,3.0,6.0,200500082067A01,19,1,1.0,Cohérente,Non cohérentes
281,200500082069,2005-12-02,2005,décembre,vendredi,19:35,67,67482,0.0,0.0,En agglomération,Hors intersection,3.0,Nuit avec éclairage public allumé,Pluie légère,4,Bidirectionnelle,3.0,Plat,1.0,0,105,Mouillée,0.0,Sur chaussée,Blessé léger,Masculin,33.0,Domicile - travail,2,9,0.0,2.0,8.0,1.0,200500082069B01,7,16,1.0,Cohérente,Non cohérentes
282,200500082075,2005-12-06,2005,décembre,mardi,85:0,67,67482,0.0,0.0,En agglomération,Hors intersection,6.0,Plein jour,Normale,4,Bidirectionnelle,2.0,Plat,1.0,80,200,Normale,0.0,Sur piste cyclable,Indemne,Masculin,19.0,Domicile - travail,3,9,0.0,1.0,1.0,1.0,200500082075A01,,,,Non cohérente,Non cohérentes
283,200500082077,2005-12-07,2005,décembre,mercredi,17:30,67,67482,0.0,0.0,En agglomération,Intersection en T,3.0,Nuit avec éclairage public allumé,Pluie légère,4,Bidirectionnelle,2.0,Plat,1.0,0,125,Mouillée,0.0,Sur chaussée,Blessé léger,Masculin,20.0,Domicile - école,3,9,0.0,2.0,1.0,1.0,200500082077B01,7,15,1.0,Cohérente,Non cohérentes
284,200500082089,2005-12-14,2005,décembre,mercredi,18:55,67,67482,0.0,0.0,En agglomération,Intersection en X,3.0,Nuit avec éclairage public allumé,Pluie légère,4,Bidirectionnelle,2.0,Plat,1.0,0,100,Mouillée,0.0,Sur chaussée,Blessé léger,Féminin,23.0,Domicile - école,2,9,0.0,2.0,1.0,1.0,200500082089B01,7,15,1.0,Cohérente,Non cohérentes
285,200500082090,2005-12-14,2005,décembre,mercredi,22:45,67,67482,0.0,0.0,En agglomération,Intersection en T,1.0,Nuit avec éclairage public allumé,Normale,4,Bidirectionnelle,2.0,Plat,1.0,0,74,Mouillée,0.0,Sur chaussée,Blessé léger,Masculin,20.0,Promenade - loisirs,3,9,0.0,2.0,1.0,5.0,200500082090A01,7,16,1.0,Cohérente,Non cohérentes
286,200500082092,2005-12-15,2005,décembre,jeudi,17:50,67,67482,0.0,0.0,En agglomération,Hors intersection,3.0,Nuit avec éclairage public allumé,Normale,4,Bidirectionnelle,2.0,Plat,1.0,0,59,Normale,0.0,Sur piste cyclable,Blessé léger,Masculin,23.0,Promenade - loisirs,1,4,1.0,0.0,1.0,1.0,200500082092B01,7,24,1.0,Cohérente,Non cohérentes
287,200500082101,2005-12-19,2005,décembre,lundi,17:00,67,67482,0.0,0.0,En agglomération,Intersection en T,3.0,Nuit sans éclairage public,Neige - grêle,4,Bidirectionnelle,2.0,Plat,1.0,0,55,Enneigée,5.0,Sur chaussée,Blessé léger,Féminin,29.0,Domicile - travail,1,4,0.0,2.0,7.0,1.0,200500082101B01,7,15,1.0,Cohérente,Non cohérentes
288,200500082104,2005-12-20,2005,décembre,mardi,14:30,67,67482,0.0,0.0,En agglomération,Intersection en X,3.0,Plein jour,Normale,4,Bidirectionnelle,2.0,Plat,3.0,0,70,Normale,0.0,Sur chaussée,Blessé léger,Masculin,74.0,Promenade - loisirs,3,9,0.0,2.0,2.0,15.0,200500082104A01,7,16,1.0,Cohérente,Non cohérentes
289,200500082227,2005-12-06,2005,décembre,mardi,16:55,74,74010,0.0,0.0,En agglomération,Intersection en X,3.0,Crépuscule ou aube,Normale,4,Bidirectionnelle,2.0,Plat,1.0,0,80,Normale,0.0,Sur chaussée,Blessé léger,Masculin,35.0,Domicile - travail,3,9,0.0,0.0,1.0,1.0,200500082227B01,7,1,1.0,Cohérente,Non cohérentes