,Num_Acc,date,an,mois,jour,hrmn,dep,com,lat,long,agg,int,col,lum,atm,catr,circ,nbv,prof,plan,lartpc,larrout,surf,infra,situ,grav,sexe,age,trajet,secuexist,equipement,obs,obsm,choc,manv,vehiculeid,typevehicules,manoeuvehicules,numVehicules,statut_heure,statut_coord
290,200600000988,2006-01-06,2006,janvier,vendredi,16:40,33,33063,0.0,0.0,En agglomération,Intersection à plus de 4 branches,3.0,Plein jour,Temps couvert,4,A sens unique,3.0,Plat,2.0,0,0,Normale,0.0,Sur chaussée,Blessé léger,Masculin,59.0,Non renseigné,3,9,0.0,2.0,8.0,11.0,200600000988B01,7,1,1.0,Cohérente,Non cohérentes
291,200600000997,2006-01-09,2006,janvier,lundi,90:0,33,33063,0.0,0.0,En agglomération,Intersection en T,3.0,Plein jour,Pluie légère,4,A sens unique,2.0,Plat,1.0,0,80,Mouillée,0.0,Sur chaussée,Blessé hospitalisé,Féminin,36.0,Domicile - travail,3,9,0.0,2.0,1.0,5.0,200600000997A01,7,1,1.0,Non cohérente,Non cohérentes
292,200600001025,2006-01-17,2006,janvier,mardi,17:05,33,33063,0.0,0.0,En agglomération,Hors intersection,2.0,Plein jour,Pluie légère,4,A sens unique,1.0,Plat,1.0,0,115,Mouillée,0.0,Sur piste cyclable,Blessé léger,Masculin,16.0,Domicile - travail,3,9,1.0,0.0,1.0,1.0,200600001025A01,7,24,1.0,Cohérente,Non cohérentes
293,200600001032,2006-01-20,2006,janvier,vendredi,17:00,33,33063,0.0,0.0,En agglomération,Hors intersection,3.0,Plein jour,Temps couvert,4,A sens unique,1.0,Plat,1.0,0,61,Normale,0.0,Sur chaussée,Blessé léger,Féminin,52.0,Non renseigné,3,9,1.0,0.0,1.0,1.0,200600001032B01,7,22,1.0,Cohérente,Non cohérentes
294,200600001046,2006-01-23,2006,janvier,lundi,74:0,33,33063,0.0,0.0,En agglomération,Place,3.0,Plein jour,Normale,4,Bidirectionnelle,2.0,Plat,1.0,0,0,Normale,0.0,Sur chaussée,Blessé léger,Féminin,23.0,Domicile - travail,3,4,0.0,2.0,8.0,15.0,200600001046A01,7,1,1.0,Non cohérente,Non cohérentes
295,200600001228,2006-01-06,2006,janvier,vendredi,10:25,38,38185,0.0,0.0,En agglomération,Hors intersection,3.0,Plein jour,Normale,4,Bidirectionnelle,2.0,Plat,3.0,0,70,Normale,0.0,Sur chaussée,Blessé hospitalisé,Masculin,43.0,Domicile - travail,3,2,0.0,2.0,8.0,1.0,200600001228A01,18,1,1.0,Cohérente,Non cohérentes
296,200600001232,2006-01-09,2006,janvier,lundi,75:5,38,38185,0.0,0.0,En agglomération,Hors intersection,6.0,Plein jour,Normale,4,Bidirectionnelle,4.0,Plat,1.0,0,86,Normale,0.0,Sur piste cyclable,Indemne,Masculin,23.0,Non renseigné,3,4,0.0,1.0,1.0,1.0,200600001232A01,,,,Non cohérente,Non cohérentes
297,200600001252,2006-01-27,2006,janvier,vendredi,17:50,38,38185,0.0,0.0,En agglomération,Hors intersection,2.0,Nuit avec éclairage public allumé,Neige - grêle,4,Bidirectionnelle,2.0,Plat,1.0,0,60,Mouillée,0.0,Sur chaussée,Blessé léger,Masculin,21.0,Utilisation professionnelle,2,2,0.0,2.0,1.0,1.0,200600001252B01,7,23,1.0,Cohérente,Non cohérentes
298,200600002059,2006-01-03,2006,janvier,mardi,12:15,67,67482,0.0,0.0,En agglomération,Intersection en X,3.0,Plein jour,Normale,4,Bidirectionnelle,2.0,Plat,1.0,20,126,Normale,0.0,Sur chaussée,Blessé léger,Masculin,58.0,Domicile - travail,3,9,0.0,2.0,7.0,1.0,200600002059A01,7,16,1.0,Cohérente,Non cohérentes
299,200600002061,2006-01-04,2006,janvier,mercredi,17:15,67,67482,0.0,0.0,En agglomération,Intersection en X,3.0,Nuit avec éclairage public allumé,Normale,4,Bidirectionnelle,2.0,Plat,1.0,0,70,Normale,0.0,Sur piste cyclable,Blessé léger,Masculin,40.0,Domicile - travail,1,2,0.0,2.0,1.0,5.0,200600002061A01,7,16,1.0,Cohérente,Non cohérentes
300,200600002062,2006-01-04,2006,janvier,mercredi,22:05,67,67482,0.0,0.0,En agglomération,Hors intersection,3.0,Nuit avec éclairage public allumé,Normale,4,A sens unique,1.0,Plat,1.0,66,28,Normale,0.0,Sur piste cyclable,Blessé léger,Masculin,39.0,Promenade - loisirs,1,4,1.0,0.0,1.0,1.0,200600002062B01,7,22,1.0,Cohérente,Non cohérentes
301,200600002063,2006-01-05,2006,janvier,jeudi,80:0,67,67482,0.0,0.0,En agglomération,Intersection en X,3.0,Crépuscule ou aube,Normale,4,A chaussées séparées,6.0,Plat,1.0,50,233,Mouillée,0.0,Sur chaussée,Blessé hospitalisé,Féminin,33.0,Autre,3,9,0.0,2.0,0.0,1.0,200600002063A01,7,0,1.0,Non cohérente,Non cohérentes
302,200600002064,2006-01-05,2006,janvier,jeudi,81:5,67,67482,0.0,0.0,En agglomération,Intersection en T,2.0,Plein jour,Normale,4,Bidirectionnelle,3.0,Plat,1.0,0,75,Mouillée,0.0,Sur chaussée,Blessé léger,Masculin,46.0,Domicile - travail,3,2,0.0,2.0,4.0,1.0,200600002064B01,7,1,1.0,Non cohérente,Non cohérentes
303,200600002075,2006-01-15,2006,janvier,dimanche,21:25,67,67482,0.0,0.0,En agglomération,Intersection en X,3.0,Nuit avec éclairage public allumé,Normale,4,Bidirectionnelle,5.0,Plat,1.0,0,150,Normale,0.0,Sur chaussée,Blessé léger,Féminin,18.0,Promenade - loisirs,3,9,0.0,2.0,7.0,19.0,200600002075B01,7,1,1.0,Cohérente,Non cohérentes
304,200600002076,2006-01-17,2006,janvier,mardi,82:0,67,67482,0.0,0.0,En agglomération,Intersection en X,6.0,Crépuscule ou aube,Temps couvert,4,A sens unique,0.0,Plat,1.0,0,33,Mouillée,0.0,Sur chaussée,Blessé léger,Masculin,20.0,Domicile - travail,3,9,0.0,2.0,1.0,1.0,200600002076B01,7,15,1.0,Non cohérente,Non cohérentes
305,200600002081,2006-01-20,2006,janvier,vendredi,16:15,67,67482,0.0,0.0,En agglomération,Intersection en X,3.0,Crépuscule ou aube,Normale,4,Bidirectionnelle,2.0,Plat,1.0,0,86,Normale,5.0,Sur chaussée,Blessé hospitalisé,Féminin,54.0,Promenade - loisirs,3,9,0.0,2.0,8.0,15.0,200600002081B01,7,1,1.0,Cohérente,Non cohérentes
306,200600002085,2006-01-23,2006,janvier,lundi,19:20,67,67482,0.0,0.0,En agglomération,Hors intersection,3.0,Nuit avec éclairage public allumé,Normale,4,Bidirectionnelle,2.0,Plat,1.0,0,60,Normale,0.0,Sur chaussée,Blessé léger,Masculin,11.0,Promenade - loisirs,3,9,0.0,2.0,7.0,19.0,200600002085A01,7,1,1.0,Cohérente,Non cohérentes
307,200600002087,2006-01-24,2006,janvier,mardi,11:54,67,67482,0.0,0.0,En agglomération,Intersection en T,6.0,Plein jour,Normale,4,Bidirectionnelle,3.0,Pente,1.0,0,120,Normale,2.0,Sur piste cyclable,Blessé léger,Masculin,22.0,Promenade - loisirs,3,9,2.0,2.0,5.0,1.0,200600002087B01,7,12,1.0,Cohérente,Non cohérentes
308,200600002090,2006-01-28,2006,janvier,samedi,11:30,67,67482,0.0,0.0,En agglomération,Intersection en T,3.0,Plein jour,Normale,4,A sens unique,3.0,Plat,1.0,0,142,Normale,1.0,Sur chaussée,Blessé léger,Masculin,51.0,Promenade - loisirs,3,9,0.0,2.0,1.0,1.0,200600002090B01,10,15,1.0,Cohérente,Non cohérentes
309,200600002213,2006-01-09,2006,janvier,lundi,75:5,74,74010,0.0,0.0,En agglomération,Intersection en T,6.0,Crépuscule ou aube,Normale,4,Bidirectionnelle,2.0,Plat,1.0,0,0,Normale,0.0,Sur chaussée,Blessé léger,Féminin,43.0,Autre,3,9,0.0,0.0,1.0,1.0,200600002213B01,7,15,1.0,Non cohérente,Non cohérentes
310,200600008241,2006-02-03,2006,février,vendredi,15:50,33,33063,0.0,0.0,En agglomération,Hors intersection,2.0,Plein jour,Normale,4,Bidirectionnelle,2.0,Plat,1.0,0,66,Normale,0.0,Sur chaussée,Blessé hospitalisé,Masculin,56.0,Non renseigné,3,9,0.0,2.0,5.0,2.0,200600008241B01,5,1,1.0,Cohérente,Non cohérentes
311,200600008253,2006-02-08,2006,février,mercredi,84:0,33,33063,0.0,0.0,En agglomération,Hors intersection,3.0,Plein jour,Normale,4,A sens unique,1.0,Plat,1.0,0,59,Normale,0.0,Sur chaussée,Blessé léger,Masculin,40.0,Domicile - travail,3,9,0.0,2.0,2.0,1.0,200600008253B01,7,22,1.0,Non cohérente,Non cohérentes
312,200600008267,2006-02-13,2006,février,lundi,17:50,33,33063,0.0,0.0,En agglomération,Intersection en X,3.0,Plein jour,Normale,4,A sens unique,1.0,Plat,1.0,0,40,Normale,0.0,Sur chaussée,Blessé hospitalisé,Masculin,20.0,Non renseigné,3,9,0.0,2.0,1.0,1.0,200600008267B01,7,1,1.0,Cohérente,Non cohérentes
313,200600008280,2006-02-16,2006,février,jeudi,12:20,33,33063,0.0,0.0,En agglomération,Hors intersection,2.0,Plein jour,Normale,4,A chaussées séparées,4.0,Plat,1.0,12,180,Normale,0.0,Sur chaussée,Blessé léger,Féminin,50.0,Non renseigné,3,9,0.0,2.0,1.0,2.0,200600008280B01,7,20,1.0,Cohérente,Non cohérentes
314,200600008288,2006-02-21,2006,février,mardi,93:0,33,33063,0.0,0.0,En agglomération,Intersection en X,3.0,Plein jour,Pluie légère,4,A sens unique,1.0,Plat,1.0,0,0,Mouillée,0.0,Sur chaussée,Blessé léger,Féminin,52.0,Utilisation professionnelle,3,9,0.0,2.0,1.0,1.0,200600008288B01,7,1,1.0,Non cohérente,Non cohérentes
315,200600008305,2006-02-25,2006,février,samedi,84:5,33,33063,0.0,0.0,En agglomération,Intersection en X,3.0,Plein jour,Normale,4,Bidirectionnelle,3.0,Plat,1.0,0,88,Normale,0.0,Sur chaussée,Blessé léger,Masculin,22.0,Domicile - travail,3,0,0.0,2.0,1.0,1.0,200600008305A01,7,15,1.0,Non cohérente,Non cohérentes
316,200600008457,2006-02-03,2006,février,vendredi,19:10,38,38185,0.0,0.0,En agglomération,Intersection en T,3.0,Crépuscule ou aube,Normale,4,Bidirectionnelle,3.0,Plat,-1.0,0,101,Normale,0.0,Sur piste cyclable,Blessé léger,Masculin,31.0,Promenade - loisirs,2,2,0.0,2.0,8.0,1.0,200600008457B01,7,19,1.0,Cohérente,Non cohérentes
317,200600008461,2006-02-09,2006,février,jeudi,90:0,38,38185,0.0,0.0,En agglomération,Hors intersection,3.0,Plein jour,Normale,4,Bidirectionnelle,2.0,Plat,1.0,0,82,Mouillée,0.0,Sur trottoir,Blessé léger,Masculin,32.0,Domicile - travail,2,2,0.0,2.0,1.0,1.0,200600008461A01,7,16,1.0,Non cohérente,Non cohérentes
318,200600008466,2006-02-15,2006,février,mercredi,12:10,38,38185,0.0,0.0,En agglomération,Hors intersection,3.0,Plein jour,Normale,4,Bidirectionnelle,3.0,Plat,1.0,0,100,Normale,0.0,Sur chaussée,Blessé léger,Masculin,36.0,Non renseigné,1,2,0.0,2.0,1.0,1.0,200600008466B01,7,22,1.0,Cohérente,Non cohérentes
319,200600008472,2006-02-23,2006,février,jeudi,65:0,38,38185,0.0,0.0,En agglomération,Hors intersection,2.0,Nuit avec éclairage public allumé,Normale,4,A sens unique,1.0,Pente,1.0,0,58,Normale,0.0,Sur chaussée,Blessé léger,Masculin,24.0,Non renseigné,2,2,0.0,2.0,4.0,13.0,200600008472A01,7,1,1.0,Non cohérente,Non cohérentes
320,200600009091,2006-02-14,2006,février,mardi,20:10,67,67482,0.0,0.0,En agglomération,Intersection en X,3.0,Nuit avec éclairage public allumé,Normale,4,Bidirectionnelle,3.0,Plat,1.0,0,110,Normale,0.0,Aucun,Blessé léger,Masculin,23.0,Autre,3,9,0.0,2.0,1.0,1.0,200600009091A01,7,1,1.0,Cohérente,Non cohérentes
321,200600009097,2006-02-20,2006,février,lundi,19:30,67,67482,0.0,0.0,En agglomération,Intersection en T,3.0,Nuit avec éclairage public allumé,Normale,4,Bidirectionnelle,2.0,Plat,1.0,35,130,Normale,0.0,Sur chaussée,Blessé léger,Masculin,23.0,Non renseigné,3,9,0.0,2.0,7.0,1.0,200600009097B01,7,1,1.0,Cohérente,Non cohérentes
322,200600009099,2006-02-21,2006,février,mardi,13:40,67,67482,0.0,0.0,En agglomération,Intersection en X,2.0,Plein jour,Normale,4,A chaussées séparées,3.0,Plat,3.0,0,66,Normale,0.0,Sur chaussée,Indemne,Masculin,30.0,Promenade - loisirs,1,4,0.0,2.0,4.0,9.0,200600009099B01,5,1,1.0,Cohérente,Non cohérentes
323,200600012171,2006-03-02,2006,mars,jeudi,90:0,33,33063,0.0,0.0,En agglomération,Intersection en X,3.0,Plein jour,Normale,4,A sens unique,2.0,Plat,1.0,0,75,Normale,0.0,Sur chaussée,Blessé léger,Féminin,30.0,Domicile - travail,3,9,0.0,2.0,1.0,5.0,200600012171A01,7,1,1.0,Non cohérente,Non cohérentes
324,200600012176,2006-03-04,2006,mars,samedi,15:,33,33063,0.0,0.0,En agglomération,Intersection en X,3.0,Nuit avec éclairage public allumé,Pluie légère,4,A sens unique,2.0,Plat,4.0,0,60,Mouillée,0.0,Sur chaussée,Blessé hospitalisé,Masculin,34.0,Non renseigné,3,9,0.0,2.0,2.0,15.0,200600012176B01,7,1,1.0,Non cohérente,Non cohérentes
325,200600012178,2006-03-05,2006,mars,dimanche,11:15,33,33063,0.0,0.0,En agglomération,Intersection en T,3.0,Plein jour,Normale,4,A sens unique,10.0,Plat,1.0,0,30,Normale,0.0,Sur chaussée,Blessé hospitalisé,Masculin,26.0,Non renseigné,3,9,0.0,2.0,1.0,1.0,200600012178A01,7,15,1.0,Cohérente,Non cohérentes
326,200600012187,2006-03-07,2006,mars,mardi,12:05,33,33063,0.0,0.0,Hors agglomération,Hors intersection,3.0,Plein jour,Pluie légère,4,A sens unique,1.0,Plat,1.0,0,71,Mouillée,0.0,Sur chaussée,Blessé léger,Masculin,57.0,Non renseigné,3,9,0.0,2.0,8.0,15.0,200600012187B01,10,15,1.0,Cohérente,Non cohérentes
327,200600012188,2006-03-07,2006,mars,mardi,19:15,33,33063,0.0,0.0,En agglomération,Intersection en X,3.0,Nuit avec éclairage public allumé,Pluie légère,4,Bidirectionnelle,2.0,Plat,1.0,0,80,Mouillée,0.0,Sur chaussée,Blessé léger,Féminin,19.0,Domicile - école,3,9,0.0,2.0,1.0,1.0,200600012188B01,7,15,1.0,Cohérente,Non cohérentes
328,200600012207,2006-03-10,2006,mars,vendredi,13:20,33,33063,0.0,0.0,En agglomération,Hors intersection,3.0,Plein jour,Pluie forte,4,A sens unique,2.0,Plat,1.0,30,123,Mouillée,0.0,Sur chaussée,Blessé hospitalisé,Féminin,19.0,Non renseigné,3,9,1.0,0.0,1.0,1.0,200600012207B01,10,24,1.0,Cohérente,Non cohérentes
329,200600012222,2006-03-14,2006,mars,mardi,19:36,33,33063,0.0,0.0,En agglomération,Intersection en X,3.0,Nuit avec éclairage public allumé,Normale,4,A sens unique,1.0,Plat,1.0,0,0,Normale,0.0,Sur chaussée,Blessé léger,Féminin,28.0,Non renseigné,3,9,0.0,2.0,6.0,1.0,200600012222A01,10,1,1.0,Cohérente,Non cohérentes
330,200600012228,2006-03-16,2006,mars,jeudi,16:20,33,33063,0.0,0.0,En agglomération,Giratoire,3.0,Plein jour,Normale,4,A sens unique,2.0,Plat,2.0,0,0,Normale,0.0,Sur chaussée,Blessé léger,Masculin,18.0,Non renseigné,3,9,0.0,2.0,1.0,1.0,200600012228B01,7,1,1.0,Cohérente,Non cohérentes
331,200600012242,2006-03-22,2006,mars,mercredi,12:05,33,33063,0.0,0.0,En agglomération,Hors intersection,6.0,Plein jour,Normale,4,Bidirectionnelle,2.0,Plat,1.0,0,0,Normale,0.0,Sur chaussée,Blessé léger,Masculin,19.0,Non renseigné,3,9,1.0,0.0,1.0,1.0,200600012242A01,,,,Cohérente,Non cohérentes
332,200600012250,2006-03-22,2006,mars,mercredi,10:55,33,33063,0.0,0.0,En agglomération,Hors intersection,3.0,Plein jour,Normale,4,Bidirectionnelle,2.0,Plat,1.0,0,0,Normale,0.0,Sur chaussée,Blessé léger,Masculin,30.0,Non renseigné,2,2,1.0,0.0,9.0,1.0,200600012250B01,7,22,1.0,Cohérente,Non cohérentes
333,200600012432,2006-03-27,2006,mars,lundi,17:10,38,38185,0.0,0.0,En agglomération,Hors intersection,3.0,Plein jour,Normale,4,A sens unique,2.0,Plat,1.0,0,130,Normale,0.0,Sur chaussée,Blessé léger,Masculin,20.0,Non renseigné,3,9,0.0,2.0,8.0,1.0,200600012432B01,7,15,1.0,Cohérente,Non cohérentes
334,200600013159,2006-03-15,2006,mars,mercredi,10:20,67,67482,0.0,0.0,En agglomération,Intersection en T,1.0,Plein jour,Normale,4,Bidirectionnelle,3.0,Plat,1.0,0,126,Normale,5.0,Sur chaussée,Blessé hospitalisé,Masculin,25.0,Domicile - école,1,4,0.0,2.0,1.0,19.0,200600013159B01,7,16,1.0,Cohérente,Non cohérentes
335,200600013164,2006-03-17,2006,mars,vendredi,23:40,67,67482,0.0,0.0,En agglomération,Intersection en T,3.0,Nuit avec éclairage public allumé,Normale,4,Bidirectionnelle,2.0,Plat,1.0,0,60,Normale,0.0,Sur chaussée,Blessé léger,Masculin,33.0,Promenade - loisirs,3,9,0.0,2.0,3.0,19.0,200600013164B01,7,15,1.0,Cohérente,Non cohérentes
336,200600013175,2006-03-27,2006,mars,lundi,17:00,67,67482,0.0,0.0,En agglomération,Intersection en T,6.0,Plein jour,Temps couvert,4,A sens unique,1.0,Plat,1.0,0,58,Normale,0.0,Sur chaussée,Indemne,Masculin,30.0,Promenade - loisirs,3,9,0.0,1.0,1.0,1.0,200600013175A01,,,,Cohérente,Non cohérentes
337,200600013179,2006-03-30,2006,mars,jeudi,16:05,67,67482,0.0,0.0,En agglomération,Intersection en X,3.0,Plein jour,Normale,4,Bidirectionnelle,3.0,Plat,1.0,0,97,Normale,0.0,Sur chaussée,Blessé léger,Masculin,34.0,Domicile - travail,2,9,0.0,2.0,1.0,19.0,200600013179A01,7,15,1.0,Cohérente,Non cohérentes
338,200600019986,2006-04-03,2006,avril,lundi,81:0,33,33063,0.0,0.0,En agglomération,Hors intersection,5.0,Plein jour,Normale,4,A chaussées séparées,3.0,Plat,1.0,0,74,Normale,0.0,Sur chaussée,Blessé léger,Masculin,12.0,Domicile - école,3,9,1.0,0.0,2.0,1.0,200600019986B01,7,24/1,2.0,Non cohérente,Non cohérentes
339,200600019991,2006-04-05,2006,avril,mercredi,12:25,33,33063,0.0,0.0,En agglomération,Hors intersection,5.0,Plein jour,Normale,4,Bidirectionnelle,4.0,Plat,1.0,0,0,Normale,0.0,Sur chaussée,Blessé léger,Masculin,29.0,Promenade - loisirs,3,9,0.0,2.0,2.0,1.0,200600019991B01,10,1,2.0,Cohérente,Non cohérentes
340,200600020018,2006-04-11,2006,avril,mardi,14:10,33,33063,0.0,0.0,En agglomération,Hors intersection,3.0,Plein jour,Normale,4,Bidirectionnelle,2.0,Plat,1.0,0,74,Normale,0.0,Sur chaussée,Blessé hospitalisé,Féminin,14.0,Promenade - loisirs,3,9,0.0,2.0,2.0,14.0,200600020018A01,37,1,1.0,Cohérente,Non cohérentes
341,200600020024,2006-04-13,2006,avril,jeudi,16:15,33,33063,0.0,0.0,En agglomération,Intersection en X,3.0,Plein jour,Normale,4,A sens unique,1.0,Plat,1.0,0,0,Normale,0.0,Sur chaussée,Blessé léger,Féminin,57.0,Non renseigné,3,9,0.0,2.0,1.0,1.0,200600020024B01,7,16,1.0,Cohérente,Non cohérentes
342,200600020032,2006-04-17,2006,avril,lundi,11:25,33,33063,0.0,0.0,En agglomération,Intersection en X,3.0,Plein jour,Normale,4,A sens unique,1.0,Plat,1.0,0,30,Autre,0.0,Sur chaussée,Blessé hospitalisé,Féminin,42.0,Non renseigné,3,9,0.0,2.0,1.0,1.0,200600020032B01,7,17,1.0,Cohérente,Non cohérentes
343,200600020044,2006-04-21,2006,avril,vendredi,21:20,33,33063,0.0,0.0,En agglomération,Hors intersection,6.0,Nuit avec éclairage public allumé,Normale,4,Non renseigné,1.0,Plat,1.0,0,94,Normale,0.0,Sur chaussée,Blessé léger,Masculin,53.0,Non renseigné,3,0,1.0,0.0,1.0,1.0,200600020044B01,7,22,1.0,Cohérente,Non cohérentes
344,200600020057,2006-04-26,2006,avril,mercredi,12:30,33,33063,0.0,0.0,En agglomération,Hors intersection,3.0,Plein jour,Normale,4,A chaussées séparées,4.0,Plat,1.0,0,0,Normale,0.0,Sur chaussée,Blessé léger,Féminin,31.0,Non renseigné,3,9,0.0,2.0,0.0,1.0,200600020057B01,7,22,1.0,Cohérente,Non cohérentes
345,200600020058,2006-04-26,2006,avril,mercredi,19:35,33,33063,0.0,0.0,En agglomération,Giratoire,3.0,Plein jour,Normale,4,A sens unique,20.0,Plat,1.0,0,100,Normale,0.0,Sur chaussée,Blessé léger,Féminin,19.0,Non renseigné,2,9,0.0,2.0,4.0,1.0,200600020058B01,7,16,1.0,Cohérente,Non cohérentes
346,200600020224,2006-04-07,2006,avril,vendredi,11:05,38,38185,0.0,0.0,En agglomération,Hors intersection,6.0,Plein jour,Normale,4,A sens unique,1.0,Plat,1.0,0,35,Normale,0.0,Aucun,Indemne,Masculin,39.0,Non renseigné,3,9,0.0,1.0,6.0,6.0,200600020224A01,,,,Cohérente,Non cohérentes
347,200600020230,2006-04-11,2006,avril,mardi,80:0,38,38185,0.0,0.0,En agglomération,Intersection en X,3.0,Plein jour,Pluie légère,4,Bidirectionnelle,3.0,Plat,1.0,0,105,Mouillée,0.0,Sur piste cyclable,Blessé léger,Féminin,42.0,Domicile - travail,3,9,0.0,2.0,2.0,1.0,200600020230B01,7,1,1.0,Non cohérente,Non cohérentes
348,200600020233,2006-04-17,2006,avril,lundi,17:10,38,38185,0.0,0.0,En agglomération,Hors intersection,6.0,Plein jour,Normale,4,A sens unique,3.0,Pente,1.0,0,105,Normale,0.0,Sur chaussée,Blessé léger,Féminin,87.0,Non renseigné,3,9,0.0,2.0,8.0,1.0,200600020233B01,7,17,1.0,Cohérente,Non cohérentes
349,200600020234,2006-04-20,2006,avril,jeudi,84:5,38,38185,0.0,0.0,En agglomération,Hors intersection,1.0,Plein jour,Normale,4,A sens unique,1.0,Plat,1.0,0,30,Normale,0.0,Sur chaussée,Blessé léger,Féminin,36.0,Non renseigné,2,2,0.0,2.0,1.0,5.0,200600020234A01,1,1,1.0,Non cohérente,Non cohérentes
350,200600020234,2006-04-20,2006,avril,jeudi,84:5,38,38185,0.0,0.0,En agglomération,Hors intersection,1.0,Plein jour,Normale,4,A sens unique,1.0,Plat,1.0,0,30,Normale,0.0,Sur chaussée,Indemne,Masculin,32.0,Non renseigné,1,2,0.0,2.0,1.0,1.0,200600020234B01,1,5,1.0,Non cohérente,Non cohérentes
351,200600020240,2006-04-25,2006,avril,mardi,11:30,38,38185,0.0,0.0,En agglomération,Intersection en X,3.0,Plein jour,Normale,4,Bidirectionnelle,2.0,Plat,2.0,0,80,Normale,0.0,Sur chaussée,Blessé léger,Féminin,22.0,Non renseigné,2,2,0.0,2.0,1.0,1.0,200600020240A01,7,1,1.0,Cohérente,Non cohérentes
352,200600020245,2006-04-28,2006,avril,vendredi,75:0,38,38185,0.0,0.0,En agglomération,Hors intersection,4.0,Plein jour,Normale,4,Bidirectionnelle,4.0,Plat,1.0,0,130,Normale,0.0,Sur chaussée,Blessé léger,Masculin,23.0,Non renseigné,3,9,0.0,2.0,1.0,2.0,200600020245A01,7,2/19,2.0,Non cohérente,Non cohérentes
353,200600020986,2006-04-04,2006,avril,mardi,14:27,67,67482,0.0,0.0,En agglomération,Hors intersection,3.0,Plein jour,Normale,4,A chaussées séparées,4.0,Plat,1.0,35,70,Normale,0.0,Sur chaussée,Blessé hospitalisé,Masculin,64.0,Promenade - loisirs,3,9,0.0,2.0,1.0,1.0,200600020986B01,7,17,1.0,Cohérente,Non cohérentes
354,200600020987,2006-04-05,2006,avril,mercredi,18:50,67,67482,0.0,0.0,En agglomération,Intersection en T,3.0,Crépuscule ou aube,Normale,4,Bidirectionnelle,2.0,Plat,1.0,0,68,Normale,5.0,Sur piste cyclable,Blessé léger,Féminin,48.0,Domicile - travail,3,9,0.0,2.0,1.0,1.0,200600020987B01,7,1,1.0,Cohérente,Non cohérentes
355,200600021008,2006-04-19,2006,avril,mercredi,12:05,67,67482,0.0,0.0,En agglomération,Intersection en X,3.0,Plein jour,Normale,4,Bidirectionnelle,3.0,Plat,1.0,0,100,Normale,5.0,Sur chaussée,Blessé léger,Féminin,22.0,Utilisation professionnelle,3,9,0.0,2.0,8.0,19.0,200600021008A01,7,1,1.0,Cohérente,Non cohérentes
356,200600021011,2006-04-21,2006,avril,vendredi,12:00,67,67482,0.0,0.0,En agglomération,Hors intersection,3.0,Plein jour,Normale,4,A chaussées séparées,4.0,Plat,1.0,75,244,Normale,5.0,Sur chaussée,Blessé hospitalisé,Féminin,29.0,Domicile - travail,3,9,0.0,2.0,8.0,13.0,200600021011A01,7,1,1.0,Cohérente,Non cohérentes
357,200600021014,2006-04-24,2006,avril,lundi,18:15,67,67482,0.0,0.0,En agglomération,Hors intersection,6.0,Plein jour,Normale,4,Bidirectionnelle,2.0,Plat,1.0,0,125,Normale,0.0,Sur piste cyclable,Blessé léger,Masculin,63.0,Promenade - loisirs,3,9,0.0,1.0,1.0,1.0,200600021014A01,,,,Cohérente,Non cohérentes
358,200600021147,2006-04-04,2006,avril,mardi,15:15,74,74010,0.0,0.0,En agglomération,Intersection en X,3.0,Plein jour,Normale,4,Bidirectionnelle,2.0,Plat,1.0,0,80,Normale,0.0,Sur chaussée,Blessé hospitalisé,Féminin,54.0,Autre,3,9,0.0,0.0,1.0,1.0,200600021147B01,7,1,1.0,Cohérente,Non cohérentes
359,200600021152,2006-04-21,2006,avril,vendredi,19:35,74,74010,0.0,0.0,En agglomération,Hors intersection,6.0,Plein jour,Normale,4,Bidirectionnelle,2.0,Plat,1.0,0,60,Normale,0.0,Sur chaussée,Blessé léger,Féminin,48.0,Autre,3,9,0.0,0.0,1.0,7.0,200600021152B01,2,7,1.0,Cohérente,Non cohérentes
360,200600026428,2006-05-04,2006,mai,jeudi,10:20,33,33063,0.0,0.0,En agglomération,Hors intersection,3.0,Plein jour,Normale,4,A sens unique,1.0,Pente,1.0,0,0,Normale,0.0,Sur chaussée,Blessé léger,Féminin,28.0,Non renseigné,3,9,0.0,2.0,0.0,1.0,200600026428B01,10,20,1.0,Cohérente,Non cohérentes
361,200600026435,2006-05-08,2006,mai,lundi,11:50,33,33063,0.0,0.0,En agglomération,Intersection en X,3.0,Plein jour,Normale,4,Bidirectionnelle,3.0,Plat,1.0,0,0,Normale,0.0,Sur chaussée,Blessé hospitalisé,Féminin,79.0,Non renseigné,3,9,0.0,2.0,1.0,1.0,200600026435A01,7,15,1.0,Cohérente,Non cohérentes