,Num_Acc,date,an,mois,jour,hrmn,dep,com,lat,long,agg,int,col,lum,atm,catr,circ,nbv,prof,plan,lartpc,larrout,surf,infra,situ,grav,sexe,age,trajet,secuexist,equipement,obs,obsm,choc,manv,vehiculeid,typevehicules,manoeuvehicules,numVehicules,statut_heure,statut_coord
362,200600026438,2006-05-09,2006,mai,mardi,10:05,33,33063,0.0,0.0,En agglomération,Intersection en T,3.0,Plein jour,Normale,4,A sens unique,1.0,Plat,1.0,0,0,Normale,0.0,Sur chaussée,Blessé léger,Féminin,24.0,Non renseigné,3,9,0.0,2.0,1.0,1.0,200600026438B01,10,1,1.0,Cohérente,Non cohérentes
363,200600026444,2006-05-11,2006,mai,jeudi,18:00,33,33063,0.0,0.0,En agglomération,Intersection en X,3.0,Plein jour,Normale,4,A sens unique,1.0,Plat,1.0,0,39,Normale,0.0,Sur chaussée,Blessé léger,Masculin,13.0,Non renseigné,3,9,0.0,2.0,7.0,1.0,200600026444A01,7,1,1.0,Cohérente,Non cohérentes
364,200600026456,2006-05-13,2006,mai,samedi,18:55,33,33063,0.0,0.0,En agglomération,Hors intersection,4.0,Plein jour,Normale,4,A chaussées séparées,4.0,Plat,1.0,4,115,Normale,0.0,Sur chaussée,Blessé léger,Masculin,30.0,Non renseigné,3,9,14.0,0.0,1.0,3.0,200600026456B01,7,23,2.0,Cohérente,Non cohérentes
365,200600026460,2006-05-15,2006,mai,lundi,82:6,33,33063,0.0,0.0,En agglomération,Hors intersection,3.0,Plein jour,Normale,4,A chaussées séparées,4.0,Plat,1.0,0,0,Normale,0.0,Sur chaussée,Blessé léger,Masculin,22.0,Non renseigné,3,9,0.0,2.0,1.0,1.0,200600026460A01,7,20,1.0,Non cohérente,Non cohérentes
366,200600026480,2006-05-19,2006,mai,vendredi,14:00,33,33063,0.0,0.0,En agglomération,Intersection en T,3.0,Plein jour,Normale,4,A sens unique,2.0,Plat,1.0,0,800,Normale,0.0,Sur chaussée,Blessé hospitalisé,Féminin,60.0,Non renseigné,3,9,0.0,2.0,0.0,1.0,200600026480A01,7,15,1.0,Cohérente,Non cohérentes
367,200600026511,2006-05-31,2006,mai,mercredi,18:23,33,33063,0.0,0.0,En agglomération,Hors intersection,6.0,Plein jour,Normale,4,A chaussées séparées,4.0,Plat,1.0,0,0,Normale,0.0,Sur chaussée,Blessé léger,Féminin,67.0,Non renseigné,3,9,0.0,2.0,0.0,1.0,200600026511B01,17,1,1.0,Cohérente,Non cohérentes
368,200600026683,2006-05-04,2006,mai,jeudi,10:30,38,38185,0.0,0.0,En agglomération,Intersection en X,3.0,Plein jour,Normale,4,A sens unique,3.0,Plat,1.0,0,100,Normale,0.0,Sur chaussée,Blessé léger,Masculin,32.0,Non renseigné,3,9,0.0,2.0,1.0,1.0,200600026683B01,7,1,1.0,Cohérente,Non cohérentes
369,200600026704,2006-05-17,2006,mai,mercredi,13:40,38,38185,0.0,0.0,En agglomération,Hors intersection,6.0,Plein jour,Normale,4,Bidirectionnelle,4.0,Plat,1.0,0,104,Normale,0.0,Sur piste cyclable,Blessé léger,Masculin,48.0,Domicile - travail,3,9,0.0,2.0,1.0,1.0,200600026704B01,7,16,1.0,Cohérente,Non cohérentes
370,200600026705,2006-05-18,2006,mai,jeudi,90:0,38,38185,0.0,0.0,En agglomération,Hors intersection,6.0,Plein jour,Normale,4,A sens unique,1.0,Non renseigné,-1.0,0,35,Normale,0.0,Sur chaussée,Blessé léger,Féminin,31.0,Non renseigné,3,9,1.0,2.0,2.0,1.0,200600026705B01,7,22,1.0,Non cohérente,Non cohérentes
371,200600027534,2006-05-03,2006,mai,mercredi,15:00,67,67482,0.0,0.0,Hors agglomération,Intersection en T,3.0,Plein jour,Normale,4,A sens unique,1.0,Plat,3.0,0,84,Normale,5.0,Sur piste cyclable,Blessé léger,Masculin,58.0,Promenade - loisirs,3,9,0.0,2.0,2.0,1.0,200600027534B01,7,1,1.0,Cohérente,Non cohérentes
372,200600027539,2006-05-05,2006,mai,vendredi,16:15,67,67482,0.0,0.0,En agglomération,Hors intersection,3.0,Plein jour,Normale,6,Bidirectionnelle,1.0,Plat,1.0,0,50,Normale,0.0,Sur chaussée,Blessé léger,Masculin,33.0,Domicile - travail,3,9,0.0,2.0,7.0,1.0,200600027539A01,7,1,1.0,Cohérente,Non cohérentes
373,200600027545,2006-05-09,2006,mai,mardi,11:45,67,67482,0.0,0.0,En agglomération,Hors intersection,3.0,Plein jour,Pluie légère,4,Bidirectionnelle,2.0,Plat,1.0,0,120,Mouillée,0.0,Sur chaussée,Blessé léger,Féminin,57.0,Non renseigné,3,9,0.0,2.0,1.0,19.0,200600027545B01,7,1,1.0,Cohérente,Non cohérentes
374,200600027548,2006-05-09,2006,mai,mardi,20:00,67,67482,0.0,0.0,En agglomération,Hors intersection,3.0,Crépuscule ou aube,Normale,4,Bidirectionnelle,5.0,Plat,1.0,0,156,Normale,0.0,Sur chaussée,Blessé léger,Féminin,17.0,Promenade - loisirs,3,9,0.0,2.0,1.0,5.0,200600027548A01,37,1,1.0,Cohérente,Non cohérentes
375,200600027553,2006-05-11,2006,mai,jeudi,11:55,67,67482,0.0,0.0,En agglomération,Hors intersection,1.0,Plein jour,Normale,4,A sens unique,1.0,Plat,1.0,0,40,Normale,0.0,Sur piste cyclable,Blessé léger,Féminin,34.0,Domicile - travail,3,9,0.0,2.0,1.0,1.0,200600027553B01,1,5,1.0,Cohérente,Non cohérentes
376,200600027556,2006-05-15,2006,mai,lundi,18:10,67,67482,0.0,0.0,En agglomération,Intersection en T,1.0,Plein jour,Normale,4,Bidirectionnelle,2.0,Plat,3.0,0,85,Normale,5.0,Sur chaussée,Blessé léger,Féminin,21.0,Domicile - école,3,9,0.0,2.0,1.0,15.0,200600027556B01,7,1,1.0,Cohérente,Non cohérentes
377,200600027559,2006-05-17,2006,mai,mercredi,18:22,67,67482,0.0,0.0,En agglomération,Intersection en Y,3.0,Plein jour,Normale,4,A sens unique,2.0,Bas de côte,2.0,0,60,Normale,0.0,Sur chaussée,Blessé léger,Masculin,25.0,Autre,1,9,0.0,2.0,1.0,19.0,200600027559A01,7,1,1.0,Cohérente,Non cohérentes
378,200600027565,2006-05-22,2006,mai,lundi,94:0,67,67482,0.0,0.0,En agglomération,Intersection en T,3.0,Plein jour,Normale,4,Bidirectionnelle,2.0,Plat,1.0,0,72,Normale,0.0,Sur piste cyclable,Blessé hospitalisé,Masculin,54.0,Domicile - travail,3,9,0.0,2.0,3.0,1.0,200600027565B01,7,15,1.0,Non cohérente,Non cohérentes
379,200600027566,2006-05-22,2006,mai,lundi,16:00,67,67482,0.0,0.0,En agglomération,Hors intersection,3.0,Plein jour,Pluie légère,4,Bidirectionnelle,2.0,Plat,1.0,0,85,Mouillée,0.0,Sur chaussée,Blessé léger,Masculin,23.0,Promenade - loisirs,3,9,0.0,2.0,1.0,19.0,200600027566B01,7,9,1.0,Cohérente,Non cohérentes
380,200600027567,2006-05-23,2006,mai,mardi,74:5,67,67482,0.0,0.0,En agglomération,Intersection en X,3.0,Plein jour,Normale,4,A sens unique,1.0,Plat,1.0,0,62,Normale,0.0,Sur trottoir,Blessé léger,Féminin,23.0,Domicile - travail,3,9,0.0,2.0,0.0,1.0,200600027567A01,1,1,1.0,Non cohérente,Non cohérentes
381,200600027567,2006-05-23,2006,mai,mardi,74:5,67,67482,0.0,0.0,En agglomération,Intersection en X,3.0,Plein jour,Normale,4,A sens unique,1.0,Plat,1.0,0,62,Normale,0.0,Sur trottoir,Blessé léger,Masculin,16.0,Domicile - école,3,9,0.0,2.0,0.0,1.0,200600027567B01,1,1,1.0,Non cohérente,Non cohérentes
382,200600027568,2006-05-23,2006,mai,mardi,85:0,67,67482,0.0,0.0,En agglomération,Hors intersection,3.0,Plein jour,Normale,4,Bidirectionnelle,3.0,Plat,1.0,0,90,Normale,0.0,Sur chaussée,Blessé léger,Féminin,25.0,Promenade - loisirs,1,2,0.0,2.0,8.0,1.0,200600027568B01,14,17,1.0,Non cohérente,Non cohérentes
383,200600027576,2006-05-30,2006,mai,mardi,73:1,67,67482,0.0,0.0,En agglomération,Intersection en X,3.0,Plein jour,Pluie légère,4,Bidirectionnelle,2.0,Plat,1.0,0,120,Mouillée,5.0,Sur chaussée,Blessé léger,Masculin,44.0,Utilisation professionnelle,3,9,0.0,2.0,3.0,1.0,200600027576B01,7,1,1.0,Non cohérente,Non cohérentes
384,200600027708,2006-05-27,2006,mai,samedi,12:15,74,74010,0.0,0.0,En agglomération,Giratoire,7.0,Plein jour,Normale,4,A sens unique,2.0,Plat,-1.0,0,90,Non renseigné,0.0,Sur chaussée,Blessé léger,Féminin,48.0,Autre,3,9,0.0,2.0,1.0,1.0,200600027708B01,7,16,1.0,Cohérente,Non cohérentes
385,200600033540,2006-06-07,2006,juin,mercredi,83:0,33,33063,0.0,0.0,En agglomération,Hors intersection,3.0,Plein jour,Normale,4,A chaussées séparées,5.0,Pente,1.0,0,0,Normale,0.0,Sur chaussée,Blessé léger,Masculin,54.0,Promenade - loisirs,3,9,0.0,2.0,1.0,1.0,200600033540B01,7,16,1.0,Non cohérente,Non cohérentes
386,200600033545,2006-06-08,2006,juin,jeudi,84:8,33,33063,0.0,0.0,En agglomération,Intersection en T,1.0,Plein jour,Normale,4,Bidirectionnelle,2.0,Pente,1.0,0,57,Normale,0.0,Sur chaussée,Blessé léger,Féminin,20.0,Non renseigné,3,9,0.0,0.0,1.0,1.0,200600033545B01,7,15,1.0,Non cohérente,Non cohérentes
387,200600033555,2006-06-10,2006,juin,samedi,18:25,33,33063,0.0,0.0,En agglomération,Hors intersection,3.0,Plein jour,Normale,4,A sens unique,50.0,Plat,1.0,0,50,Normale,0.0,Sur chaussée,Blessé léger,Féminin,23.0,Promenade - loisirs,3,9,1.0,0.0,3.0,1.0,200600033555B01,7,22,1.0,Cohérente,Non cohérentes
388,200600033581,2006-06-19,2006,juin,lundi,20:15,33,33063,0.0,0.0,En agglomération,Hors intersection,6.0,Plein jour,Normale,4,A chaussées séparées,2.0,Plat,1.0,0,0,Normale,4.0,Sur chaussée,Blessé léger,Masculin,50.0,Non renseigné,3,9,0.0,1.0,1.0,1.0,200600033581A01,,,,Cohérente,Non cohérentes
389,200600033600,2006-06-25,2006,juin,dimanche,17:24,33,33063,0.0,0.0,En agglomération,Intersection en T,2.0,Plein jour,Normale,4,A sens unique,1.0,Plat,1.0,0,120,Normale,0.0,Sur chaussée,Blessé léger,Masculin,17.0,Promenade - loisirs,3,9,0.0,2.0,3.0,1.0,200600033600A01,7,23,1.0,Cohérente,Non cohérentes
390,200600033786,2006-06-09,2006,juin,vendredi,5:,38,38185,0.0,0.0,En agglomération,Intersection en X,3.0,Nuit avec éclairage public allumé,Normale,4,Bidirectionnelle,6.0,Plat,1.0,0,167,Normale,0.0,Sur chaussée,Indemne,Masculin,23.0,Non renseigné,3,9,0.0,2.0,1.0,1.0,200600033786A01,7,1,1.0,Non cohérente,Non cohérentes
391,200600033786,2006-06-09,2006,juin,vendredi,5:,38,38185,0.0,0.0,En agglomération,Intersection en X,3.0,Nuit avec éclairage public allumé,Normale,4,Bidirectionnelle,6.0,Plat,1.0,0,167,Normale,0.0,Sur chaussée,Blessé léger,Féminin,22.0,Non renseigné,3,9,0.0,2.0,1.0,1.0,200600033786A01,7,1,1.0,Non cohérente,Non cohérentes
392,200600033788,2006-06-09,2006,juin,vendredi,19:30,38,38185,0.0,0.0,En agglomération,Hors intersection,6.0,Plein jour,Normale,4,Bidirectionnelle,4.0,Plat,3.0,0,140,Normale,0.0,Sur chaussée,Blessé léger,Féminin,22.0,Non renseigné,3,9,0.0,2.0,1.0,9.0,200600033788B01,7,1,1.0,Cohérente,Non cohérentes
393,200600033793,2006-06-15,2006,juin,jeudi,14:00,38,38185,0.0,0.0,En agglomération,Hors intersection,6.0,Plein jour,Normale,4,A sens unique,1.0,Plat,1.0,0,50,Normale,0.0,Sur chaussée,Blessé léger,Masculin,48.0,Domicile - travail,3,9,0.0,2.0,5.0,19.0,200600033793B01,7,15,1.0,Cohérente,Non cohérentes
394,200600033796,2006-06-18,2006,juin,dimanche,17:45,38,38185,0.0,0.0,En agglomération,Hors intersection,3.0,Plein jour,Normale,4,Bidirectionnelle,3.0,Plat,1.0,0,105,Normale,0.0,Sur chaussée,Blessé hospitalisé,Féminin,47.0,Non renseigné,3,9,0.0,2.0,1.0,1.0,200600033796B01,7,15,1.0,Cohérente,Non cohérentes
395,200600033798,2006-06-19,2006,juin,lundi,83:0,38,38185,0.0,0.0,En agglomération,Hors intersection,3.0,Plein jour,Normale,4,A sens unique,1.0,Plat,1.0,0,59,Normale,0.0,Sur chaussée,Blessé léger,Masculin,24.0,Domicile - travail,1,9,1.0,0.0,1.0,1.0,200600033798B01,7,24,1.0,Non cohérente,Non cohérentes
396,200600033800,2006-06-20,2006,juin,mardi,74:5,38,38185,0.0,0.0,En agglomération,Intersection en X,3.0,Plein jour,Normale,4,Avec voies d'affectation variable,2.0,Non renseigné,-1.0,0,58,Normale,5.0,Sur piste cyclable,Blessé hospitalisé,Féminin,32.0,Non renseigné,3,2,0.0,2.0,8.0,19.0,200600033800B01,7,16,1.0,Non cohérente,Non cohérentes
397,200600033801,2006-06-21,2006,juin,mercredi,16:45,38,38185,0.0,0.0,En agglomération,Hors intersection,6.0,Plein jour,Normale,3,A sens unique,4.0,Plat,1.0,0,130,Normale,0.0,Sur chaussée,Indemne,Masculin,35.0,Promenade - loisirs,3,9,0.0,1.0,7.0,1.0,200600033801A01,,,,Cohérente,Non cohérentes
398,200600033814,2006-06-30,2006,juin,vendredi,11:05,38,38185,0.0,0.0,En agglomération,Hors intersection,6.0,Plein jour,Normale,4,Bidirectionnelle,4.0,Plat,1.0,0,260,Normale,0.0,Aucun,Blessé léger,Masculin,42.0,Non renseigné,2,2,0.0,4.0,1.0,0.0,200600033814A01,40,1,1.0,Cohérente,Non cohérentes
399,200600033817,2006-06-30,2006,juin,vendredi,18:00,38,38185,0.0,0.0,En agglomération,Intersection en T,3.0,Plein jour,Normale,4,A sens unique,2.0,Plat,2.0,0,60,Normale,0.0,Sur chaussée,Blessé léger,Féminin,31.0,Domicile - travail,3,9,0.0,2.0,1.0,1.0,200600033817B01,7,1,1.0,Cohérente,Non cohérentes
400,200600034722,2006-06-01,2006,juin,jeudi,72:0,67,67482,0.0,0.0,En agglomération,Intersection en T,3.0,Plein jour,Temps couvert,4,A chaussées séparées,5.0,Plat,1.0,25,161,Normale,0.0,Sur chaussée,Blessé léger,Féminin,32.0,Domicile - travail,3,9,0.0,2.0,1.0,19.0,200600034722B01,14,16,1.0,Non cohérente,Non cohérentes
401,200600034729,2006-06-04,2006,juin,dimanche,91:6,67,67482,0.0,0.0,En agglomération,Hors intersection,6.0,Plein jour,Normale,4,Bidirectionnelle,2.0,Plat,3.0,0,70,Normale,2.0,Sur piste cyclable,Blessé léger,Féminin,24.0,Promenade - loisirs,3,0,0.0,1.0,1.0,1.0,200600034729A01,,,,Non cohérente,Non cohérentes
402,200600034731,2006-06-05,2006,juin,lundi,17:35,67,67482,0.0,0.0,En agglomération,Intersection en T,3.0,Plein jour,Normale,4,Bidirectionnelle,2.0,Plat,1.0,0,90,Normale,0.0,Sur chaussée,Blessé léger,Masculin,23.0,Promenade - loisirs,3,9,0.0,2.0,1.0,1.0,200600034731A01,1,15,1.0,Cohérente,Non cohérentes
403,200600034731,2006-06-05,2006,juin,lundi,17:35,67,67482,0.0,0.0,En agglomération,Intersection en T,3.0,Plein jour,Normale,4,Bidirectionnelle,2.0,Plat,1.0,0,90,Normale,0.0,Sur chaussée,Indemne,Féminin,52.0,Promenade - loisirs,3,9,0.0,2.0,8.0,15.0,200600034731B01,1,1,1.0,Cohérente,Non cohérentes
404,200600034735,2006-06-07,2006,juin,mercredi,91:0,67,67482,0.0,0.0,En agglomération,Intersection à plus de 4 branches,3.0,Plein jour,Normale,4,A chaussées séparées,5.0,Plat,1.0,39,71,Normale,3.0,Sur chaussée,Blessé léger,Féminin,75.0,Promenade - loisirs,3,9,0.0,4.0,8.0,11.0,200600034735A01,40,1,1.0,Non cohérente,Non cohérentes
405,200600034741,2006-06-09,2006,juin,vendredi,13:45,67,67482,0.0,0.0,En agglomération,Hors intersection,6.0,Plein jour,Normale,4,Bidirectionnelle,2.0,Plat,1.0,0,0,Normale,0.0,Sur piste cyclable,Blessé léger,Masculin,48.0,Non renseigné,3,9,0.0,2.0,1.0,1.0,200600034741A01,1,1,1.0,Cohérente,Non cohérentes
406,200600034741,2006-06-09,2006,juin,vendredi,13:45,67,67482,0.0,0.0,En agglomération,Hors intersection,6.0,Plein jour,Normale,4,Bidirectionnelle,2.0,Plat,1.0,0,0,Normale,0.0,Sur piste cyclable,Blessé léger,Masculin,14.0,Non renseigné,3,9,0.0,2.0,1.0,1.0,200600034741B01,1,1,1.0,Cohérente,Non cohérentes
407,200600034749,2006-06-12,2006,juin,lundi,14:15,67,67482,0.0,0.0,En agglomération,Hors intersection,6.0,Plein jour,Normale,4,Non renseigné,2.0,Plat,1.0,0,60,Normale,0.0,Aucun,Blessé léger,Masculin,16.0,Promenade - loisirs,3,9,1.0,0.0,1.0,1.0,200600034749B01,7,20,1.0,Cohérente,Non cohérentes
408,200600034750,2006-06-12,2006,juin,lundi,20:15,67,67482,0.0,0.0,En agglomération,Intersection en X,3.0,Plein jour,Normale,4,Bidirectionnelle,2.0,Plat,1.0,0,101,Normale,0.0,Sur chaussée,Blessé léger,Féminin,34.0,Autre,1,9,0.0,2.0,1.0,1.0,200600034750B01,7,15,1.0,Cohérente,Non cohérentes
409,200600034753,2006-06-13,2006,juin,mardi,95:0,67,67482,0.0,0.0,En agglomération,Intersection en T,3.0,Plein jour,Normale,3,Bidirectionnelle,3.0,Plat,1.0,0,125,Normale,0.0,Sur chaussée,Blessé léger,Masculin,37.0,Non renseigné,3,9,0.0,2.0,1.0,1.0,200600034753B01,7,16,1.0,Non cohérente,Non cohérentes
410,200600034754,2006-06-13,2006,juin,mardi,15:30,67,67482,0.0,0.0,En agglomération,Hors intersection,3.0,Plein jour,Normale,4,A chaussées séparées,4.0,Plat,-1.0,0,188,Normale,0.0,Sur chaussée,Blessé léger,Féminin,15.0,Promenade - loisirs,1,4,0.0,2.0,1.0,19.0,200600034754B01,7,1,1.0,Cohérente,Non cohérentes
411,200600034783,2006-06-28,2006,juin,mercredi,14:00,67,67482,0.0,0.0,En agglomération,Intersection en X,3.0,Plein jour,Normale,4,A sens unique,1.0,Plat,1.0,0,70,Normale,0.0,Sur chaussée,Blessé léger,Féminin,44.0,Promenade - loisirs,2,2,0.0,2.0,1.0,5.0,200600034783B01,7,15,1.0,Cohérente,Non cohérentes
412,200600034784,2006-06-28,2006,juin,mercredi,17:15,67,67482,0.0,0.0,En agglomération,Hors intersection,3.0,Plein jour,Normale,4,Bidirectionnelle,2.0,Plat,1.0,10,80,Normale,0.0,Sur piste cyclable,Blessé léger,Masculin,41.0,Domicile - travail,3,0,0.0,2.0,1.0,1.0,200600034784B01,10,9,1.0,Cohérente,Non cohérentes
413,200600034787,2006-06-30,2006,juin,vendredi,83:0,67,67482,0.0,0.0,En agglomération,Intersection en T,3.0,Plein jour,Normale,4,Bidirectionnelle,2.0,Plat,2.0,0,100,Normale,0.0,Sur piste cyclable,Blessé léger,Masculin,50.0,Promenade - loisirs,3,9,0.0,2.0,8.0,19.0,200600034787B01,7,15,1.0,Non cohérente,Non cohérentes
414,200600034788,2006-06-30,2006,juin,vendredi,80:8,67,67482,0.0,0.0,En agglomération,Intersection en T,6.0,Plein jour,Normale,4,A chaussées séparées,2.0,Pente,3.0,31,143,Normale,5.0,Sur chaussée,Blessé léger,Féminin,20.0,Promenade - loisirs,3,9,0.0,2.0,3.0,19.0,200600034788B01,37,1,1.0,Non cohérente,Non cohérentes
415,200600038629,2006-07-11,2006,juillet,mardi,23:30,33,33063,0.0,0.0,En agglomération,Place,5.0,Nuit avec éclairage public allumé,Normale,4,A chaussées séparées,2.0,Plat,1.0,0,0,Normale,0.0,Sur chaussée,Indemne,Masculin,28.0,Non renseigné,3,9,1.0,2.0,4.0,19.0,200600038629B01,7,1,1.0,Cohérente,Non cohérentes
416,200600038629,2006-07-11,2006,juillet,mardi,23:30,33,33063,0.0,0.0,En agglomération,Place,5.0,Nuit avec éclairage public allumé,Normale,4,A chaussées séparées,2.0,Plat,1.0,0,0,Normale,0.0,Sur chaussée,Blessé léger,Féminin,25.0,Promenade - loisirs,3,9,0.0,2.0,1.0,19.0,200600038629C01,7,1,1.0,Cohérente,Non cohérentes
417,200600038630,2006-07-11,2006,juillet,mardi,17:15,33,33063,0.0,0.0,En agglomération,Passage à niveau,3.0,Plein jour,Normale,4,Bidirectionnelle,2.0,Plat,1.0,20,100,Normale,2.0,Sur chaussée,Blessé léger,Féminin,17.0,Non renseigné,3,9,0.0,2.0,1.0,5.0,200600038630A01,7,1,1.0,Cohérente,Non cohérentes
418,200600038631,2006-07-12,2006,juillet,mercredi,16:35,33,33063,0.0,0.0,En agglomération,Hors intersection,6.0,Plein jour,Normale,4,Bidirectionnelle,2.0,Plat,1.0,0,0,Normale,0.0,Sur chaussée,Indemne,Masculin,41.0,Non renseigné,3,9,0.0,1.0,1.0,1.0,200600038631A01,,,,Cohérente,Non cohérentes
419,200600038632,2006-07-13,2006,juillet,jeudi,74:5,33,33063,0.0,0.0,En agglomération,Hors intersection,3.0,Plein jour,Normale,4,Bidirectionnelle,2.0,Plat,1.0,0,0,Normale,0.0,Sur chaussée,Blessé léger,Masculin,22.0,Domicile - travail,3,9,1.0,0.0,1.0,1.0,200600038632B01,7,24,1.0,Non cohérente,Non cohérentes
420,200600038649,2006-07-23,2006,juillet,dimanche,10:00,33,33063,0.0,0.0,En agglomération,Intersection en X,3.0,Plein jour,Normale,4,A chaussées séparées,2.0,Plat,1.0,0,80,Normale,4.0,Sur chaussée,Blessé léger,Masculin,22.0,Autre,3,0,0.0,2.0,1.0,1.0,200600038649A01,7,1,1.0,Cohérente,Non cohérentes
421,200600038844,2006-07-18,2006,juillet,mardi,12:10,38,38185,0.0,0.0,En agglomération,Hors intersection,2.0,Plein jour,Normale,4,Non renseigné,0.0,Plat,1.0,0,61,Normale,4.0,Sur chaussée,Indemne,Masculin,18.0,Domicile - travail,3,9,0.0,2.0,0.0,1.0,200600038844A01,2,2,1.0,Cohérente,Non cohérentes
422,200600038853,2006-07-26,2006,juillet,mercredi,82:5,38,38185,0.0,0.0,En agglomération,Hors intersection,6.0,Plein jour,Temps éblouissant,4,A sens unique,2.0,Plat,1.0,0,77,Normale,0.0,Sur chaussée,Blessé léger,Féminin,24.0,Non renseigné,3,9,0.0,2.0,1.0,1.0,200600038853B01,7,15,1.0,Non cohérente,Non cohérentes
423,200600038856,2006-07-27,2006,juillet,jeudi,19:15,38,38185,0.0,0.0,En agglomération,Hors intersection,6.0,Plein jour,Normale,4,Bidirectionnelle,2.0,Plat,1.0,0,98,Normale,0.0,Sur chaussée,Blessé léger,Féminin,24.0,Non renseigné,3,9,0.0,2.0,7.0,1.0,200600038856B01,7,24,1.0,Cohérente,Non cohérentes
424,200600038860,2006-07-31,2006,juillet,lundi,10:00,38,38185,0.0,0.0,En agglomération,Hors intersection,6.0,Plein jour,Normale,4,Bidirectionnelle,4.0,Plat,1.0,0,140,Normale,0.0,Sur chaussée,Blessé léger,Masculin,25.0,Non renseigné,3,9,0.0,2.0,1.0,5.0,200600038860A01,7,15,1.0,Cohérente,Non cohérentes
425,200600039764,2006-07-02,2006,juillet,dimanche,18:25,67,67482,0.0,0.0,En agglomération,Intersection en T,3.0,Plein jour,Normale,4,A sens unique,3.0,Plat,1.0,0,75,Normale,0.0,Sur piste cyclable,Blessé hospitalisé,Masculin,17.0,Promenade - loisirs,3,9,0.0,2.0,8.0,19.0,200600039764B01,7,1,1.0,Cohérente,Non cohérentes
426,200600039766,2006-07-03,2006,juillet,lundi,19:45,67,67482,0.0,0.0,En agglomération,Intersection en T,6.0,Plein jour,Normale,4,A chaussées séparées,2.0,Plat,1.0,50,50,Normale,0.0,Sur chaussée,Blessé léger,Féminin,17.0,Promenade - loisirs,3,4,0.0,2.0,8.0,19.0,200600039766B01,33,1,1.0,Cohérente,Non cohérentes
427,200600039788,2006-07-16,2006,juillet,dimanche,95:0,67,67482,0.0,0.0,En agglomération,Intersection en T,3.0,Plein jour,Normale,4,Bidirectionnelle,4.0,Plat,1.0,0,245,Normale,0.0,Sur chaussée,Blessé hospitalisé,Masculin,44.0,Promenade - loisirs,3,2,0.0,2.0,1.0,19.0,200600039788B01,7,15,1.0,Non cohérente,Non cohérentes
428,200600039789,2006-07-17,2006,juillet,lundi,81:5,67,67482,0.0,0.0,En agglomération,Intersection en T,3.0,Plein jour,Normale,4,Bidirectionnelle,2.0,Plat,1.0,0,80,Normale,0.0,Sur chaussée,Blessé léger,Féminin,35.0,Domicile - travail,2,2,0.0,2.0,8.0,19.0,200600039789B01,7,15,1.0,Non cohérente,Non cohérentes
429,200600039790,2006-07-17,2006,juillet,lundi,17:20,67,67482,0.0,0.0,En agglomération,Hors intersection,1.0,Plein jour,Normale,4,A sens unique,1.0,Plat,2.0,0,57,Normale,0.0,Sur chaussée,Blessé léger,Masculin,38.0,Promenade - loisirs,3,9,0.0,2.0,1.0,16.0,200600039790B01,7,15,1.0,Cohérente,Non cohérentes
430,200600039793,2006-07-19,2006,juillet,mercredi,90:0,67,67482,0.0,0.0,En agglomération,Hors intersection,3.0,Plein jour,Normale,4,A sens unique,4.0,Plat,1.0,0,110,Normale,0.0,Sur chaussée,Blessé hospitalisé,Féminin,20.0,Domicile - travail,1,4,0.0,2.0,1.0,19.0,200600039793A01,7,1,1.0,Non cohérente,Non cohérentes
431,200600039801,2006-07-24,2006,juillet,lundi,83:0,67,67482,0.0,0.0,En agglomération,Hors intersection,6.0,Plein jour,Normale,4,A chaussées séparées,6.0,Plat,1.0,0,90,Normale,0.0,Sur piste cyclable,Blessé hospitalisé,Féminin,36.0,Promenade - loisirs,3,4,1.0,0.0,1.0,1.0,200600039801B01,7,22,1.0,Non cohérente,Non cohérentes
432,200600039947,2006-07-01,2006,juillet,samedi,17:40,74,74010,0.0,0.0,En agglomération,Hors intersection,3.0,Plein jour,Normale,4,Bidirectionnelle,3.0,Plat,1.0,0,110,Normale,0.0,Sur chaussée,Blessé léger,Masculin,17.0,Promenade - loisirs,3,9,0.0,2.0,4.0,19.0,200600039947A01,7,1,1.0,Cohérente,Non cohérentes
433,200600047931,2006-08-10,2006,août,jeudi,18:40,33,33063,0.0,0.0,En agglomération,Intersection en X,3.0,Plein jour,Normale,4,A sens unique,1.0,Plat,1.0,0,0,Normale,0.0,Sur chaussée,Blessé hospitalisé,Masculin,23.0,Promenade - loisirs,3,9,0.0,2.0,1.0,5.0,200600047931A01,7,1,1.0,Cohérente,Non cohérentes
434,200600047948,2006-08-21,2006,août,lundi,90:2,33,33063,0.0,0.0,En agglomération,Hors intersection,3.0,Plein jour,Normale,4,A chaussées séparées,2.0,Plat,1.0,0,0,Normale,0.0,Sur chaussée,Blessé hospitalisé,Féminin,24.0,Non renseigné,3,9,0.0,4.0,1.0,19.0,200600047948B01,40,1,1.0,Non cohérente,Non cohérentes
435,200600047958,2006-08-24,2006,août,jeudi,19:10,33,33063,0.0,0.0,En agglomération,Intersection en T,3.0,Plein jour,Normale,4,A sens unique,1.0,Plat,1.0,0,29,Normale,0.0,Sur chaussée,Blessé léger,Masculin,36.0,Non renseigné,3,9,0.0,2.0,1.0,1.0,200600047958A01,7,15,1.0,Cohérente,Non cohérentes