,Num_Acc,date,an,mois,jour,hrmn,dep,com,lat,long,agg,int,col,lum,atm,catr,circ,nbv,prof,plan,lartpc,larrout,surf,infra,situ,grav,sexe,age,trajet,secuexist,equipement,obs,obsm,choc,manv,vehiculeid,typevehicules,manoeuvehicules,numVehicules,statut_heure,statut_coord
436,200600047961,2006-08-26,2006,août,samedi,21:45,33,33063,0.0,0.0,En agglomération,Intersection en X,3.0,Nuit avec éclairage public allumé,Normale,4,A sens unique,2.0,Plat,-1.0,0,105,Normale,0.0,Sur chaussée,Blessé léger,Féminin,42.0,Non renseigné,3,9,0.0,2.0,0.0,1.0,200600047961A01,7,1,1.0,Cohérente,Non cohérentes
437,200600048893,2006-08-02,2006,août,mercredi,80:0,67,67482,0.0,0.0,En agglomération,Intersection en T,3.0,Plein jour,Normale,4,A chaussées séparées,3.0,Plat,1.0,10,96,Normale,0.0,Sur piste cyclable,Blessé léger,Masculin,42.0,Domicile - travail,1,9,0.0,2.0,1.0,1.0,200600048893B01,10,16,1.0,Non cohérente,Non cohérentes
438,200600048905,2006-08-17,2006,août,jeudi,18:00,67,67482,0.0,0.0,En agglomération,Intersection en T,3.0,Plein jour,Normale,4,Bidirectionnelle,4.0,Plat,1.0,0,120,Normale,0.0,Sur chaussée,Blessé léger,Masculin,31.0,Promenade - loisirs,3,9,0.0,2.0,0.0,1.0,200600048905A01,7,16,1.0,Cohérente,Non cohérentes
439,200600048917,2006-08-26,2006,août,samedi,12:58,67,67482,0.0,0.0,En agglomération,Hors intersection,6.0,Plein jour,Temps couvert,4,Bidirectionnelle,3.0,Plat,1.0,0,85,Normale,0.0,Sur chaussée,Blessé hospitalisé,Féminin,53.0,Promenade - loisirs,3,9,1.0,0.0,1.0,1.0,200600048917B01,7,22,1.0,Cohérente,Non cohérentes
440,200600048921,2006-08-31,2006,août,jeudi,17:40,67,67482,0.0,0.0,En agglomération,Hors intersection,1.0,Plein jour,Normale,4,Bidirectionnelle,2.0,Plat,3.0,0,40,Normale,0.0,Sur chaussée,Blessé léger,Masculin,17.0,Promenade - loisirs,3,9,0.0,2.0,1.0,17.0,200600048921A01,7,1,1.0,Cohérente,Non cohérentes
441,200600049011,2006-08-08,2006,août,mardi,13:30,74,74010,0.0,0.0,En agglomération,Giratoire,3.0,Plein jour,Normale,3,A sens unique,2.0,Plat,2.0,0,0,Normale,0.0,Sur chaussée,Blessé léger,Masculin,57.0,Courses - achats,3,9,0.0,0.0,3.0,1.0,200600049011B01,7,16,1.0,Cohérente,Non cohérentes
442,200600049012,2006-08-18,2006,août,vendredi,12:05,74,74010,0.0,0.0,En agglomération,Intersection en X,6.0,Plein jour,Normale,4,Bidirectionnelle,2.0,Plat,1.0,20,70,Normale,0.0,Sur chaussée,Blessé léger,Féminin,21.0,Promenade - loisirs,3,9,0.0,0.0,1.0,1.0,200600049012B01,7,16,1.0,Cohérente,Non cohérentes
443,200600054207,2006-09-04,2006,septembre,lundi,12:00,33,33063,0.0,0.0,En agglomération,Hors intersection,3.0,Plein jour,Normale,4,Bidirectionnelle,2.0,Plat,1.0,0,110,Normale,0.0,Sur chaussée,Blessé léger,Féminin,19.0,Non renseigné,3,9,0.0,2.0,0.0,1.0,200600054207B01,7,1,1.0,Cohérente,Non cohérentes
444,200600054209,2006-09-06,2006,septembre,mercredi,65:0,33,33063,0.0,0.0,En agglomération,Intersection en T,3.0,Plein jour,Normale,4,A sens unique,1.0,Plat,1.0,0,0,Normale,0.0,Sur chaussée,Blessé léger,Masculin,25.0,Domicile - travail,3,2,0.0,2.0,1.0,1.0,200600054209B01,10,16,1.0,Non cohérente,Non cohérentes
445,200600054219,2006-09-09,2006,septembre,samedi,22:0,33,33063,0.0,0.0,En agglomération,Intersection en X,3.0,Nuit avec éclairage public allumé,Normale,4,Bidirectionnelle,3.0,Plat,1.0,0,58,Normale,0.0,Sur chaussée,Blessé léger,Masculin,18.0,Non renseigné,3,2,0.0,2.0,1.0,1.0,200600054219B01,7,15,1.0,Cohérente,Non cohérentes
446,200600054220,2006-09-08,2006,septembre,vendredi,18:05,33,33063,0.0,0.0,En agglomération,Intersection en T,3.0,Plein jour,Normale,4,Bidirectionnelle,2.0,Plat,1.0,0,120,Normale,0.0,Sur chaussée,Blessé léger,Masculin,25.0,Non renseigné,3,2,0.0,2.0,1.0,1.0,200600054220B01,7,15,1.0,Cohérente,Non cohérentes
447,200600054231,2006-09-12,2006,septembre,mardi,16:50,33,33063,0.0,0.0,En agglomération,Intersection en X,3.0,Plein jour,Normale,4,A chaussées séparées,4.0,Plat,1.0,0,70,Normale,0.0,Sur chaussée,Blessé hospitalisé,Féminin,35.0,Domicile - travail,3,2,0.0,2.0,1.0,15.0,200600054231A01,7,1,1.0,Cohérente,Non cohérentes
448,200600054261,2006-09-21,2006,septembre,jeudi,82:0,33,33063,0.0,0.0,En agglomération,Intersection en X,3.0,Plein jour,Normale,4,A sens unique,1.0,Plat,1.0,0,56,Normale,0.0,Sur chaussée,Blessé hospitalisé,Masculin,47.0,Non renseigné,3,2,0.0,2.0,8.0,5.0,200600054261B01,7,1,1.0,Non cohérente,Non cohérentes
449,200600054262,2006-09-20,2006,septembre,mercredi,19:00,33,33063,0.0,0.0,En agglomération,Intersection en X,2.0,Plein jour,Normale,4,A chaussées séparées,4.0,Plat,1.0,36,62,Normale,0.0,Sur chaussée,Blessé léger,Masculin,37.0,Autre,3,2,0.0,2.0,1.0,1.0,200600054262A01,7,16,1.0,Cohérente,Non cohérentes
450,200600054267,2006-09-22,2006,septembre,vendredi,14:20,33,33063,0.0,0.0,En agglomération,Hors intersection,3.0,Plein jour,Normale,4,A sens unique,1.0,Plat,1.0,0,29,Normale,4.0,Sur chaussée,Blessé léger,Masculin,37.0,Non renseigné,3,2,0.0,2.0,6.0,15.0,200600054267A01,2,1,1.0,Cohérente,Non cohérentes
451,200600054290,2006-09-29,2006,septembre,vendredi,16:30,33,33063,0.0,0.0,En agglomération,Hors intersection,3.0,Plein jour,Normale,4,A chaussées séparées,2.0,Plat,1.0,0,0,Normale,0.0,Sur chaussée,Blessé léger,Masculin,65.0,Non renseigné,3,9,0.0,2.0,8.0,1.0,200600054290B01,10,16,1.0,Cohérente,Non cohérentes
452,200600054451,2006-09-01,2006,septembre,vendredi,30:,38,38185,0.0,0.0,En agglomération,Hors intersection,6.0,Nuit avec éclairage public allumé,Normale,4,Non renseigné,2.0,Plat,1.0,0,0,Normale,0.0,Sur chaussée,Blessé léger,Masculin,15.0,Non renseigné,2,2,1.0,0.0,1.0,1.0,200600054451A01,,,,Non cohérente,Non cohérentes
453,200600054461,2006-09-10,2006,septembre,dimanche,11:00,38,38185,0.0,0.0,En agglomération,Intersection en X,3.0,Plein jour,Normale,3,Bidirectionnelle,0.0,Plat,1.0,0,95,Normale,0.0,Sur chaussée,Blessé léger,Masculin,6.0,Non renseigné,3,9,0.0,2.0,1.0,1.0,200600054461B01,7,19,1.0,Cohérente,Non cohérentes
454,200600054468,2006-09-15,2006,septembre,vendredi,17:05,38,38185,0.0,0.0,En agglomération,Hors intersection,6.0,Plein jour,Normale,4,Bidirectionnelle,2.0,Plat,1.0,0,58,Normale,0.0,Sur chaussée,Blessé léger,Féminin,42.0,Non renseigné,3,9,0.0,2.0,1.0,23.0,200600054468B01,7,4,1.0,Cohérente,Non cohérentes
455,200600054469,2006-09-15,2006,septembre,vendredi,19:25,38,38185,0.0,0.0,En agglomération,Hors intersection,6.0,Plein jour,Normale,4,Bidirectionnelle,4.0,Plat,1.0,0,140,Normale,3.0,Sur chaussée,Blessé léger,Féminin,19.0,Non renseigné,3,9,0.0,2.0,8.0,19.0,200600054469B01,7,1,1.0,Cohérente,Non cohérentes
456,200600054471,2006-09-16,2006,septembre,samedi,18:15,38,38185,0.0,0.0,En agglomération,Hors intersection,6.0,Crépuscule ou aube,Normale,4,Bidirectionnelle,2.0,Plat,1.0,0,115,Normale,0.0,Sur chaussée,Blessé léger,Masculin,19.0,Non renseigné,1,9,0.0,2.0,0.0,1.0,200600054471A01,37,1,1.0,Cohérente,Non cohérentes
457,200600054474,2006-09-18,2006,septembre,lundi,17:30,38,38185,0.0,0.0,En agglomération,Intersection en X,3.0,Plein jour,Normale,4,Bidirectionnelle,2.0,Plat,1.0,0,75,Normale,0.0,Sur chaussée,Blessé léger,Masculin,55.0,Domicile - travail,3,9,0.0,2.0,3.0,1.0,200600054474B01,7,16,1.0,Cohérente,Non cohérentes
458,200600054476,2006-09-21,2006,septembre,jeudi,13:40,38,38185,0.0,0.0,En agglomération,Intersection en X,3.0,Plein jour,Normale,2,Bidirectionnelle,6.0,Plat,1.0,0,160,Normale,0.0,Sur chaussée,Blessé léger,Masculin,27.0,Non renseigné,3,9,0.0,2.0,8.0,1.0,200600054476A01,7,1,1.0,Cohérente,Non cohérentes
459,200600054480,2006-09-23,2006,septembre,samedi,17:00,38,38185,0.0,0.0,En agglomération,Intersection en X,3.0,Plein jour,Normale,3,Bidirectionnelle,4.0,Plat,1.0,0,120,Non renseigné,0.0,Sur chaussée,Blessé léger,Masculin,27.0,Non renseigné,3,9,0.0,2.0,8.0,19.0,200600054480A01,7,1,1.0,Cohérente,Non cohérentes
460,200600054483,2006-09-27,2006,septembre,mercredi,10:35,38,38185,0.0,0.0,En agglomération,Hors intersection,6.0,Plein jour,Normale,4,Bidirectionnelle,2.0,Plat,1.0,0,70,Normale,0.0,Sur chaussée,Blessé hospitalisé,Féminin,3.0,Non renseigné,3,9,0.0,2.0,8.0,19.0,200600054483B01,7,16,1.0,Cohérente,Non cohérentes
461,200600055446,2006-09-01,2006,septembre,vendredi,75:0,67,67482,0.0,0.0,En agglomération,Intersection en X,1.0,Plein jour,Normale,4,Bidirectionnelle,3.0,Plat,1.0,0,119,Normale,5.0,Sur chaussée,Blessé hospitalisé,Féminin,32.0,Autre,3,9,0.0,2.0,7.0,19.0,200600055446B01,10,16,1.0,Non cohérente,Non cohérentes
462,200600055448,2006-09-01,2006,septembre,vendredi,15:06,67,67482,0.0,0.0,En agglomération,Intersection en Y,3.0,Plein jour,Normale,4,Bidirectionnelle,3.0,Plat,1.0,0,120,Normale,0.0,Sur chaussée,Blessé léger,Masculin,13.0,Non renseigné,3,9,0.0,2.0,8.0,0.0,200600055448B01,7,1,1.0,Cohérente,Non cohérentes
463,200600055461,2006-09-08,2006,septembre,vendredi,17:55,67,67482,0.0,0.0,En agglomération,Intersection en T,6.0,Plein jour,Normale,4,Bidirectionnelle,2.0,Plat,1.0,0,132,Mouillée,5.0,Sur chaussée,Blessé léger,Masculin,33.0,Autre,3,9,0.0,1.0,1.0,16.0,200600055461A01,,,,Cohérente,Non cohérentes
464,200600055468,2006-09-12,2006,septembre,mardi,22:00,67,67482,0.0,0.0,En agglomération,Intersection en T,3.0,Nuit avec éclairage public allumé,Normale,4,A sens unique,2.0,Plat,1.0,0,40,Normale,2.0,Sur chaussée,Blessé léger,Masculin,23.0,Promenade - loisirs,2,9,0.0,2.0,8.0,1.0,200600055468A01,7,1,1.0,Cohérente,Non cohérentes
465,200600055469,2006-09-13,2006,septembre,mercredi,16:50,67,67482,0.0,0.0,En agglomération,Intersection en T,3.0,Plein jour,Normale,4,A sens unique,1.0,Plat,1.0,0,45,Normale,0.0,Sur chaussée,Blessé léger,Masculin,58.0,Promenade - loisirs,3,9,0.0,2.0,1.0,19.0,200600055469B01,7,16,1.0,Cohérente,Non cohérentes
466,200600055471,2006-09-14,2006,septembre,jeudi,16:50,67,67482,0.0,0.0,En agglomération,Hors intersection,6.0,Plein jour,Normale,4,A sens unique,1.0,Plat,1.0,0,80,Normale,0.0,Sur chaussée,Blessé léger,Féminin,45.0,Non renseigné,3,9,1.0,0.0,1.0,1.0,200600055471B01,7,22,1.0,Cohérente,Non cohérentes
467,200600055474,2006-09-15,2006,septembre,vendredi,15:00,67,67482,0.0,0.0,En agglomération,Hors intersection,2.0,Plein jour,Pluie légère,4,Bidirectionnelle,2.0,Plat,1.0,0,50,Mouillée,0.0,Sur piste cyclable,Blessé léger,Masculin,21.0,Domicile - travail,3,9,0.0,2.0,4.0,2.0,200600055474B01,30,2,1.0,Cohérente,Non cohérentes
468,200600055490,2006-09-26,2006,septembre,mardi,90:0,67,67482,0.0,0.0,En agglomération,Hors intersection,3.0,Plein jour,Pluie légère,4,Bidirectionnelle,0.0,Plat,1.0,0,116,Mouillée,0.0,Sur chaussée,Blessé léger,Féminin,35.0,Promenade - loisirs,3,9,0.0,2.0,3.0,1.0,200600055490B01,14,1,1.0,Non cohérente,Non cohérentes
469,200600055491,2006-09-26,2006,septembre,mardi,18:30,67,67482,0.0,0.0,En agglomération,Intersection en T,3.0,Plein jour,Normale,4,A sens unique,1.0,Plat,1.0,0,70,Normale,5.0,Sur chaussée,Blessé léger,Féminin,22.0,Domicile - travail,3,9,0.0,2.0,1.0,1.0,200600055491A01,7,15,1.0,Cohérente,Non cohérentes
470,200600055494,2006-09-29,2006,septembre,vendredi,35:0,67,67482,0.0,0.0,En agglomération,Hors intersection,1.0,Nuit avec éclairage public allumé,Normale,4,Bidirectionnelle,2.0,Plat,4.0,0,100,Normale,0.0,Sur chaussée,Blessé léger,Masculin,25.0,Promenade - loisirs,1,4,0.0,2.0,1.0,13.0,200600055494A01,7,1,1.0,Non cohérente,Non cohérentes
471,200600055495,2006-09-29,2006,septembre,vendredi,80:0,67,67482,0.0,0.0,En agglomération,Intersection en T,5.0,Plein jour,Normale,4,Bidirectionnelle,2.0,Plat,1.0,20,60,Normale,0.0,Sur trottoir,Indemne,Masculin,15.0,Non renseigné,1,4,0.0,2.0,1.0,15.0,200600055495A01,10,16,1.0,Non cohérente,Non cohérentes
472,200600055495,2006-09-29,2006,septembre,vendredi,80:0,67,67482,0.0,0.0,En agglomération,Intersection en T,5.0,Plein jour,Normale,4,Bidirectionnelle,2.0,Plat,1.0,20,60,Normale,0.0,Sur trottoir,Blessé hospitalisé,Masculin,15.0,Non renseigné,1,4,0.0,2.0,1.0,1.0,200600055495B01,10,16,1.0,Non cohérente,Non cohérentes
473,200600061421,2006-10-03,2006,octobre,mardi,17:10,33,33063,0.0,0.0,En agglomération,Intersection à plus de 4 branches,3.0,Plein jour,Normale,4,A sens unique,2.0,Plat,1.0,0,83,Normale,0.0,Sur chaussée,Blessé léger,Masculin,18.0,Non renseigné,3,9,0.0,0.0,4.0,1.0,200600061421B01,7,16,1.0,Cohérente,Non cohérentes
474,200600061429,2006-10-05,2006,octobre,jeudi,83:1,33,33063,0.0,0.0,En agglomération,Intersection en X,3.0,Plein jour,Normale,4,A sens unique,1.0,Plat,1.0,0,0,Normale,0.0,Sur chaussée,Blessé léger,Masculin,38.0,Autre,3,9,0.0,2.0,8.0,1.0,200600061429B01,7,1,1.0,Non cohérente,Non cohérentes
475,200600061429,2006-10-05,2006,octobre,jeudi,83:1,33,33063,0.0,0.0,En agglomération,Intersection en X,3.0,Plein jour,Normale,4,A sens unique,1.0,Plat,1.0,0,0,Normale,0.0,Sur chaussée,Blessé léger,Masculin,3.0,Non renseigné,1,2,0.0,2.0,8.0,1.0,200600061429B01,7,1,1.0,Non cohérente,Non cohérentes
476,200600061439,2006-10-09,2006,octobre,lundi,18:40,33,33063,0.0,0.0,En agglomération,Hors intersection,6.0,Plein jour,Normale,4,A sens unique,1.0,Plat,1.0,0,40,Normale,0.0,Sur piste cyclable,Blessé léger,Masculin,58.0,Non renseigné,3,2,1.0,1.0,1.0,1.0,200600061439A01,,,,Cohérente,Non cohérentes
477,200600061444,2006-10-09,2006,octobre,lundi,21:15,33,33063,0.0,0.0,En agglomération,Intersection en X,3.0,Nuit avec éclairage public allumé,Normale,4,Bidirectionnelle,2.0,Plat,1.0,0,0,Mouillée,0.0,Sur chaussée,Blessé léger,Masculin,18.0,Non renseigné,3,2,0.0,0.0,0.0,1.0,200600061444A01,7,1,1.0,Cohérente,Non cohérentes
478,200600061451,2006-10-11,2006,octobre,mercredi,17:28,33,33063,0.0,0.0,En agglomération,Intersection en X,3.0,Plein jour,Normale,4,A sens unique,1.0,Plat,1.0,0,0,Normale,0.0,Sur chaussée,Blessé léger,Masculin,24.0,Domicile - travail,3,2,0.0,2.0,7.0,1.0,200600061451B01,7,4,1.0,Cohérente,Non cohérentes
479,200600061453,2006-10-10,2006,octobre,mardi,12:00,33,33063,0.0,0.0,En agglomération,Hors intersection,3.0,Plein jour,Normale,4,A sens unique,1.0,Plat,1.0,0,0,Normale,0.0,Sur chaussée,Blessé léger,Féminin,57.0,Domicile - travail,3,2,0.0,2.0,8.0,1.0,200600061453B01,10,1,1.0,Cohérente,Non cohérentes
480,200600061456,2006-10-12,2006,octobre,jeudi,90:0,33,33063,0.0,0.0,En agglomération,Intersection en X,3.0,Plein jour,Normale,4,A sens unique,1.0,Plat,1.0,0,0,Normale,4.0,Sur chaussée,Indemne,Féminin,22.0,Non renseigné,3,2,0.0,0.0,4.0,1.0,200600061456B01,33,1,1.0,Non cohérente,Non cohérentes
481,200600061459,2006-10-12,2006,octobre,jeudi,18:40,33,33063,0.0,0.0,En agglomération,Hors intersection,3.0,Plein jour,Normale,4,Bidirectionnelle,2.0,Plat,4.0,0,76,Normale,4.0,Sur chaussée,Blessé hospitalisé,Féminin,53.0,Autre,3,2,0.0,2.0,3.0,1.0,200600061459B01,7,1,1.0,Cohérente,Non cohérentes
482,200600061465,2006-10-13,2006,octobre,vendredi,22:50,33,33063,0.0,0.0,En agglomération,Intersection en X,3.0,Nuit avec éclairage public allumé,Normale,4,A sens unique,1.0,Plat,1.0,0,0,Normale,0.0,Sur chaussée,Blessé léger,Féminin,28.0,Domicile - travail,3,2,0.0,2.0,1.0,1.0,200600061465B01,7,1,1.0,Cohérente,Non cohérentes
483,200600061485,2006-10-18,2006,octobre,mercredi,18:00,33,33063,0.0,0.0,En agglomération,Place,1.0,Plein jour,Normale,4,A sens unique,2.0,Plat,1.0,0,0,Normale,0.0,Sur chaussée,Blessé léger,Masculin,37.0,Domicile - travail,3,2,0.0,2.0,1.0,1.0,200600061485B01,7,15,1.0,Cohérente,Non cohérentes
484,200600061505,2006-10-23,2006,octobre,lundi,16:40,33,33063,0.0,0.0,En agglomération,Hors intersection,6.0,Plein jour,Normale,4,A chaussées séparées,2.0,Plat,1.0,0,0,Normale,0.0,Sur chaussée,Indemne,Féminin,12.0,Non renseigné,3,2,0.0,1.0,1.0,1.0,200600061505A01,1,1,1.0,Cohérente,Non cohérentes
485,200600061505,2006-10-23,2006,octobre,lundi,16:40,33,33063,0.0,0.0,En agglomération,Hors intersection,6.0,Plein jour,Normale,4,A chaussées séparées,2.0,Plat,1.0,0,0,Normale,0.0,Sur chaussée,Indemne,Féminin,12.0,Non renseigné,3,2,0.0,0.0,0.0,1.0,200600061505B01,1,1,1.0,Cohérente,Non cohérentes
486,200600061529,2006-10-25,2006,octobre,mercredi,15:55,33,33063,0.0,0.0,En agglomération,Place,3.0,Plein jour,Normale,4,Bidirectionnelle,3.0,Plat,1.0,0,0,Normale,5.0,Sur chaussée,Blessé léger,Féminin,36.0,Autre,3,2,0.0,2.0,8.0,2.0,200600061529B01,14,2,1.0,Cohérente,Non cohérentes
487,200600061533,2006-10-29,2006,octobre,dimanche,14:25,33,33063,0.0,0.0,En agglomération,Hors intersection,2.0,Plein jour,Normale,4,Bidirectionnelle,2.0,Pente,1.0,0,60,Normale,0.0,Aucun,Blessé léger,Féminin,51.0,Non renseigné,3,2,0.0,0.0,4.0,2.0,200600061533B01,7,1,1.0,Cohérente,Non cohérentes
488,200600061773,2006-10-06,2006,octobre,vendredi,74:5,38,38185,0.0,0.0,En agglomération,Intersection en X,6.0,Plein jour,Normale,4,Bidirectionnelle,3.0,Plat,1.0,0,90,Normale,0.0,Sur chaussée,Blessé léger,Masculin,33.0,Domicile - travail,3,9,0.0,2.0,1.0,15.0,200600061773A01,33,1,1.0,Non cohérente,Non cohérentes
489,200600061779,2006-10-13,2006,octobre,vendredi,16:35,38,38185,0.0,0.0,En agglomération,Hors intersection,3.0,Plein jour,Normale,4,Bidirectionnelle,2.0,Plat,1.0,0,107,Normale,0.0,Sur chaussée,Blessé léger,Masculin,59.0,Non renseigné,3,9,0.0,2.0,1.0,19.0,200600061779A01,7,16,1.0,Cohérente,Non cohérentes
490,200600061780,2006-10-13,2006,octobre,vendredi,17:00,38,38185,0.0,0.0,En agglomération,Hors intersection,3.0,Plein jour,Normale,4,A sens unique,1.0,Plat,1.0,0,30,Normale,0.0,Sur chaussée,Blessé léger,Masculin,16.0,Non renseigné,3,9,1.0,2.0,1.0,19.0,200600061780B01,7,1,1.0,Cohérente,Non cohérentes
491,200600061787,2006-10-21,2006,octobre,samedi,15:08,38,38185,0.0,0.0,En agglomération,Hors intersection,6.0,Plein jour,Normale,4,Bidirectionnelle,6.0,Plat,1.0,0,210,Normale,0.0,Sur piste cyclable,Indemne,Masculin,15.0,Non renseigné,3,9,0.0,1.0,1.0,1.0,200600061787A01,,,,Cohérente,Non cohérentes
492,200600061793,2006-10-26,2006,octobre,jeudi,12:50,38,38185,0.0,0.0,En agglomération,Hors intersection,6.0,Plein jour,Normale,4,A sens unique,1.0,Plat,1.0,0,30,Non renseigné,0.0,Sur chaussée,Blessé léger,Masculin,39.0,Autre,3,2,0.0,2.0,4.0,2.0,200600061793A01,7,0,1.0,Cohérente,Non cohérentes
493,200600062807,2006-10-05,2006,octobre,jeudi,11:45,67,67482,0.0,0.0,En agglomération,Intersection en X,3.0,Plein jour,Normale,4,Bidirectionnelle,2.0,Plat,1.0,0,73,Normale,0.0,Sur chaussée,Blessé léger,Masculin,44.0,Domicile - travail,3,2,0.0,2.0,1.0,1.0,200600062807B01,7,15,1.0,Cohérente,Non cohérentes
494,200600062808,2006-10-05,2006,octobre,jeudi,14:20,67,67482,0.0,0.0,En agglomération,Intersection en T,3.0,Plein jour,Normale,4,A sens unique,1.0,Plat,1.0,0,90,Normale,0.0,Sur chaussée,Blessé léger,Masculin,40.0,Promenade - loisirs,3,9,0.0,2.0,1.0,19.0,200600062808B01,7,15,1.0,Cohérente,Non cohérentes
495,200600062809,2006-10-05,2006,octobre,jeudi,18:55,67,67482,0.0,0.0,En agglomération,Hors intersection,3.0,Plein jour,Normale,9,Bidirectionnelle,2.0,Plat,1.0,0,124,Normale,0.0,Sur piste cyclable,Indemne,Masculin,16.0,Promenade - loisirs,3,9,0.0,2.0,7.0,17.0,200600062809A01,1,1,1.0,Cohérente,Non cohérentes
496,200600062809,2006-10-05,2006,octobre,jeudi,18:55,67,67482,0.0,0.0,En agglomération,Hors intersection,3.0,Plein jour,Normale,9,Bidirectionnelle,2.0,Plat,1.0,0,124,Normale,0.0,Sur piste cyclable,Blessé léger,Masculin,58.0,Promenade - loisirs,3,9,0.0,2.0,3.0,1.0,200600062809B01,1,17,1.0,Cohérente,Non cohérentes
497,200600062810,2006-10-06,2006,octobre,vendredi,82:5,67,67482,0.0,0.0,En agglomération,Intersection en Y,3.0,Plein jour,Normale,4,Bidirectionnelle,2.0,Plat,1.0,0,110,Normale,5.0,Sur chaussée,Tué,Masculin,82.0,Promenade - loisirs,3,9,0.0,2.0,8.0,1.0,200600062810B01,20,14,1.0,Non cohérente,Non cohérentes
498,200600062813,2006-10-09,2006,octobre,lundi,70:0,67,67482,0.0,0.0,En agglomération,Intersection en T,6.0,Crépuscule ou aube,Normale,4,Bidirectionnelle,2.0,Plat,1.0,0,70,Normale,0.0,Sur chaussée,Blessé hospitalisé,Masculin,31.0,Utilisation professionnelle,3,9,0.0,2.0,1.0,1.0,200600062813B01,13,15,1.0,Non cohérente,Non cohérentes
499,200600062815,2006-10-10,2006,octobre,mardi,13:40,67,67482,0.0,0.0,En agglomération,Intersection en X,3.0,Plein jour,Normale,4,Bidirectionnelle,4.0,Pente,1.0,0,100,Normale,2.0,Sur chaussée,Blessé léger,Masculin,36.0,Promenade - loisirs,3,0,0.0,2.0,8.0,19.0,200600062815A01,7,1,1.0,Cohérente,Non cohérentes
500,200600062822,2006-10-13,2006,octobre,vendredi,14:15,67,67482,0.0,0.0,En agglomération,Hors intersection,5.0,Plein jour,Normale,4,Bidirectionnelle,2.0,Plat,1.0,0,115,Normale,0.0,Sur chaussée,Blessé léger,Féminin,30.0,Promenade - loisirs,3,9,0.0,2.0,1.0,1.0,200600062822B01,33,17,1.0,Cohérente,Non cohérentes
501,200600062822,2006-10-13,2006,octobre,vendredi,14:15,67,67482,0.0,0.0,En agglomération,Hors intersection,5.0,Plein jour,Normale,4,Bidirectionnelle,2.0,Plat,1.0,0,115,Normale,0.0,Sur chaussée,Blessé léger,Masculin,23.0,Promenade - loisirs,3,9,0.0,2.0,8.0,15.0,200600062822C01,33,17,1.0,Cohérente,Non cohérentes
502,200600062824,2006-10-15,2006,octobre,dimanche,16:00,67,67482,0.0,0.0,En agglomération,Hors intersection,6.0,Plein jour,Normale,4,Bidirectionnelle,3.0,Plat,1.0,0,96,Normale,0.0,Sur piste cyclable,Indemne,Masculin,32.0,Promenade - loisirs,3,9,0.0,1.0,1.0,1.0,200600062824A01,,,,Cohérente,Non cohérentes
503,200600062824,2006-10-15,2006,octobre,dimanche,16:00,67,67482,0.0,0.0,En agglomération,Hors intersection,6.0,Plein jour,Normale,4,Bidirectionnelle,3.0,Plat,1.0,0,96,Normale,0.0,Sur piste cyclable,Blessé léger,Masculin,84.0,Promenade - loisirs,3,0,0.0,1.0,1.0,1.0,200600062824A01,,,,Cohérente,Non cohérentes
504,200600062831,2006-10-23,2006,octobre,lundi,90:0,67,67482,0.0,0.0,En agglomération,Intersection en T,3.0,Plein jour,Pluie légère,4,Bidirectionnelle,2.0,Plat,1.0,0,80,Mouillée,0.0,Sur piste cyclable,Blessé léger,Féminin,42.0,Domicile - travail,3,9,0.0,2.0,1.0,1.0,200600062831A01,7,1,1.0,Non cohérente,Non cohérentes
505,200600062839,2006-10-26,2006,octobre,jeudi,80:0,67,67482,0.0,0.0,En agglomération,Intersection en X,6.0,Plein jour,Normale,4,Bidirectionnelle,2.0,Plat,1.0,0,71,Normale,5.0,Sur chaussée,Blessé léger,Féminin,18.0,Domicile - école,1,9,0.0,4.0,1.0,1.0,200600062839B01,40,1,1.0,Non cohérente,Non cohérentes
506,200600062840,2006-10-27,2006,octobre,vendredi,83:0,67,67482,0.0,0.0,En agglomération,Intersection en T,3.0,Plein jour,Normale,4,Bidirectionnelle,2.0,Plat,1.0,0,83,Normale,0.0,Sur chaussée,Blessé léger,Féminin,33.0,Domicile - travail,2,9,0.0,2.0,8.0,15.0,200600062840B01,7,15,1.0,Non cohérente,Non cohérentes
507,200600062842,2006-10-26,2006,octobre,jeudi,10:50,67,67482,0.0,0.0,En agglomération,Hors intersection,5.0,Plein jour,Normale,4,Bidirectionnelle,2.0,Plat,1.0,0,64,Normale,0.0,Sur piste cyclable,Blessé hospitalisé,Masculin,24.0,Domicile - travail,3,9,1.0,2.0,1.0,1.0,200600062842B01,7,22/1,2.0,Cohérente,Non cohérentes