,Num_Acc,date,an,mois,jour,hrmn,dep,com,lat,long,agg,int,col,lum,atm,catr,circ,nbv,prof,plan,lartpc,larrout,surf,infra,situ,grav,sexe,age,trajet,secuexist,equipement,obs,obsm,choc,manv,vehiculeid,typevehicules,manoeuvehicules,numVehicules,statut_heure,statut_coord
508,200600062847,2006-10-28,2006,octobre,samedi,13:20,67,67482,0.0,0.0,En agglomération,Hors intersection,6.0,Plein jour,Normale,4,Bidirectionnelle,3.0,Pente,1.0,0,128,Normale,0.0,Sur chaussée,Blessé léger,Féminin,18.0,Domicile - école,3,9,1.0,2.0,1.0,1.0,200600062847B01,7,22,1.0,Cohérente,Non cohérentes
509,200600062852,2006-10-31,2006,octobre,mardi,83:0,67,67482,0.0,0.0,En agglomération,Hors intersection,3.0,Plein jour,Normale,4,Non renseigné,4.0,Plat,1.0,0,70,Normale,0.0,Sur chaussée,Blessé léger,Féminin,52.0,Promenade - loisirs,1,9,0.0,2.0,7.0,19.0,200600062852B01,7,1,1.0,Non cohérente,Non cohérentes
510,200600063020,2006-10-19,2006,octobre,jeudi,19:50,74,74010,0.0,0.0,En agglomération,Intersection en X,6.0,Nuit avec éclairage public allumé,Normale,4,Bidirectionnelle,0.0,Non renseigné,-1.0,0,0,Normale,0.0,Sur chaussée,Blessé hospitalisé,Masculin,29.0,Autre,3,4,0.0,2.0,1.0,1.0,200600063020A01,7,1,1.0,Cohérente,Non cohérentes
511,200600066946,2006-11-06,2006,novembre,lundi,14:00,33,33063,0.0,0.0,En agglomération,Hors intersection,6.0,Plein jour,Normale,4,Bidirectionnelle,1.0,Plat,2.0,0,0,Normale,0.0,Sur chaussée,Blessé léger,Masculin,16.0,Non renseigné,3,2,0.0,2.0,1.0,19.0,200600066946B01,7,1,1.0,Cohérente,Non cohérentes
512,200600066976,2006-11-15,2006,novembre,mercredi,19:15,33,33063,0.0,0.0,En agglomération,Intersection en X,3.0,Nuit avec éclairage public allumé,Normale,4,A sens unique,1.0,Plat,1.0,0,48,Normale,0.0,Sur chaussée,Blessé léger,Masculin,21.0,Non renseigné,2,4,0.0,2.0,0.0,1.0,200600066976B01,7,15,1.0,Cohérente,Non cohérentes
513,200600066988,2006-11-20,2006,novembre,lundi,74:0,33,33063,0.0,0.0,En agglomération,Intersection en X,3.0,Plein jour,Normale,4,A sens unique,1.0,Plat,1.0,0,0,Normale,0.0,Sur chaussée,Indemne,Masculin,24.0,Non renseigné,3,2,0.0,0.0,1.0,1.0,200600066988A01,2,1,1.0,Non cohérente,Non cohérentes
514,200600067015,2006-11-27,2006,novembre,lundi,74:0,33,33063,0.0,0.0,En agglomération,Hors intersection,3.0,Crépuscule ou aube,Normale,4,Bidirectionnelle,3.0,Plat,1.0,0,100,Normale,0.0,Sur chaussée,Blessé léger,Féminin,10.0,Domicile - école,3,2,0.0,2.0,4.0,13.0,200600067015A01,38,1,1.0,Non cohérente,Non cohérentes
515,200600067017,2006-11-28,2006,novembre,mardi,10:45,33,33063,0.0,0.0,En agglomération,Hors intersection,3.0,Plein jour,Normale,4,Bidirectionnelle,2.0,Plat,1.0,0,75,Normale,0.0,Sur chaussée,Blessé léger,Masculin,20.0,Non renseigné,3,2,1.0,0.0,1.0,1.0,200600067017B01,7,22,1.0,Cohérente,Non cohérentes
516,200600067018,2006-11-27,2006,novembre,lundi,12:30,33,33063,0.0,0.0,En agglomération,Hors intersection,3.0,Plein jour,Normale,4,Bidirectionnelle,2.0,Plat,1.0,0,0,Normale,0.0,Sur chaussée,Blessé léger,Féminin,32.0,Non renseigné,3,2,14.0,0.0,1.0,1.0,200600067018B01,7,22,1.0,Cohérente,Non cohérentes
517,200600067029,2006-11-30,2006,novembre,jeudi,84:0,33,33063,0.0,0.0,En agglomération,Intersection en X,3.0,Plein jour,Normale,4,A sens unique,1.0,Plat,1.0,0,51,Normale,0.0,Sur chaussée,Blessé léger,Féminin,14.0,Autre,3,2,0.0,2.0,1.0,1.0,200600067029A01,7,1,1.0,Non cohérente,Non cohérentes
518,200600067246,2006-11-06,2006,novembre,lundi,14:40,38,38185,0.0,0.0,En agglomération,Hors intersection,6.0,Plein jour,Normale,4,Bidirectionnelle,2.0,Plat,1.0,0,106,Normale,0.0,Sur chaussée,Blessé hospitalisé,Masculin,59.0,Non renseigné,3,9,1.0,0.0,1.0,1.0,200600067246B01,7,22,1.0,Cohérente,Non cohérentes
519,200600067270,2006-11-21,2006,novembre,mardi,73:0,38,38185,0.0,0.0,En agglomération,Hors intersection,6.0,Crépuscule ou aube,Pluie légère,4,Bidirectionnelle,3.0,Plat,1.0,0,140,Mouillée,0.0,Sur chaussée,Blessé léger,Masculin,58.0,Non renseigné,3,9,0.0,2.0,3.0,19.0,200600067270A01,37,1,1.0,Non cohérente,Non cohérentes
520,200600067275,2006-11-22,2006,novembre,mercredi,95:0,38,38185,0.0,0.0,En agglomération,Intersection en X,1.0,Plein jour,Normale,3,A sens unique,3.0,Plat,1.0,0,90,Non renseigné,0.0,Aucun,Blessé léger,Féminin,32.0,Domicile - travail,3,9,0.0,2.0,1.0,1.0,200600067275B01,31,5,1.0,Non cohérente,Non cohérentes
521,200600067277,2006-11-23,2006,novembre,jeudi,14:10,38,38185,0.0,0.0,En agglomération,Hors intersection,3.0,Plein jour,Normale,3,Non renseigné,0.0,Plat,1.0,0,0,Normale,0.0,Aucun,Tué,Masculin,50.0,Non renseigné,3,9,0.0,4.0,1.0,16.0,200600067277B01,40,1,1.0,Cohérente,Non cohérentes
522,200600067280,2006-11-28,2006,novembre,mardi,83:0,38,38185,0.0,0.0,En agglomération,Intersection en T,3.0,Plein jour,Normale,4,Bidirectionnelle,2.0,Plat,1.0,0,60,Non renseigné,0.0,Sur chaussée,Blessé léger,Féminin,31.0,Non renseigné,3,9,0.0,2.0,1.0,1.0,200600067280B01,7,15,1.0,Non cohérente,Non cohérentes
523,200600067282,2006-11-28,2006,novembre,mardi,10:00,38,38185,0.0,0.0,En agglomération,Hors intersection,6.0,Plein jour,Normale,4,Bidirectionnelle,2.0,Plat,1.0,0,70,Normale,0.0,Sur piste cyclable,Blessé léger,Féminin,27.0,Non renseigné,3,9,0.0,2.0,1.0,1.0,200600067282A01,7,15,1.0,Cohérente,Non cohérentes
524,200600068280,2006-11-07,2006,novembre,mardi,82:1,67,67482,0.0,0.0,En agglomération,Intersection en T,3.0,Plein jour,Brouillard - fumée,4,A sens unique,1.0,Plat,1.0,58,42,Normale,0.0,Sur chaussée,Blessé léger,Féminin,39.0,Domicile - travail,1,4,0.0,2.0,1.0,5.0,200600068280A01,7,15,1.0,Non cohérente,Non cohérentes
525,200600068283,2006-11-10,2006,novembre,vendredi,18:35,67,67482,0.0,0.0,En agglomération,Hors intersection,3.0,Nuit avec éclairage public allumé,Normale,4,Bidirectionnelle,2.0,Plat,1.0,0,150,Normale,0.0,Sur chaussée,Blessé léger,Masculin,18.0,Non renseigné,3,2,0.0,2.0,7.0,19.0,200600068283A01,7,1,1.0,Cohérente,Non cohérentes
526,200600068297,2006-11-21,2006,novembre,mardi,11:25,67,67482,0.0,0.0,En agglomération,Intersection en T,3.0,Plein jour,Pluie forte,4,Bidirectionnelle,3.0,Plat,1.0,0,90,Mouillée,5.0,Sur chaussée,Blessé hospitalisé,Féminin,20.0,Non renseigné,3,9,0.0,2.0,9.0,0.0,200600068297B01,14,16,1.0,Cohérente,Non cohérentes
527,200600068302,2006-11-25,2006,novembre,samedi,13:50,67,67482,0.0,0.0,En agglomération,Hors intersection,2.0,Plein jour,Normale,4,Bidirectionnelle,2.0,Plat,1.0,0,124,Normale,0.0,Sur chaussée,Blessé léger,Masculin,28.0,Promenade - loisirs,1,9,0.0,2.0,1.0,1.0,200600068302A01,7,23,1.0,Cohérente,Non cohérentes
528,200600068303,2006-11-25,2006,novembre,samedi,14:24,67,67482,0.0,0.0,En agglomération,Intersection en X,3.0,Plein jour,Normale,4,Bidirectionnelle,2.0,Plat,1.0,0,153,Normale,0.0,Aucun,Blessé hospitalisé,Masculin,72.0,Promenade - loisirs,3,4,0.0,2.0,1.0,19.0,200600068303B01,38,16,1.0,Cohérente,Non cohérentes
529,200600068442,2006-11-11,2006,novembre,samedi,17:00,74,74010,0.0,0.0,En agglomération,Hors intersection,3.0,Plein jour,Normale,4,Bidirectionnelle,2.0,Plat,-1.0,0,0,Normale,0.0,Sur chaussée,Blessé léger,Masculin,8.0,Autre,3,9,0.0,0.0,3.0,1.0,200600068442B01,7,1,1.0,Cohérente,Non cohérentes
530,200600068443,2006-11-17,2006,novembre,vendredi,17:28,74,74010,0.0,0.0,En agglomération,Intersection en T,3.0,Nuit avec éclairage public allumé,Pluie légère,4,Bidirectionnelle,4.0,Plat,1.0,0,0,Mouillée,0.0,Sur chaussée,Blessé léger,Masculin,15.0,Autre,3,9,0.0,2.0,1.0,15.0,200600068443A01,7,1,1.0,Cohérente,Non cohérentes
531,200600076188,2006-12-29,2006,décembre,vendredi,17:30,33,33063,0.0,0.0,En agglomération,Hors intersection,6.0,Nuit avec éclairage public allumé,Normale,4,A chaussées séparées,2.0,Plat,1.0,0,150,Normale,2.0,Sur piste cyclable,Blessé léger,Masculin,41.0,Non renseigné,3,9,0.0,1.0,1.0,1.0,200600076188A01,,,,Cohérente,Non cohérentes
532,200600076205,2006-12-05,2006,décembre,mardi,81:0,33,33063,0.0,0.0,En agglomération,Intersection en T,3.0,Crépuscule ou aube,Normale,4,Bidirectionnelle,2.0,Plat,1.0,0,86,Mouillée,0.0,Sur chaussée,Blessé léger,Masculin,19.0,Non renseigné,3,2,0.0,2.0,1.0,1.0,200600076205B01,7,15,1.0,Non cohérente,Non cohérentes
533,200600076252,2006-12-13,2006,décembre,mercredi,17:54,33,33063,0.0,0.0,En agglomération,Intersection en X,3.0,Nuit avec éclairage public allumé,Normale,4,A chaussées séparées,4.0,Plat,2.0,0,0,Normale,0.0,Sur chaussée,Blessé léger,Masculin,21.0,Domicile - travail,3,2,0.0,2.0,1.0,1.0,200600076252B01,7,1,1.0,Cohérente,Non cohérentes
534,200600076296,2006-12-24,2006,décembre,dimanche,10:00,33,33063,0.0,0.0,En agglomération,Hors intersection,3.0,Plein jour,Temps couvert,4,Bidirectionnelle,2.0,Plat,1.0,0,67,Normale,0.0,Sur chaussée,Blessé hospitalisé,Masculin,82.0,Utilisation professionnelle,3,9,0.0,2.0,1.0,1.0,200600076296B01,7,22,1.0,Cohérente,Non cohérentes
535,200600076505,2006-12-01,2006,décembre,vendredi,17:20,38,38185,0.0,0.0,En agglomération,Hors intersection,6.0,Nuit avec éclairage public allumé,Normale,4,A sens unique,3.0,Plat,2.0,0,105,Normale,0.0,Sur piste cyclable,Blessé léger,Masculin,40.0,Domicile - travail,3,9,0.0,2.0,1.0,1.0,200600076505B01,32,16,1.0,Cohérente,Non cohérentes
536,200600076510,2006-12-06,2006,décembre,mercredi,21:05,38,38185,0.0,0.0,En agglomération,Intersection en X,3.0,Nuit avec éclairage public allumé,Normale,4,A sens unique,1.0,Plat,1.0,0,46,Non renseigné,0.0,Sur chaussée,Blessé léger,Masculin,23.0,Non renseigné,3,9,0.0,2.0,1.0,1.0,200600076510A01,7,15,1.0,Cohérente,Non cohérentes
537,200600076512,2006-12-08,2006,décembre,vendredi,12:40,38,38185,0.0,0.0,En agglomération,Hors intersection,3.0,Plein jour,Normale,4,Bidirectionnelle,3.0,Plat,1.0,0,90,Non renseigné,0.0,Sur piste cyclable,Blessé léger,Masculin,12.0,Non renseigné,3,9,0.0,2.0,1.0,1.0,200600076512B01,7,16,1.0,Cohérente,Non cohérentes
538,200600076518,2006-12-15,2006,décembre,vendredi,10:30,38,38185,0.0,0.0,En agglomération,Intersection en X,6.0,Plein jour,Normale,3,A sens unique,2.0,Plat,1.0,0,70,Normale,0.0,Sur chaussée,Indemne,Masculin,20.0,Non renseigné,3,9,0.0,1.0,2.0,1.0,200600076518A01,,,,Cohérente,Non cohérentes
539,200600076519,2006-12-15,2006,décembre,vendredi,16:50,38,38185,0.0,0.0,En agglomération,Intersection en T,1.0,Crépuscule ou aube,Normale,3,Bidirectionnelle,2.0,Plat,1.0,0,100,Non renseigné,0.0,Sur chaussée,Blessé léger,Féminin,29.0,Promenade - loisirs,3,9,0.0,2.0,1.0,1.0,200600076519A01,99,1,1.0,Cohérente,Non cohérentes
540,200600076526,2006-12-20,2006,décembre,mercredi,73:0,38,38185,0.0,0.0,En agglomération,Hors intersection,6.0,Nuit avec éclairage public allumé,Normale,4,A sens unique,1.0,Plat,1.0,0,40,Normale,0.0,Sur trottoir,Indemne,Masculin,34.0,Non renseigné,3,9,0.0,1.0,1.0,1.0,200600076526A01,,,,Non cohérente,Non cohérentes
541,200600076537,2006-12-27,2006,décembre,mercredi,15:45,38,38185,0.0,0.0,En agglomération,Intersection en T,3.0,Plein jour,Normale,4,Bidirectionnelle,2.0,Plat,1.0,0,60,Non renseigné,0.0,Sur chaussée,Blessé léger,Masculin,13.0,Promenade - loisirs,3,4,0.0,2.0,1.0,1.0,200600076537A01,7,1,1.0,Cohérente,Non cohérentes
542,200600077529,2006-12-01,2006,décembre,vendredi,17:30,67,67482,0.0,0.0,En agglomération,Hors intersection,3.0,Nuit avec éclairage public allumé,Normale,4,Bidirectionnelle,2.0,Plat,1.0,0,120,Normale,0.0,Sur chaussée,Blessé léger,Masculin,15.0,Promenade - loisirs,3,9,0.0,2.0,1.0,1.0,200600077529B01,7,1,1.0,Cohérente,Non cohérentes
543,200600077545,2006-12-10,2006,décembre,dimanche,18:50,67,67482,0.0,0.0,En agglomération,Intersection en T,3.0,Nuit sans éclairage public,Normale,4,Bidirectionnelle,2.0,Plat,3.0,0,70,Normale,0.0,Sur chaussée,Blessé léger,Masculin,51.0,Non renseigné,1,2,0.0,2.0,1.0,1.0,200600077545B01,7,15,1.0,Cohérente,Non cohérentes
544,200600077551,2006-12-13,2006,décembre,mercredi,74:5,67,67482,0.0,0.0,En agglomération,Intersection en X,3.0,Plein jour,Normale,4,A sens unique,5.0,Plat,1.0,50,101,Normale,0.0,Sur chaussée,Blessé léger,Masculin,18.0,Domicile - travail,1,9,0.0,2.0,1.0,1.0,200600077551A01,7,1,1.0,Non cohérente,Non cohérentes
545,200600077556,2006-12-16,2006,décembre,samedi,80:5,67,67482,0.0,0.0,En agglomération,Intersection en X,3.0,Plein jour,Normale,4,A chaussées séparées,2.0,Plat,1.0,135,36,Normale,4.0,Sur chaussée,Blessé léger,Masculin,16.0,Promenade - loisirs,1,9,0.0,2.0,1.0,19.0,200600077556A01,7,1,1.0,Non cohérente,Non cohérentes
546,200600077559,2006-12-18,2006,décembre,lundi,71:0,67,67482,0.0,0.0,En agglomération,Hors intersection,3.0,Crépuscule ou aube,Normale,4,Bidirectionnelle,4.0,Plat,1.0,48,133,Normale,0.0,Sur chaussée,Blessé hospitalisé,Féminin,11.0,Domicile - école,2,2,0.0,2.0,1.0,19.0,200600077559B01,7,1,1.0,Non cohérente,Non cohérentes
547,200700002696,2007-01-10,2007,janvier,mercredi,10:40,33,33063,0.0,0.0,En agglomération,Intersection en X,6.0,Plein jour,Normale,4,A sens unique,0.0,Plat,1.0,0,60,Normale,0.0,Sur chaussée,Indemne,Masculin,48.0,Non renseigné,3,9,0.0,1.0,1.0,16.0,200700002696A01,,,,Cohérente,Non cohérentes
548,200700002703,2007-01-12,2007,janvier,vendredi,42:0,33,33063,0.0,0.0,En agglomération,Giratoire,3.0,Nuit avec éclairage public allumé,Normale,4,A sens unique,1.0,Plat,1.0,0,0,Mouillée,0.0,Sur chaussée,Blessé hospitalisé,Féminin,34.0,Non renseigné,3,9,0.0,2.0,3.0,1.0,200700002703B01,7,1,1.0,Non cohérente,Non cohérentes
549,200700002725,2007-01-18,2007,janvier,jeudi,17:35,33,33063,0.0,0.0,En agglomération,Hors intersection,6.0,Crépuscule ou aube,Pluie légère,4,A sens unique,1.0,Plat,1.0,0,53,Mouillée,0.0,Sur chaussée,Blessé léger,Féminin,25.0,Non renseigné,3,9,1.0,0.0,1.0,13.0,200700002725B01,7,22,1.0,Cohérente,Non cohérentes
550,200700002737,2007-01-21,2007,janvier,dimanche,13:00,33,33063,0.0,0.0,En agglomération,Intersection en X,3.0,Plein jour,Normale,4,A sens unique,1.0,Plat,1.0,0,95,Normale,0.0,Sur chaussée,Blessé hospitalisé,Masculin,58.0,Non renseigné,3,9,0.0,2.0,1.0,1.0,200700002737A01,7,15,1.0,Cohérente,Non cohérentes
551,200700002941,2007-01-03,2007,janvier,mercredi,13:40,38,38185,0.0,0.0,En agglomération,Giratoire,6.0,Plein jour,Pluie légère,4,A sens unique,4.0,Plat,3.0,0,140,Mouillée,5.0,Sur piste cyclable,Blessé léger,Masculin,25.0,Non renseigné,3,9,0.0,2.0,1.0,1.0,200700002941B01,7,16,1.0,Cohérente,Non cohérentes
552,200700002957,2007-01-20,2007,janvier,samedi,23:40,38,38185,0.0,0.0,En agglomération,Intersection en X,3.0,Nuit avec éclairage public non allumé,Normale,4,Bidirectionnelle,2.0,Plat,1.0,0,70,Normale,2.0,Sur chaussée,Blessé léger,Masculin,47.0,Non renseigné,3,9,0.0,2.0,1.0,1.0,200700002957A01,7,1,1.0,Cohérente,Non cohérentes
553,200700003800,2007-01-01,2007,janvier,lundi,13:55,67,67482,0.0,0.0,En agglomération,Intersection en X,3.0,Plein jour,Pluie légère,4,A sens unique,3.0,Plat,1.0,0,120,Mouillée,0.0,Sur chaussée,Blessé hospitalisé,Féminin,25.0,Non renseigné,3,2,0.0,2.0,7.0,19.0,200700003800A01,7,1,1.0,Cohérente,Non cohérentes
554,200700003809,2007-01-09,2007,janvier,mardi,14:10,67,67482,0.0,0.0,En agglomération,Hors intersection,6.0,Plein jour,Pluie légère,4,Bidirectionnelle,1.0,Plat,1.0,0,30,Mouillée,0.0,Sur piste cyclable,Blessé léger,Masculin,19.0,Non renseigné,3,9,0.0,2.0,1.0,1.0,200700003809A01,1,0,1.0,Cohérente,Non cohérentes
555,200700003809,2007-01-09,2007,janvier,mardi,14:10,67,67482,0.0,0.0,En agglomération,Hors intersection,6.0,Plein jour,Pluie légère,4,Bidirectionnelle,1.0,Plat,1.0,0,30,Mouillée,0.0,Sur piste cyclable,Indemne,Masculin,35.0,Non renseigné,3,9,0.0,2.0,1.0,0.0,200700003809B01,1,1,1.0,Cohérente,Non cohérentes
556,200700003810,2007-01-09,2007,janvier,mardi,18:10,67,67482,0.0,0.0,En agglomération,Intersection en T,6.0,Nuit avec éclairage public allumé,Pluie légère,4,Bidirectionnelle,2.0,Plat,1.0,0,111,Normale,0.0,Sur chaussée,Blessé léger,Féminin,43.0,Non renseigné,3,9,0.0,2.0,1.0,2.0,200700003810B01,7,16,1.0,Cohérente,Non cohérentes
557,200700003811,2007-01-10,2007,janvier,mercredi,75:0,67,67482,0.0,0.0,En agglomération,Hors intersection,3.0,Crépuscule ou aube,Normale,4,Bidirectionnelle,3.0,Plat,1.0,0,138,Normale,0.0,Sur chaussée,Blessé léger,Masculin,36.0,Utilisation professionnelle,3,9,0.0,2.0,4.0,1.0,200700003811B01,7,17,1.0,Non cohérente,Non cohérentes
558,200700003826,2007-01-23,2007,janvier,mardi,10:51,67,67482,0.0,0.0,En agglomération,Hors intersection,3.0,Plein jour,Normale,4,Bidirectionnelle,2.0,Plat,1.0,0,180,Normale,0.0,Sur chaussée,Blessé léger,Masculin,51.0,Utilisation professionnelle,3,9,0.0,2.0,1.0,16.0,200700003826A01,7,1,1.0,Cohérente,Non cohérentes
559,200700003830,2007-01-26,2007,janvier,vendredi,14:35,67,67482,0.0,0.0,En agglomération,Intersection en X,3.0,Plein jour,Normale,4,A sens unique,1.0,Plat,1.0,0,57,Normale,0.0,Sur chaussée,Blessé léger,Féminin,21.0,Non renseigné,3,9,0.0,2.0,1.0,1.0,200700003830B01,7,1,1.0,Cohérente,Non cohérentes
560,200700003967,2007-01-03,2007,janvier,mercredi,13:35,74,74010,0.0,0.0,En agglomération,Intersection en T,6.0,Plein jour,Normale,4,Bidirectionnelle,3.0,Plat,-1.0,0,0,Normale,0.0,Sur chaussée,Blessé hospitalisé,Féminin,49.0,Autre,3,9,0.0,0.0,1.0,13.0,200700003967B01,33,1,1.0,Cohérente,Non cohérentes
561,200700003971,2007-01-15,2007,janvier,lundi,81:0,74,74010,0.0,0.0,En agglomération,Giratoire,6.0,Plein jour,Normale,4,A chaussées séparées,2.0,Plat,1.0,0,0,Normale,0.0,Sur chaussée,Blessé léger,Féminin,43.0,Autre,3,9,0.0,0.0,1.0,1.0,200700003971B01,7,9,1.0,Non cohérente,Non cohérentes
562,200700003975,2007-01-28,2007,janvier,dimanche,22:4,74,74010,0.0,0.0,En agglomération,Intersection en X,6.0,Nuit avec éclairage public allumé,Temps couvert,4,Bidirectionnelle,0.0,Plat,1.0,0,0,Mouillée,0.0,Sur chaussée,Blessé léger,Masculin,18.0,Autre,2,9,0.0,0.0,1.0,1.0,200700003975B01,7,15,1.0,Cohérente,Non cohérentes
563,200700008566,2007-02-12,2007,février,lundi,74:5,33,33063,0.0,0.0,En agglomération,Intersection en X,3.0,Crépuscule ou aube,Pluie légère,4,Bidirectionnelle,4.0,Plat,1.0,0,0,Normale,0.0,Sur chaussée,Blessé léger,Masculin,17.0,Non renseigné,3,2,0.0,2.0,1.0,1.0,200700008566A01,7,15,1.0,Non cohérente,Non cohérentes
564,200700008573,2007-02-13,2007,février,mardi,11:40,33,33063,0.0,0.0,En agglomération,Hors intersection,3.0,Plein jour,Normale,4,A chaussées séparées,2.0,Plat,1.0,24,34,Normale,0.0,Sur chaussée,Blessé léger,Masculin,69.0,Non renseigné,3,9,0.0,0.0,6.0,15.0,200700008573A01,7,1,1.0,Cohérente,Non cohérentes
565,200700008594,2007-02-21,2007,février,mercredi,11:15,33,33063,0.0,0.0,En agglomération,Hors intersection,3.0,Plein jour,Normale,4,Bidirectionnelle,2.0,Pente,1.0,0,80,Mouillée,2.0,Sur chaussée,Blessé hospitalisé,Masculin,84.0,Non renseigné,3,2,1.0,0.0,1.0,1.0,200700008594B01,7,22,1.0,Cohérente,Non cohérentes
566,200700008595,2007-02-21,2007,février,mercredi,20:45,33,33063,0.0,0.0,En agglomération,Intersection en X,6.0,Nuit avec éclairage public allumé,Normale,4,A sens unique,1.0,Plat,1.0,0,42,Normale,0.0,Sur chaussée,Blessé léger,Féminin,57.0,Non renseigné,3,2,0.0,2.0,1.0,1.0,200700008595A01,7,5,2.0,Cohérente,Non cohérentes
567,200700008621,2007-02-27,2007,février,mardi,85:5,33,33063,0.0,0.0,En agglomération,Hors intersection,3.0,Plein jour,Pluie légère,4,Bidirectionnelle,2.0,Plat,1.0,0,70,Mouillée,0.0,Sur chaussée,Blessé léger,Masculin,22.0,Domicile - travail,3,2,1.0,0.0,1.0,1.0,200700008621B01,7,22,1.0,Non cohérente,Non cohérentes
568,200700009456,2007-02-08,2007,février,jeudi,74:5,67,67482,0.0,0.0,En agglomération,Hors intersection,3.0,Plein jour,Temps couvert,4,A chaussées séparées,4.0,Plat,1.0,135,200,Mouillée,5.0,Sur chaussée,Blessé léger,Féminin,23.0,Promenade - loisirs,3,9,0.0,2.0,1.0,19.0,200700009456A01,7,1,1.0,Non cohérente,Non cohérentes
569,200700009471,2007-02-16,2007,février,vendredi,10:15,67,67482,0.0,0.0,En agglomération,Hors intersection,3.0,Plein jour,Normale,4,Bidirectionnelle,2.0,Plat,1.0,0,120,Normale,0.0,Sur chaussée,Blessé hospitalisé,Masculin,56.0,Domicile - travail,3,2,0.0,2.0,1.0,1.0,200700009471B01,7,22,1.0,Cohérente,Non cohérentes
570,200700009473,2007-02-18,2007,février,dimanche,25:,67,67482,0.0,0.0,En agglomération,Hors intersection,6.0,Nuit avec éclairage public allumé,Normale,4,A chaussées séparées,2.0,Plat,1.0,0,120,Normale,0.0,Sur piste cyclable,Indemne,Masculin,21.0,Promenade - loisirs,3,9,0.0,9.0,0.0,13.0,200700009473A01,1,17,1.0,Non cohérente,Non cohérentes
571,200700009473,2007-02-18,2007,février,dimanche,25:,67,67482,0.0,0.0,En agglomération,Hors intersection,6.0,Nuit avec éclairage public allumé,Normale,4,A chaussées séparées,2.0,Plat,1.0,0,120,Normale,0.0,Sur piste cyclable,Blessé léger,Masculin,36.0,Promenade - loisirs,3,9,0.0,9.0,1.0,17.0,200700009473B01,1,13,1.0,Non cohérente,Non cohérentes
572,200700009475,2007-02-21,2007,février,mercredi,13:55,67,67482,0.0,0.0,En agglomération,Intersection en T,3.0,Plein jour,Normale,4,A chaussées séparées,2.0,Plat,1.0,50,160,Normale,0.0,Sur chaussée,Blessé hospitalisé,Féminin,32.0,Promenade - loisirs,1,9,0.0,2.0,3.0,1.0,200700009475B01,7,15,1.0,Cohérente,Non cohérentes
573,200700014612,2007-03-08,2007,mars,jeudi,18:45,33,33063,0.0,0.0,En agglomération,Intersection en Y,3.0,Plein jour,Normale,4,A sens unique,1.0,Plat,1.0,0,0,Normale,0.0,Sur chaussée,Blessé léger,Féminin,27.0,Promenade - loisirs,3,2,0.0,2.0,2.0,1.0,200700014612B01,7,1,1.0,Cohérente,Non cohérentes
574,200700014642,2007-03-16,2007,mars,vendredi,18:00,33,33063,0.0,0.0,En agglomération,Intersection en X,3.0,Plein jour,Normale,4,Bidirectionnelle,2.0,Plat,1.0,0,0,Normale,0.0,Sur chaussée,Blessé léger,Féminin,35.0,Non renseigné,3,9,0.0,2.0,1.0,1.0,200700014642B01,7,1,1.0,Cohérente,Non cohérentes
575,200700014656,2007-03-20,2007,mars,mardi,81:5,33,33063,0.0,0.0,En agglomération,Intersection en X,3.0,Plein jour,Normale,4,Bidirectionnelle,2.0,Plat,1.0,0,90,Normale,0.0,Sur chaussée,Blessé léger,Masculin,18.0,Promenade - loisirs,3,9,0.0,2.0,1.0,1.0,200700014656B01,7,15,1.0,Non cohérente,Non cohérentes
576,200700014667,2007-03-23,2007,mars,vendredi,94:0,33,33063,0.0,0.0,En agglomération,Hors intersection,3.0,Plein jour,Pluie légère,4,Bidirectionnelle,2.0,Plat,1.0,0,54,Mouillée,0.0,Sur chaussée,Blessé léger,Féminin,33.0,Non renseigné,3,2,0.0,2.0,1.0,1.0,200700014667B01,7,1,1.0,Non cohérente,Non cohérentes
577,200700015733,2007-03-10,2007,mars,samedi,13:5,67,67482,0.0,0.0,En agglomération,Intersection en T,6.0,Nuit avec éclairage public allumé,Pluie légère,4,A sens unique,1.0,Plat,1.0,0,30,Mouillée,0.0,Sur chaussée,Blessé léger,Masculin,37.0,Non renseigné,2,9,0.0,2.0,1.0,15.0,200700015733A01,7,1,1.0,Cohérente,Non cohérentes
578,200700015737,2007-03-12,2007,mars,lundi,80:3,67,67482,0.0,0.0,En agglomération,Intersection en X,3.0,Plein jour,Normale,4,Bidirectionnelle,2.0,Plat,1.0,0,285,Normale,0.0,Sur chaussée,Blessé léger,Féminin,28.0,Promenade - loisirs,3,2,0.0,2.0,7.0,19.0,200700015737B01,7,16,1.0,Non cohérente,Non cohérentes
579,200700015756,2007-03-26,2007,mars,lundi,17:55,67,67482,0.0,0.0,En agglomération,Intersection en T,3.0,Plein jour,Normale,4,Bidirectionnelle,2.0,Plat,1.0,0,120,Normale,0.0,Sur chaussée,Blessé léger,Masculin,50.0,Non renseigné,3,9,0.0,2.0,1.0,1.0,200700015756A01,7,15,1.0,Cohérente,Non cohérentes