,Num_Acc,date,an,mois,jour,hrmn,dep,com,lat,long,agg,int,col,lum,atm,catr,circ,nbv,prof,plan,lartpc,larrout,surf,infra,situ,grav,sexe,age,trajet,secuexist,equipement,obs,obsm,choc,manv,vehiculeid,typevehicules,manoeuvehicules,numVehicules,statut_heure,statut_coord
580,200700015761,2007-03-30,2007,mars,vendredi,16:00,67,67482,0.0,0.0,En agglomération,Intersection en X,3.0,Plein jour,Normale,4,Bidirectionnelle,3.0,Plat,1.0,0,170,Normale,0.0,Sur piste cyclable,Indemne,Masculin,24.0,Promenade - loisirs,3,9,0.0,2.0,2.0,1.0,200700015761A01,2,1,1.0,Cohérente,Non cohérentes
581,200700021478,2007-04-08,2007,avril,dimanche,51:5,33,33063,0.0,0.0,En agglomération,Intersection en T,3.0,Nuit avec éclairage public allumé,Normale,4,A chaussées séparées,4.0,Pente,1.0,17,137,Normale,0.0,Sur chaussée,Blessé hospitalisé,Masculin,27.0,Non renseigné,3,9,0.0,2.0,3.0,19.0,200700021478A01,7,1,1.0,Non cohérente,Non cohérentes
582,200700021483,2007-04-10,2007,avril,mardi,15:00,33,33063,0.0,0.0,En agglomération,Hors intersection,2.0,Plein jour,Normale,4,Bidirectionnelle,2.0,Plat,1.0,0,60,Normale,0.0,Sur chaussée,Blessé léger,Féminin,52.0,Domicile - travail,2,2,0.0,2.0,1.0,1.0,200700021483A01,7,2,1.0,Cohérente,Non cohérentes
583,200700021524,2007-04-23,2007,avril,lundi,11:30,33,33063,0.0,0.0,En agglomération,Hors intersection,3.0,Plein jour,Normale,4,Bidirectionnelle,3.0,Plat,1.0,0,92,Normale,0.0,Sur chaussée,Blessé hospitalisé,Féminin,39.0,Autre,3,2,1.0,0.0,2.0,1.0,200700021524B01,7,22,1.0,Cohérente,Non cohérentes
584,200700021739,2007-04-21,2007,avril,samedi,10:30,38,38185,0.0,0.0,En agglomération,Hors intersection,3.0,Plein jour,Normale,3,A chaussées séparées,4.0,Sommet de côte,1.0,0,240,Non renseigné,0.0,Sur piste cyclable,Blessé léger,Masculin,37.0,Non renseigné,3,9,0.0,2.0,1.0,1.0,200700021739B01,10,16,1.0,Cohérente,Non cohérentes
585,200700022564,2007-04-03,2007,avril,mardi,21:10,67,67482,0.0,0.0,En agglomération,Intersection en X,6.0,Nuit avec éclairage public allumé,Normale,4,Bidirectionnelle,2.0,Plat,1.0,0,115,Normale,0.0,Sur chaussée,Blessé léger,Masculin,23.0,Domicile - travail,2,9,0.0,2.0,7.0,1.0,200700022564A01,7,1,1.0,Cohérente,Non cohérentes
586,200700022568,2007-04-06,2007,avril,vendredi,10:49,67,67482,0.0,0.0,En agglomération,Intersection en X,3.0,Plein jour,Normale,4,Bidirectionnelle,4.0,Plat,1.0,0,62,Normale,0.0,Sur chaussée,Blessé léger,Masculin,67.0,Promenade - loisirs,3,9,0.0,2.0,1.0,19.0,200700022568B01,7,16,1.0,Cohérente,Non cohérentes
587,200700022575,2007-04-09,2007,avril,lundi,15:00,67,67482,0.0,0.0,En agglomération,Intersection en T,3.0,Plein jour,Normale,4,Bidirectionnelle,2.0,Plat,1.0,0,70,Normale,0.0,Sur piste cyclable,Blessé léger,Masculin,14.0,Promenade - loisirs,3,9,0.0,2.0,1.0,19.0,200700022575A01,7,1,1.0,Cohérente,Non cohérentes
588,200700022577,2007-04-10,2007,avril,mardi,15:25,67,67482,0.0,0.0,En agglomération,Intersection en X,3.0,Plein jour,Normale,4,Bidirectionnelle,2.0,Plat,1.0,0,70,Normale,0.0,Sur piste cyclable,Blessé léger,Féminin,19.0,Autre,3,9,0.0,2.0,7.0,1.0,200700022577B01,7,15,1.0,Cohérente,Non cohérentes
589,200700022580,2007-04-11,2007,avril,mercredi,19:10,67,67482,0.0,0.0,En agglomération,Hors intersection,6.0,Plein jour,Normale,4,Bidirectionnelle,2.0,Plat,1.0,0,70,Normale,0.0,Sur chaussée,Blessé léger,Féminin,23.0,Promenade - loisirs,3,9,0.0,2.0,4.0,19.0,200700022580B01,7,16,1.0,Cohérente,Non cohérentes
590,200700022581,2007-04-13,2007,avril,vendredi,84:5,67,67482,0.0,0.0,En agglomération,Autre intersection,3.0,Plein jour,Normale,4,Bidirectionnelle,1.0,Plat,1.0,0,100,Normale,0.0,Sur chaussée,Blessé hospitalisé,Masculin,42.0,Domicile - travail,3,2,0.0,9.0,1.0,2.0,200700022581A01,1,17,1.0,Non cohérente,Non cohérentes
591,200700022581,2007-04-13,2007,avril,vendredi,84:5,67,67482,0.0,0.0,En agglomération,Autre intersection,3.0,Plein jour,Normale,4,Bidirectionnelle,1.0,Plat,1.0,0,100,Normale,0.0,Sur chaussée,Blessé léger,Féminin,24.0,Domicile - travail,2,2,0.0,9.0,1.0,17.0,200700022581B01,1,2,1.0,Non cohérente,Non cohérentes
592,200700022582,2007-04-13,2007,avril,vendredi,92:6,67,67482,0.0,0.0,En agglomération,Intersection en T,3.0,Plein jour,Normale,4,Bidirectionnelle,2.0,Plat,1.0,0,92,Normale,0.0,Sur chaussée,Blessé hospitalisé,Masculin,43.0,Domicile - travail,2,2,0.0,2.0,7.0,0.0,200700022582B01,7,9,1.0,Non cohérente,Non cohérentes
593,200700022585,2007-04-15,2007,avril,dimanche,18:30,67,67482,0.0,0.0,En agglomération,Intersection en X,1.0,Plein jour,Normale,4,A chaussées séparées,4.0,Plat,1.0,85,225,Normale,5.0,Sur chaussée,Blessé léger,Masculin,71.0,Promenade - loisirs,3,9,0.0,2.0,0.0,19.0,200700022585B01,7,15,1.0,Cohérente,Non cohérentes
594,200700022588,2007-04-17,2007,avril,mardi,84:5,67,67482,0.0,0.0,En agglomération,Hors intersection,6.0,Plein jour,Normale,4,A sens unique,2.0,Non renseigné,1.0,0,40,Normale,0.0,Sur chaussée,Blessé léger,Masculin,32.0,Non renseigné,3,9,1.0,2.0,1.0,0.0,200700022588B01,7,22,1.0,Non cohérente,Non cohérentes
595,200700022597,2007-04-20,2007,avril,vendredi,92:5,67,67482,0.0,0.0,En agglomération,Intersection en T,3.0,Plein jour,Temps éblouissant,4,Bidirectionnelle,2.0,Plat,1.0,0,64,Normale,0.0,Sur chaussée,Tué,Masculin,28.0,Non renseigné,3,9,0.0,2.0,8.0,1.0,200700022597B01,14,16,1.0,Non cohérente,Non cohérentes
596,200700022599,2007-04-20,2007,avril,vendredi,23:05,67,67482,0.0,0.0,En agglomération,Intersection en X,3.0,Nuit avec éclairage public allumé,Normale,4,A sens unique,1.0,Plat,1.0,0,35,Normale,0.0,Sur chaussée,Blessé léger,Masculin,23.0,Promenade - loisirs,3,9,0.0,2.0,1.0,19.0,200700022599A01,7,1,1.0,Cohérente,Non cohérentes
597,200700022601,2007-04-22,2007,avril,dimanche,14:05,67,67482,0.0,0.0,En agglomération,Hors intersection,6.0,Plein jour,Normale,4,Bidirectionnelle,2.0,Plat,1.0,0,60,Normale,0.0,Sur chaussée,Blessé léger,Masculin,7.0,Promenade - loisirs,3,9,0.0,2.0,1.0,19.0,200700022601B01,7,1,1.0,Cohérente,Non cohérentes
598,200700022605,2007-04-24,2007,avril,mardi,17:20,67,67482,0.0,0.0,En agglomération,Hors intersection,6.0,Plein jour,Normale,4,Bidirectionnelle,2.0,Plat,1.0,0,50,Normale,0.0,Sur chaussée,Blessé léger,Masculin,13.0,Promenade - loisirs,3,9,0.0,2.0,8.0,13.0,200700022605B01,7,17,1.0,Cohérente,Non cohérentes
599,200700022613,2007-04-27,2007,avril,vendredi,18:40,67,67482,0.0,0.0,En agglomération,Intersection en X,2.0,Plein jour,Normale,4,A chaussées séparées,2.0,Plat,1.0,95,210,Normale,0.0,Sur piste cyclable,Blessé léger,Masculin,34.0,Courses - achats,3,9,0.0,2.0,1.0,19.0,200700022613A01,7,1,1.0,Cohérente,Non cohérentes
600,200700022614,2007-04-28,2007,avril,samedi,19:30,67,67482,0.0,0.0,En agglomération,Intersection en X,1.0,Plein jour,Normale,4,A chaussées séparées,6.0,Plat,1.0,50,95,Normale,0.0,Sur chaussée,Blessé léger,Masculin,9.0,Non renseigné,3,9,0.0,2.0,0.0,1.0,200700022614B01,7,1,1.0,Cohérente,Non cohérentes
601,200700022770,2007-04-24,2007,avril,mardi,14:15,74,74010,0.0,0.0,En agglomération,Intersection en X,6.0,Plein jour,Normale,4,A sens unique,2.0,Plat,1.0,0,0,Normale,0.0,Sur chaussée,Blessé léger,Masculin,19.0,Autre,3,2,0.0,1.0,1.0,1.0,200700022770A01,,,,Cohérente,Non cohérentes
602,200700028184,2007-05-13,2007,mai,dimanche,23:00,33,33063,0.0,0.0,En agglomération,Intersection en X,2.0,Nuit avec éclairage public allumé,Normale,4,A sens unique,1.0,Plat,1.0,0,81,Normale,0.0,Sur chaussée,Blessé léger,Féminin,22.0,Non renseigné,3,2,0.0,0.0,4.0,16.0,200700028184A01,2,1,1.0,Cohérente,Non cohérentes
603,200700028186,2007-05-14,2007,mai,lundi,17:15,33,33063,0.0,0.0,En agglomération,Intersection en T,3.0,Plein jour,Pluie forte,4,A sens unique,3.0,Plat,1.0,0,124,Mouillée,0.0,Sur chaussée,Blessé léger,Féminin,27.0,Non renseigné,3,2,0.0,2.0,1.0,1.0,200700028186B01,7,15,1.0,Cohérente,Non cohérentes
604,200700028196,2007-05-15,2007,mai,mardi,18:30,33,33063,0.0,0.0,En agglomération,Hors intersection,6.0,Plein jour,Pluie légère,4,Bidirectionnelle,2.0,Plat,1.0,0,70,Mouillée,0.0,Sur chaussée,Indemne,Masculin,27.0,Domicile - travail,3,2,0.0,1.0,0.0,1.0,200700028196A01,,,,Cohérente,Non cohérentes
605,200700028199,2007-05-16,2007,mai,mercredi,18:50,33,33063,0.0,0.0,En agglomération,Hors intersection,4.0,Plein jour,Normale,4,A sens unique,1.0,Plat,1.0,0,100,Normale,0.0,Sur chaussée,Blessé léger,Masculin,22.0,Non renseigné,3,2,0.0,0.0,7.0,19.0,200700028199A01,31/ 7,1,2.0,Cohérente,Non cohérentes
606,200700028203,2007-05-18,2007,mai,vendredi,19:50,33,33063,0.0,0.0,En agglomération,Hors intersection,3.0,Plein jour,Normale,4,Bidirectionnelle,2.0,Plat,1.0,0,100,Normale,0.0,Sur chaussée,Blessé léger,Masculin,37.0,Non renseigné,3,2,14.0,0.0,1.0,1.0,200700028203B01,7,22,1.0,Cohérente,Non cohérentes
607,200700028215,2007-05-22,2007,mai,mardi,14:20,33,33063,0.0,0.0,En agglomération,Hors intersection,2.0,Plein jour,Normale,4,Bidirectionnelle,1.0,Plat,1.0,0,63,Normale,4.0,Sur chaussée,Blessé hospitalisé,Féminin,25.0,Domicile - travail,3,2,1.0,4.0,1.0,1.0,200700028215A01,40,1,1.0,Cohérente,Non cohérentes
608,200700028231,2007-05-25,2007,mai,vendredi,15:45,33,33063,0.0,0.0,En agglomération,Place,3.0,Plein jour,Normale,4,A chaussées séparées,2.0,Plat,1.0,0,0,Normale,2.0,Sur chaussée,Blessé léger,Masculin,26.0,Non renseigné,2,2,14.0,0.0,4.0,19.0,200700028231A01,7,23,1.0,Cohérente,Non cohérentes
609,200700028235,2007-05-26,2007,mai,samedi,16:25,33,33063,0.0,0.0,En agglomération,Intersection à plus de 4 branches,1.0,Plein jour,Pluie forte,4,A sens unique,1.0,Plat,1.0,0,0,Mouillée,0.0,Sur chaussée,Blessé hospitalisé,Féminin,17.0,Non renseigné,3,2,0.0,2.0,1.0,5.0,200700028235A01,7,15,1.0,Cohérente,Non cohérentes
610,200700028240,2007-05-29,2007,mai,mardi,16:00,33,33063,0.0,0.0,En agglomération,Intersection en X,3.0,Plein jour,Normale,4,A sens unique,1.0,Plat,1.0,0,136,Normale,0.0,Sur chaussée,Blessé léger,Féminin,16.0,Non renseigné,3,2,0.0,0.0,8.0,19.0,200700028240A01,7,1,1.0,Cohérente,Non cohérentes
611,200700028242,2007-05-29,2007,mai,mardi,18:25,33,33063,0.0,0.0,En agglomération,Hors intersection,3.0,Plein jour,Normale,4,Bidirectionnelle,2.0,Plat,1.0,0,107,Normale,0.0,Sur chaussée,Blessé léger,Féminin,40.0,Non renseigné,3,2,0.0,2.0,8.0,1.0,200700028242B01,7,17,1.0,Cohérente,Non cohérentes
612,200700028247,2007-05-31,2007,mai,jeudi,17:30,33,33063,0.0,0.0,En agglomération,Hors intersection,6.0,Plein jour,Normale,4,A sens unique,1.0,Plat,1.0,0,120,Autre,6.0,Sur chaussée,Blessé léger,Féminin,21.0,Non renseigné,3,0,0.0,1.0,1.0,0.0,200700028247A01,,,,Cohérente,Non cohérentes
613,200700028420,2007-05-09,2007,mai,mercredi,17:45,38,38185,0.0,0.0,En agglomération,Hors intersection,6.0,Plein jour,Normale,4,Bidirectionnelle,2.0,Plat,1.0,0,78,Normale,0.0,Sur chaussée,Blessé léger,Féminin,50.0,Domicile - travail,3,9,0.0,0.0,1.0,1.0,200700028420B01,7,15,1.0,Cohérente,Non cohérentes
614,200700028430,2007-05-20,2007,mai,dimanche,14:50,38,38185,0.0,0.0,En agglomération,Intersection en T,3.0,Plein jour,Normale,4,Non renseigné,1.0,Plat,1.0,0,35,Normale,0.0,Sur chaussée,Blessé hospitalisé,Féminin,76.0,Non renseigné,3,9,0.0,2.0,1.0,1.0,200700028430A01,7,15,1.0,Cohérente,Non cohérentes
615,200700028431,2007-05-23,2007,mai,mercredi,14:00,38,38185,0.0,0.0,En agglomération,Intersection en T,3.0,Plein jour,Normale,4,Bidirectionnelle,2.0,Plat,1.0,0,102,Non renseigné,0.0,Sur chaussée,Blessé léger,Masculin,48.0,Non renseigné,3,9,0.0,2.0,3.0,1.0,200700028431A01,7,15,1.0,Cohérente,Non cohérentes
616,200700028436,2007-05-26,2007,mai,samedi,81:0,38,38185,0.0,0.0,En agglomération,Hors intersection,6.0,Plein jour,Normale,4,Bidirectionnelle,5.0,Plat,1.0,0,140,Normale,0.0,Sur chaussée,Blessé léger,Masculin,22.0,Non renseigné,3,9,0.0,2.0,3.0,1.0,200700028436B01,7,16,1.0,Non cohérente,Non cohérentes
617,200700028437,2007-05-29,2007,mai,mardi,12:30,38,38185,0.0,0.0,En agglomération,Hors intersection,6.0,Plein jour,Normale,4,Bidirectionnelle,2.0,Plat,1.0,0,45,Normale,0.0,Sur chaussée,Blessé léger,Masculin,35.0,Non renseigné,3,9,0.0,2.0,0.0,2.0,200700028437A01,7,2,2.0,Cohérente,Non cohérentes
618,200700029290,2007-05-03,2007,mai,jeudi,90:5,67,67482,0.0,0.0,En agglomération,Hors intersection,6.0,Plein jour,Normale,4,Bidirectionnelle,2.0,Plat,1.0,0,85,Normale,0.0,Sur chaussée,Blessé léger,Masculin,35.0,Promenade - loisirs,3,9,0.0,2.0,1.0,19.0,200700029290B01,7,15,1.0,Non cohérente,Non cohérentes
619,200700029291,2007-05-03,2007,mai,jeudi,18:05,67,67482,0.0,0.0,En agglomération,Intersection en T,6.0,Plein jour,Temps couvert,4,Bidirectionnelle,2.0,Plat,1.0,0,85,Normale,0.0,Sur chaussée,Blessé léger,Féminin,26.0,Promenade - loisirs,3,0,0.0,2.0,7.0,19.0,200700029291B01,2,1,1.0,Cohérente,Non cohérentes
620,200700029292,2007-05-03,2007,mai,jeudi,18:30,67,67482,0.0,0.0,En agglomération,Hors intersection,6.0,Plein jour,Normale,4,Bidirectionnelle,2.0,Plat,1.0,0,64,Normale,0.0,Sur chaussée,Indemne,Masculin,48.0,Domicile - travail,3,0,0.0,1.0,1.0,1.0,200700029292A01,,,,Cohérente,Non cohérentes
621,200700029293,2007-05-03,2007,mai,jeudi,19:35,67,67482,0.0,0.0,En agglomération,Intersection en Y,6.0,Plein jour,Normale,4,A sens unique,6.0,Plat,1.0,0,150,Normale,0.0,Sur piste cyclable,Blessé léger,Féminin,39.0,Promenade - loisirs,3,0,0.0,2.0,1.0,1.0,200700029293A01,1,1,1.0,Cohérente,Non cohérentes
622,200700029293,2007-05-03,2007,mai,jeudi,19:35,67,67482,0.0,0.0,En agglomération,Intersection en Y,6.0,Plein jour,Normale,4,A sens unique,6.0,Plat,1.0,0,150,Normale,0.0,Sur piste cyclable,Indemne,Masculin,41.0,Domicile - travail,3,0,0.0,2.0,4.0,1.0,200700029293B01,1,1,1.0,Cohérente,Non cohérentes
623,200700029296,2007-05-05,2007,mai,samedi,12:10,67,67482,0.0,0.0,En agglomération,Hors intersection,3.0,Plein jour,Normale,4,A sens unique,2.0,Plat,1.0,0,63,Normale,0.0,Sur chaussée,Blessé léger,Féminin,16.0,Autre,3,9,0.0,2.0,7.0,19.0,200700029296A01,7,1,1.0,Cohérente,Non cohérentes
624,200700029299,2007-05-10,2007,mai,jeudi,93:0,67,67482,0.0,0.0,En agglomération,Intersection en X,3.0,Plein jour,Normale,4,Bidirectionnelle,2.0,Plat,1.0,0,50,Normale,0.0,Aucun,Blessé léger,Féminin,70.0,Non renseigné,3,0,0.0,2.0,1.0,1.0,200700029299B01,7,16,1.0,Non cohérente,Non cohérentes
625,200700029306,2007-05-14,2007,mai,lundi,19:25,67,67482,0.0,0.0,En agglomération,Hors intersection,3.0,Plein jour,Pluie forte,4,Bidirectionnelle,3.0,Plat,1.0,0,114,Mouillée,0.0,Sur chaussée,Blessé léger,Féminin,32.0,Non renseigné,3,9,0.0,2.0,8.0,15.0,200700029306B01,7,1,1.0,Cohérente,Non cohérentes
626,200700029322,2007-05-23,2007,mai,mercredi,14:45,67,67482,0.0,0.0,En agglomération,Hors intersection,6.0,Plein jour,Normale,4,Bidirectionnelle,1.0,Plat,1.0,0,30,Normale,4.0,Sur accotement,Blessé léger,Masculin,26.0,Promenade - loisirs,3,9,0.0,2.0,1.0,1.0,200700029322A01,40,1,1.0,Cohérente,Non cohérentes
627,200700029324,2007-05-24,2007,mai,jeudi,83:0,67,67482,0.0,0.0,En agglomération,Autre intersection,6.0,Plein jour,Normale,9,Bidirectionnelle,2.0,Plat,1.0,0,0,Normale,0.0,Sur piste cyclable,Blessé léger,Féminin,23.0,Non renseigné,3,9,0.0,9.0,1.0,15.0,200700029324A01,1,1,1.0,Non cohérente,Non cohérentes
628,200700029324,2007-05-24,2007,mai,jeudi,83:0,67,67482,0.0,0.0,En agglomération,Autre intersection,6.0,Plein jour,Normale,9,Bidirectionnelle,2.0,Plat,1.0,0,0,Normale,0.0,Sur piste cyclable,Blessé léger,Masculin,39.0,Non renseigné,3,9,0.0,9.0,1.0,1.0,200700029324B01,1,15,1.0,Non cohérente,Non cohérentes
629,200700029325,2007-05-24,2007,mai,jeudi,10:00,67,67482,0.0,0.0,En agglomération,Hors intersection,5.0,Plein jour,Normale,4,A chaussées séparées,5.0,Plat,1.0,150,150,Normale,0.0,Sur chaussée,Blessé léger,Féminin,35.0,Non renseigné,3,9,0.0,2.0,8.0,19.0,200700029325A01,7,1,2.0,Cohérente,Non cohérentes
630,200700029326,2007-05-24,2007,mai,jeudi,14:56,67,67482,0.0,0.0,En agglomération,Intersection en X,3.0,Plein jour,Normale,4,A sens unique,1.0,Plat,1.0,0,30,Normale,0.0,Sur chaussée,Blessé léger,Masculin,37.0,Autre,3,9,0.0,2.0,1.0,1.0,200700029326A01,7,1,1.0,Cohérente,Non cohérentes
631,200700029328,2007-05-25,2007,mai,vendredi,81:5,67,67482,0.0,0.0,En agglomération,Intersection à plus de 4 branches,3.0,Plein jour,Normale,4,A sens unique,2.0,Plat,1.0,0,30,Normale,0.0,Sur chaussée,Blessé hospitalisé,Féminin,25.0,Non renseigné,3,9,0.0,2.0,1.0,1.0,200700029328B01,7,15,1.0,Non cohérente,Non cohérentes
632,200700029335,2007-05-29,2007,mai,mardi,80:0,67,67482,0.0,0.0,En agglomération,Intersection en X,6.0,Plein jour,Pluie légère,4,Bidirectionnelle,4.0,Pente,2.0,0,180,Mouillée,0.0,Sur piste cyclable,Indemne,Masculin,20.0,Utilisation professionnelle,3,9,0.0,2.0,1.0,15.0,200700029335A01,1,16,1.0,Non cohérente,Non cohérentes
633,200700029335,2007-05-29,2007,mai,mardi,80:0,67,67482,0.0,0.0,En agglomération,Intersection en X,6.0,Plein jour,Pluie légère,4,Bidirectionnelle,4.0,Pente,2.0,0,180,Mouillée,0.0,Sur piste cyclable,Blessé léger,Masculin,35.0,Promenade - loisirs,3,9,0.0,2.0,0.0,16.0,200700029335B01,1,15,1.0,Non cohérente,Non cohérentes
634,200700029344,2007-05-31,2007,mai,jeudi,22:30,67,67482,0.0,0.0,En agglomération,Intersection en X,6.0,Nuit avec éclairage public allumé,Pluie légère,4,Non renseigné,1.0,Plat,1.0,0,100,Mouillée,6.0,Sur chaussée,Blessé léger,Féminin,29.0,Promenade - loisirs,3,2,0.0,1.0,1.0,0.0,200700029344A01,,,,Cohérente,Non cohérentes
635,200700029344,2007-05-31,2007,mai,jeudi,22:30,67,67482,0.0,0.0,En agglomération,Intersection en X,6.0,Nuit avec éclairage public allumé,Pluie légère,4,Non renseigné,1.0,Plat,1.0,0,100,Mouillée,6.0,Sur chaussée,Blessé léger,Masculin,36.0,Non renseigné,3,0,0.0,1.0,1.0,0.0,200700029344A01,,,,Cohérente,Non cohérentes
636,200700035278,2007-06-01,2007,juin,vendredi,18:15,33,33063,0.0,0.0,En agglomération,Intersection en X,1.0,Plein jour,Normale,4,Bidirectionnelle,2.0,Plat,1.0,0,0,Normale,0.0,Sur chaussée,Blessé léger,Masculin,18.0,Non renseigné,3,2,0.0,2.0,1.0,19.0,200700035278A01,10,1,1.0,Cohérente,Non cohérentes
637,200700035285,2007-06-06,2007,juin,mercredi,95:5,33,33063,0.0,0.0,En agglomération,Hors intersection,2.0,Plein jour,Normale,4,Bidirectionnelle,2.0,Plat,1.0,0,95,Normale,0.0,Sur chaussée,Blessé léger,Masculin,43.0,Non renseigné,3,2,1.0,0.0,0.0,1.0,200700035285B01,7,22,1.0,Non cohérente,Non cohérentes
638,200700035298,2007-06-11,2007,juin,lundi,13:49,33,33063,0.0,0.0,En agglomération,Intersection en X,3.0,Plein jour,Normale,4,Bidirectionnelle,5.0,Plat,1.0,0,0,Normale,0.0,Sur chaussée,Blessé léger,Masculin,37.0,Domicile - travail,1,2,0.0,2.0,1.0,1.0,200700035298B01,7,15,1.0,Cohérente,Non cohérentes
639,200700035318,2007-06-13,2007,juin,mercredi,73:5,33,33063,0.0,0.0,En agglomération,Giratoire,3.0,Crépuscule ou aube,Pluie légère,4,Bidirectionnelle,2.0,Plat,1.0,0,0,Mouillée,0.0,Sur chaussée,Blessé léger,Masculin,31.0,Domicile - travail,3,2,0.0,0.0,7.0,19.0,200700035318B01,7,1,1.0,Non cohérente,Non cohérentes
640,200700035319,2007-06-13,2007,juin,mercredi,17:21,33,33063,0.0,0.0,En agglomération,Intersection en X,3.0,Plein jour,Normale,4,Bidirectionnelle,3.0,Plat,1.0,0,134,Normale,0.0,Sur chaussée,Blessé léger,Féminin,46.0,Non renseigné,3,2,0.0,2.0,1.0,1.0,200700035319A01,7,1,1.0,Cohérente,Non cohérentes
641,200700035345,2007-06-19,2007,juin,mardi,18:00,33,33063,0.0,0.0,En agglomération,Hors intersection,3.0,Plein jour,Normale,4,A sens unique,1.0,Plat,1.0,0,30,Normale,4.0,Sur chaussée,Blessé hospitalisé,Féminin,45.0,Non renseigné,3,2,1.0,0.0,1.0,1.0,200700035345B01,10,22,1.0,Cohérente,Non cohérentes
642,200700035349,2007-06-19,2007,juin,mardi,22:30,33,33063,0.0,0.0,En agglomération,Hors intersection,3.0,Nuit avec éclairage public allumé,Temps couvert,4,Bidirectionnelle,2.0,Plat,1.0,0,116,Normale,0.0,Sur chaussée,Blessé léger,Féminin,34.0,Non renseigné,3,2,1.0,0.0,1.0,1.0,200700035349B01,10,22,1.0,Cohérente,Non cohérentes
643,200700035364,2007-06-22,2007,juin,vendredi,19:50,33,33063,0.0,0.0,Hors agglomération,Hors intersection,3.0,Plein jour,Normale,6,Bidirectionnelle,2.0,Plat,1.0,0,69,Normale,0.0,Sur chaussée,Blessé léger,Masculin,10.0,Non renseigné,3,0,0.0,2.0,1.0,1.0,200700035364B01,7,1,1.0,Cohérente,Non cohérentes
644,200700035373,2007-06-22,2007,juin,vendredi,54:,33,33063,0.0,0.0,En agglomération,Hors intersection,2.0,Nuit avec éclairage public allumé,Normale,4,Bidirectionnelle,2.0,Plat,1.0,0,70,Normale,0.0,Sur chaussée,Blessé léger,Masculin,20.0,Promenade - loisirs,2,9,0.0,0.0,4.0,1.0,200700035373B01,7,2,1.0,Non cohérente,Non cohérentes
645,200700035375,2007-06-25,2007,juin,lundi,15:40,33,33063,0.0,0.0,En agglomération,Intersection en X,3.0,Plein jour,Normale,4,Bidirectionnelle,2.0,Plat,1.0,0,70,Normale,0.0,Sur chaussée,Blessé léger,Féminin,17.0,Autre,3,2,0.0,2.0,1.0,1.0,200700035375A01,7,1,1.0,Cohérente,Non cohérentes
646,200700035377,2007-06-25,2007,juin,lundi,18:00,33,33063,0.0,0.0,En agglomération,Giratoire,3.0,Plein jour,Normale,4,Bidirectionnelle,2.0,Plat,3.0,0,0,Normale,0.0,Sur chaussée,Blessé léger,Masculin,16.0,Non renseigné,3,2,0.0,2.0,1.0,16.0,200700035377A01,7,1,1.0,Cohérente,Non cohérentes
647,200700035601,2007-06-21,2007,juin,jeudi,75:2,38,38185,0.0,0.0,En agglomération,Intersection en X,3.0,Plein jour,Pluie légère,3,Bidirectionnelle,2.0,Plat,1.0,0,65,Mouillée,0.0,Sur chaussée,Blessé léger,Masculin,46.0,Domicile - travail,3,9,0.0,2.0,1.0,1.0,200700035601B01,7,16,1.0,Non cohérente,Non cohérentes
648,200700036493,2007-06-05,2007,juin,mardi,12:08,67,67482,0.0,0.0,En agglomération,Hors intersection,6.0,Plein jour,Normale,4,Bidirectionnelle,2.0,Plat,1.0,15,75,Normale,0.0,Sur chaussée,Blessé léger,Féminin,15.0,Domicile - école,3,9,0.0,2.0,5.0,19.0,200700036493A01,7,1,1.0,Cohérente,Non cohérentes
649,200700036497,2007-06-07,2007,juin,jeudi,16:45,67,67482,0.0,0.0,En agglomération,Autre intersection,6.0,Plein jour,Normale,9,Bidirectionnelle,1.0,Plat,3.0,0,0,Normale,0.0,Sur piste cyclable,Indemne,Masculin,16.0,Non renseigné,3,9,0.0,0.0,0.0,0.0,200700036497A01,,,,Cohérente,Non cohérentes
650,200700036497,2007-06-07,2007,juin,jeudi,16:45,67,67482,0.0,0.0,En agglomération,Autre intersection,6.0,Plein jour,Normale,9,Bidirectionnelle,1.0,Plat,3.0,0,0,Normale,0.0,Sur piste cyclable,Blessé léger,Masculin,4.0,Non renseigné,3,0,0.0,0.0,0.0,0.0,200700036497A01,,,,Cohérente,Non cohérentes
651,200700036502,2007-06-09,2007,juin,samedi,94:5,67,67482,0.0,0.0,En agglomération,Hors intersection,6.0,Plein jour,Normale,4,Bidirectionnelle,2.0,Plat,1.0,0,120,Normale,0.0,Sur piste cyclable,Blessé léger,Masculin,20.0,Promenade - loisirs,3,9,1.0,0.0,1.0,1.0,200700036502B01,10,22,1.0,Non cohérente,Non cohérentes
652,200700036512,2007-06-16,2007,juin,samedi,92:5,67,67482,0.0,0.0,En agglomération,Hors intersection,6.0,Plein jour,Normale,4,Bidirectionnelle,2.0,Plat,1.0,0,60,Normale,0.0,Sur piste cyclable,Blessé léger,Masculin,41.0,Promenade - loisirs,3,9,0.0,1.0,1.0,1.0,200700036512A01,,,,Non cohérente,Non cohérentes