,Num_Acc,date,an,mois,jour,hrmn,dep,com,lat,long,agg,int,col,lum,atm,catr,circ,nbv,prof,plan,lartpc,larrout,surf,infra,situ,grav,sexe,age,trajet,secuexist,equipement,obs,obsm,choc,manv,vehiculeid,typevehicules,manoeuvehicules,numVehicules,statut_heure,statut_coord
653,200700036513,2007-06-16,2007,juin,samedi,19:55,67,67482,0.0,0.0,En agglomération,Hors intersection,3.0,Plein jour,Normale,4,Bidirectionnelle,2.0,Plat,1.0,0,80,Normale,4.0,Sur chaussée,Blessé léger,Masculin,38.0,Promenade - loisirs,3,9,0.0,2.0,7.0,12.0,200700036513A01,7,1,1.0,Cohérente,Non cohérentes
654,200700036524,2007-06-21,2007,juin,jeudi,16:00,67,67482,0.0,0.0,En agglomération,Intersection en X,3.0,Plein jour,Normale,4,Bidirectionnelle,2.0,Plat,1.0,110,30,Normale,0.0,Sur chaussée,Blessé léger,Féminin,22.0,Non renseigné,2,2,0.0,0.0,8.0,19.0,200700036524B01,7,15,1.0,Cohérente,Non cohérentes
655,200700036526,2007-06-22,2007,juin,vendredi,14:10,67,67482,0.0,0.0,En agglomération,Hors intersection,6.0,Plein jour,Normale,4,Bidirectionnelle,2.0,Plat,1.0,0,80,Normale,0.0,Sur chaussée,Indemne,Masculin,64.0,Utilisation professionnelle,3,9,0.0,1.0,1.0,1.0,200700036526A01,,,,Cohérente,Non cohérentes
656,200700036528,2007-06-26,2007,juin,mardi,52:5,67,67482,0.0,0.0,En agglomération,Hors intersection,2.0,Crépuscule ou aube,Pluie légère,4,Non renseigné,4.0,Plat,1.0,0,160,Mouillée,0.0,Sur chaussée,Blessé léger,Masculin,39.0,Promenade - loisirs,3,9,0.0,2.0,4.0,1.0,200700036528B01,7,1,1.0,Non cohérente,Non cohérentes
657,200700036677,2007-06-15,2007,juin,vendredi,15:25,74,74010,0.0,0.0,En agglomération,Hors intersection,6.0,Plein jour,Normale,4,A sens unique,2.0,Plat,1.0,25,66,Normale,0.0,Sur chaussée,Indemne,Féminin,21.0,Utilisation professionnelle,3,9,0.0,1.0,1.0,1.0,200700036677A01,,,,Cohérente,Non cohérentes
658,200700042782,2007-07-06,2007,juillet,vendredi,17:20,33,33063,0.0,0.0,En agglomération,Intersection en X,3.0,Plein jour,Normale,4,Bidirectionnelle,2.0,Plat,1.0,0,0,Normale,4.0,Sur chaussée,Blessé hospitalisé,Masculin,60.0,Non renseigné,2,2,0.0,2.0,1.0,16.0,200700042782A01,40,1,1.0,Cohérente,Non cohérentes
659,200700042798,2007-07-11,2007,juillet,mercredi,17:45,33,33063,0.0,0.0,En agglomération,Hors intersection,3.0,Plein jour,Normale,6,A sens unique,1.0,Non renseigné,1.0,0,0,Normale,0.0,Sur chaussée,Blessé léger,Masculin,24.0,Non renseigné,3,9,0.0,2.0,1.0,0.0,200700042798A01,7,1,1.0,Cohérente,Non cohérentes
660,200700042804,2007-07-14,2007,juillet,samedi,23:10,33,33063,0.0,0.0,En agglomération,Hors intersection,6.0,Nuit avec éclairage public allumé,Temps couvert,4,Bidirectionnelle,2.0,Plat,1.0,0,0,Normale,0.0,Sur chaussée,Blessé léger,Féminin,4.0,Promenade - loisirs,3,0,0.0,1.0,1.0,1.0,200700042804A01,,,,Cohérente,Non cohérentes
661,200700042804,2007-07-14,2007,juillet,samedi,23:10,33,33063,0.0,0.0,En agglomération,Hors intersection,6.0,Nuit avec éclairage public allumé,Temps couvert,4,Bidirectionnelle,2.0,Plat,1.0,0,0,Normale,0.0,Sur chaussée,Indemne,Masculin,11.0,Promenade - loisirs,3,9,0.0,1.0,1.0,1.0,200700042804A01,,,,Cohérente,Non cohérentes
662,200700042812,2007-07-17,2007,juillet,mardi,11:20,33,33063,0.0,0.0,En agglomération,Hors intersection,1.0,Plein jour,Normale,4,Bidirectionnelle,2.0,Plat,1.0,0,63,Normale,0.0,Sur chaussée,Indemne,Masculin,17.0,Non renseigné,3,9,0.0,2.0,1.0,15.0,200700042812A01,1,1,1.0,Cohérente,Non cohérentes
663,200700042812,2007-07-17,2007,juillet,mardi,11:20,33,33063,0.0,0.0,En agglomération,Hors intersection,1.0,Plein jour,Normale,4,Bidirectionnelle,2.0,Plat,1.0,0,63,Normale,0.0,Sur chaussée,Blessé léger,Masculin,23.0,Domicile - travail,3,9,0.0,2.0,1.0,1.0,200700042812B01,1,15,1.0,Cohérente,Non cohérentes
664,200700042814,2007-07-18,2007,juillet,mercredi,13:05,33,33063,0.0,0.0,En agglomération,Hors intersection,2.0,Plein jour,Normale,4,A chaussées séparées,5.0,Plat,1.0,0,99,Normale,0.0,Sur chaussée,Blessé léger,Masculin,29.0,Domicile - travail,3,4,0.0,2.0,1.0,1.0,200700042814A01,37,23,1.0,Cohérente,Non cohérentes
665,200700042827,2007-07-19,2007,juillet,jeudi,14:55,33,33063,0.0,0.0,En agglomération,Intersection en T,3.0,Plein jour,Normale,4,A chaussées séparées,3.0,Plat,1.0,0,0,Normale,0.0,Sur chaussée,Blessé léger,Masculin,30.0,Domicile - travail,3,9,0.0,2.0,4.0,1.0,200700042827A01,2,16,1.0,Cohérente,Non cohérentes
666,200700042831,2007-07-20,2007,juillet,vendredi,19:35,33,33063,0.0,0.0,En agglomération,Intersection en X,2.0,Plein jour,Normale,4,A sens unique,3.0,Plat,1.0,0,110,Normale,0.0,Sur chaussée,Blessé hospitalisé,Masculin,28.0,Non renseigné,3,9,0.0,2.0,1.0,16.0,200700042831A01,7,1,1.0,Cohérente,Non cohérentes
667,200700042836,2007-07-20,2007,juillet,vendredi,22:30,33,33063,0.0,0.0,En agglomération,Hors intersection,1.0,Nuit avec éclairage public allumé,Normale,4,Bidirectionnelle,2.0,Plat,1.0,0,66,Normale,0.0,Sur chaussée,Blessé léger,Masculin,57.0,Non renseigné,3,9,0.0,2.0,0.0,1.0,200700042836B01,10,1,1.0,Cohérente,Non cohérentes
668,200700042837,2007-07-23,2007,juillet,lundi,12:25,33,33063,0.0,0.0,En agglomération,Hors intersection,3.0,Plein jour,Pluie forte,4,A sens unique,2.0,Plat,1.0,0,70,Normale,0.0,Sur chaussée,Blessé léger,Masculin,19.0,Non renseigné,3,2,0.0,2.0,2.0,9.0,200700042837B01,7,1,1.0,Cohérente,Non cohérentes
669,200700042844,2007-07-25,2007,juillet,mercredi,10:30,33,33063,0.0,0.0,En agglomération,Intersection en X,3.0,Plein jour,Normale,4,A sens unique,2.0,Plat,1.0,0,0,Normale,0.0,Sur chaussée,Blessé hospitalisé,Masculin,54.0,Non renseigné,3,2,0.0,2.0,1.0,5.0,200700042844A01,7,1,1.0,Cohérente,Non cohérentes
670,200700042856,2007-07-30,2007,juillet,lundi,17:30,33,33063,0.0,0.0,En agglomération,Hors intersection,3.0,Plein jour,Normale,4,A chaussées séparées,2.0,Plat,1.0,0,0,Normale,0.0,Sur chaussée,Blessé léger,Féminin,46.0,Promenade - loisirs,3,9,0.0,2.0,3.0,13.0,200700042856B01,10,1,1.0,Cohérente,Non cohérentes
671,200700043022,2007-07-04,2007,juillet,mercredi,16:50,38,38185,0.0,0.0,En agglomération,Intersection en Y,6.0,Plein jour,Normale,4,Bidirectionnelle,2.0,Plat,1.0,0,78,Normale,0.0,Sur chaussée,Blessé léger,Masculin,48.0,Promenade - loisirs,2,2,0.0,2.0,1.0,1.0,200700043022B01,7,13,1.0,Cohérente,Non cohérentes
672,200700043022,2007-07-04,2007,juillet,mercredi,16:50,38,38185,0.0,0.0,En agglomération,Intersection en Y,6.0,Plein jour,Normale,4,Bidirectionnelle,2.0,Plat,1.0,0,78,Normale,0.0,Sur chaussée,Indemne,Féminin,17.0,Promenade - loisirs,1,2,0.0,2.0,1.0,1.0,200700043022C01,7,13,1.0,Cohérente,Non cohérentes
673,200700043027,2007-07-09,2007,juillet,lundi,85:0,38,38185,0.0,0.0,En agglomération,Hors intersection,3.0,Plein jour,Normale,4,Non renseigné,3.0,Non renseigné,-1.0,0,90,Normale,0.0,Sur chaussée,Blessé léger,Féminin,26.0,Non renseigné,3,9,0.0,2.0,4.0,1.0,200700043027B01,14,16,1.0,Non cohérente,Non cohérentes
674,200700043028,2007-07-09,2007,juillet,lundi,14:00,38,38185,0.0,0.0,En agglomération,Hors intersection,6.0,Plein jour,Normale,4,A sens unique,1.0,Plat,1.0,0,25,Normale,0.0,Sur chaussée,Blessé léger,Masculin,29.0,Domicile - travail,3,2,0.0,2.0,3.0,19.0,200700043028A01,30,5,1.0,Cohérente,Non cohérentes
675,200700043040,2007-07-19,2007,juillet,jeudi,15:30,38,38185,0.0,0.0,En agglomération,Intersection en X,3.0,Plein jour,Normale,4,A sens unique,0.0,Non renseigné,-1.0,0,31,Non renseigné,0.0,Sur chaussée,Blessé léger,Masculin,23.0,Non renseigné,1,2,0.0,2.0,1.0,19.0,200700043040B01,7,19,1.0,Cohérente,Non cohérentes
676,200700043041,2007-07-20,2007,juillet,vendredi,11:00,38,38185,0.0,0.0,En agglomération,Intersection en X,1.0,Plein jour,Normale,4,A sens unique,4.0,Plat,-1.0,0,102,Normale,0.0,Sur piste cyclable,Blessé léger,Féminin,28.0,Non renseigné,1,2,0.0,2.0,1.0,1.0,200700043041B01,7,9,1.0,Cohérente,Non cohérentes
677,200700043875,2007-07-05,2007,juillet,jeudi,81:0,67,67482,0.0,0.0,En agglomération,Intersection en T,6.0,Plein jour,Normale,4,Bidirectionnelle,2.0,Plat,1.0,0,100,Normale,0.0,Sur chaussée,Blessé léger,Féminin,25.0,Promenade - loisirs,3,9,0.0,2.0,7.0,1.0,200700043875B01,7,1,1.0,Non cohérente,Non cohérentes
678,200700043877,2007-07-07,2007,juillet,samedi,11:00,67,67482,0.0,0.0,En agglomération,Hors intersection,3.0,Plein jour,Normale,4,Bidirectionnelle,2.0,Plat,1.0,0,80,Normale,0.0,Sur piste cyclable,Blessé léger,Masculin,59.0,Promenade - loisirs,2,2,1.0,0.0,1.0,1.0,200700043877B01,7,22,1.0,Cohérente,Non cohérentes
679,200700043879,2007-07-07,2007,juillet,samedi,15:30,67,67482,0.0,0.0,En agglomération,Hors intersection,1.0,Plein jour,Normale,4,A sens unique,1.0,Plat,1.0,0,13,Normale,0.0,Aucun,Blessé léger,Masculin,34.0,Domicile - travail,3,9,0.0,2.0,1.0,1.0,200700043879A01,1,1,1.0,Cohérente,Non cohérentes
680,200700043879,2007-07-07,2007,juillet,samedi,15:30,67,67482,0.0,0.0,En agglomération,Hors intersection,1.0,Plein jour,Normale,4,A sens unique,1.0,Plat,1.0,0,13,Normale,0.0,Aucun,Indemne,Masculin,30.0,Promenade - loisirs,1,9,0.0,2.0,1.0,1.0,200700043879B01,1,1,1.0,Cohérente,Non cohérentes
681,200700043883,2007-07-09,2007,juillet,lundi,17:50,67,67482,0.0,0.0,En agglomération,Intersection en T,3.0,Plein jour,Normale,4,Bidirectionnelle,2.0,Plat,1.0,0,90,Normale,0.0,Sur chaussée,Blessé léger,Féminin,50.0,Promenade - loisirs,3,9,0.0,2.0,8.0,1.0,200700043883A01,1,1,1.0,Cohérente,Non cohérentes
682,200700043883,2007-07-09,2007,juillet,lundi,17:50,67,67482,0.0,0.0,En agglomération,Intersection en T,3.0,Plein jour,Normale,4,Bidirectionnelle,2.0,Plat,1.0,0,90,Normale,0.0,Sur chaussée,Indemne,Masculin,29.0,Promenade - loisirs,3,9,0.0,2.0,1.0,1.0,200700043883B01,1,1,1.0,Cohérente,Non cohérentes
683,200700043884,2007-07-10,2007,juillet,mardi,11:0,67,67482,0.0,0.0,En agglomération,Intersection en X,2.0,Nuit avec éclairage public allumé,Pluie légère,4,A chaussées séparées,2.0,Plat,1.0,97,129,Mouillée,4.0,Sur chaussée,Blessé léger,Masculin,34.0,Promenade - loisirs,3,9,0.0,2.0,4.0,1.0,200700043884B01,7,1,1.0,Cohérente,Non cohérentes
684,200700043888,2007-07-13,2007,juillet,vendredi,13:55,67,67482,0.0,0.0,En agglomération,Intersection en X,3.0,Plein jour,Normale,4,Bidirectionnelle,2.0,Plat,1.0,0,130,Normale,0.0,Sur chaussée,Blessé léger,Féminin,43.0,Utilisation professionnelle,3,0,0.0,2.0,8.0,15.0,200700043888A01,7,1,1.0,Cohérente,Non cohérentes
685,200700043899,2007-07-24,2007,juillet,mardi,20:35,67,67482,0.0,0.0,En agglomération,Intersection en T,3.0,Crépuscule ou aube,Normale,4,Non renseigné,6.0,Plat,1.0,0,120,Normale,0.0,Sur chaussée,Blessé léger,Féminin,22.0,Promenade - loisirs,3,9,0.0,2.0,8.0,15.0,200700043899A01,40,1,1.0,Cohérente,Non cohérentes
686,200700043901,2007-07-25,2007,juillet,mercredi,10:00,67,67482,0.0,0.0,Hors agglomération,Hors intersection,1.0,Plein jour,Normale,9,Bidirectionnelle,2.0,Plat,1.0,0,30,Normale,0.0,Sur piste cyclable,Blessé léger,Féminin,61.0,Promenade - loisirs,3,9,0.0,2.0,1.0,1.0,200700043901B01,30,13,1.0,Cohérente,Non cohérentes
687,200700043903,2007-07-27,2007,juillet,vendredi,18:30,67,67482,0.0,0.0,En agglomération,Hors intersection,3.0,Plein jour,Normale,4,Bidirectionnelle,2.0,Plat,1.0,0,86,Normale,0.0,Sur chaussée,Blessé léger,Masculin,11.0,Promenade - loisirs,3,9,0.0,2.0,1.0,19.0,200700043903A01,7,1,1.0,Cohérente,Non cohérentes
688,200700043905,2007-07-30,2007,juillet,lundi,20:30,67,67482,0.0,0.0,En agglomération,Hors intersection,3.0,Plein jour,Normale,4,Non renseigné,4.0,Plat,1.0,0,130,Normale,0.0,Sur chaussée,Blessé léger,Féminin,16.0,Promenade - loisirs,3,9,0.0,2.0,7.0,15.0,200700043905A01,7,1,1.0,Cohérente,Non cohérentes
689,200700044062,2007-07-24,2007,juillet,mardi,17:45,74,74010,0.0,0.0,En agglomération,Hors intersection,6.0,Plein jour,Normale,4,Bidirectionnelle,0.0,Plat,1.0,0,0,Normale,0.0,Sur chaussée,Blessé léger,Masculin,50.0,Promenade - loisirs,3,2,0.0,0.0,1.0,17.0,200700044062B01,10,17,1.0,Cohérente,Non cohérentes
690,200700044063,2007-07-25,2007,juillet,mercredi,11:14,74,74010,0.0,0.0,En agglomération,Intersection en X,6.0,Plein jour,Normale,4,A sens unique,2.0,Plat,1.0,0,0,Normale,0.0,Sur bande d'arrêt d'urgence,Blessé léger,Féminin,35.0,Promenade - loisirs,3,2,0.0,0.0,1.0,1.0,200700044063B01,10,1,1.0,Cohérente,Non cohérentes
691,200700045511,2007-07-30,2007,juillet,lundi,14:45,33,33063,0.0,0.0,Hors agglomération,Hors intersection,1.0,Plein jour,Normale,1,A sens unique,1.0,Pente,1.0,5,20,Normale,2.0,Sur piste cyclable,Blessé léger,Féminin,34.0,Promenade - loisirs,3,9,0.0,2.0,2.0,5.0,200700045511B01,30,2,1.0,Cohérente,Non cohérentes
692,200700049570,2007-08-01,2007,août,mercredi,13:30,33,33063,0.0,0.0,En agglomération,Hors intersection,3.0,Plein jour,Normale,4,A sens unique,1.0,Plat,1.0,0,58,Normale,0.0,Sur chaussée,Blessé léger,Masculin,13.0,Non renseigné,3,2,0.0,2.0,1.0,19.0,200700049570A01,7,1,1.0,Cohérente,Non cohérentes
693,200700049631,2007-08-26,2007,août,dimanche,17:55,33,33063,0.0,0.0,En agglomération,Hors intersection,3.0,Plein jour,Normale,4,Bidirectionnelle,2.0,Plat,1.0,0,56,Normale,0.0,Sur chaussée,Blessé léger,Masculin,36.0,Non renseigné,3,9,0.0,2.0,8.0,13.0,200700049631A01,40,1,1.0,Cohérente,Non cohérentes
694,200700049640,2007-08-25,2007,août,samedi,12:15,33,33063,0.0,0.0,En agglomération,Hors intersection,7.0,Plein jour,Normale,4,Bidirectionnelle,2.0,Plat,1.0,0,100,Normale,0.0,Sur chaussée,Blessé léger,Masculin,38.0,Non renseigné,3,9,0.0,2.0,1.0,1.0,200700049640B01,7,15,1.0,Cohérente,Non cohérentes
695,200700050511,2007-08-01,2007,août,mercredi,81:5,67,67482,0.0,0.0,En agglomération,Intersection en T,6.0,Plein jour,Normale,5,A sens unique,1.0,Plat,1.0,0,12,Normale,0.0,Sur chaussée,Blessé léger,Masculin,53.0,Utilisation professionnelle,3,9,0.0,2.0,1.0,15.0,200700050511A01,7,1,1.0,Non cohérente,Non cohérentes
696,200700050514,2007-08-03,2007,août,vendredi,10:35,67,67482,0.0,0.0,En agglomération,Hors intersection,3.0,Plein jour,Pluie légère,4,Bidirectionnelle,3.0,Plat,1.0,0,152,Normale,0.0,Sur chaussée,Blessé léger,Masculin,57.0,Non renseigné,3,9,0.0,2.0,1.0,1.0,200700050514B01,7,9,1.0,Cohérente,Non cohérentes
697,200700050518,2007-08-06,2007,août,lundi,14:55,67,67482,0.0,0.0,En agglomération,Hors intersection,7.0,Plein jour,Normale,4,Bidirectionnelle,2.0,Plat,1.0,0,60,Normale,0.0,Sur chaussée,Indemne,Masculin,29.0,Non renseigné,3,9,0.0,0.0,0.0,10.0,200700050518C01,34/ 7,1,2.0,Cohérente,Non cohérentes
698,200700050519,2007-08-07,2007,août,mardi,14:30,67,67482,0.0,0.0,En agglomération,Intersection en T,3.0,Plein jour,Pluie légère,4,Bidirectionnelle,2.0,Plat,1.0,124,93,Mouillée,0.0,Sur piste cyclable,Blessé hospitalisé,Féminin,22.0,Promenade - loisirs,3,9,0.0,2.0,8.0,19.0,200700050519B01,7,1,1.0,Cohérente,Non cohérentes
699,200700050520,2007-08-07,2007,août,mardi,20:10,67,67482,0.0,0.0,En agglomération,Intersection en X,3.0,Plein jour,Normale,4,Avec voies d'affectation variable,5.0,Plat,1.0,0,150,Normale,0.0,Sur chaussée,Blessé léger,Féminin,23.0,Promenade - loisirs,3,9,0.0,2.0,7.0,19.0,200700050520A01,7,1,1.0,Cohérente,Non cohérentes
700,200700050522,2007-08-10,2007,août,vendredi,84:5,67,67482,0.0,0.0,En agglomération,Intersection en X,6.0,Plein jour,Normale,4,Bidirectionnelle,2.0,Plat,1.0,0,60,Normale,0.0,Sur chaussée,Blessé léger,Féminin,26.0,Non renseigné,3,0,0.0,2.0,1.0,1.0,200700050522B01,7,1,1.0,Non cohérente,Non cohérentes
701,200700050546,2007-08-27,2007,août,lundi,15:15,67,67482,0.0,0.0,En agglomération,Intersection en T,6.0,Plein jour,Normale,4,Bidirectionnelle,2.0,Plat,1.0,0,110,Normale,0.0,Sur chaussée,Blessé léger,Féminin,24.0,Domicile - travail,3,9,0.0,2.0,1.0,19.0,200700050546B01,7,1,1.0,Cohérente,Non cohérentes
702,200700050660,2007-08-23,2007,août,jeudi,10:45,74,74010,0.0,0.0,En agglomération,Intersection en T,6.0,Plein jour,Normale,4,A sens unique,0.0,Plat,1.0,0,0,Normale,0.0,Sur chaussée,Blessé hospitalisé,Féminin,63.0,Promenade - loisirs,3,9,0.0,0.0,1.0,15.0,200700050660B01,7,15,1.0,Cohérente,Non cohérentes
703,200700055848,2007-09-01,2007,septembre,samedi,21:30,33,33063,0.0,0.0,En agglomération,Intersection en X,4.0,Nuit avec éclairage public allumé,Normale,4,Bidirectionnelle,3.0,Plat,1.0,0,113,Normale,0.0,Sur chaussée,Blessé léger,Masculin,20.0,Autre,3,2,0.0,0.0,9.0,1.0,200700055848C01,7/ 31,15/17,2.0,Cohérente,Non cohérentes
704,200700055852,2007-09-02,2007,septembre,dimanche,15:00,33,33063,0.0,0.0,En agglomération,Intersection en X,3.0,Plein jour,Normale,4,A sens unique,1.0,Plat,1.0,0,57,Normale,0.0,Sur chaussée,Blessé léger,Masculin,11.0,Promenade - loisirs,3,2,0.0,2.0,8.0,5.0,200700055852A01,7,1,1.0,Cohérente,Non cohérentes
705,200700055888,2007-09-11,2007,septembre,mardi,14:36,33,33063,0.0,0.0,En agglomération,Hors intersection,3.0,Plein jour,Normale,4,A chaussées séparées,4.0,Plat,1.0,10,114,Normale,0.0,Sur chaussée,Blessé léger,Féminin,21.0,Non renseigné,3,2,0.0,2.0,3.0,13.0,200700055888A01,7,1,1.0,Cohérente,Non cohérentes
706,200700055895,2007-09-14,2007,septembre,vendredi,45:,33,33063,0.0,0.0,En agglomération,Intersection en X,7.0,Nuit avec éclairage public allumé,Normale,4,A chaussées séparées,4.0,Plat,1.0,0,195,Normale,0.0,Sur chaussée,Blessé hospitalisé,Féminin,20.0,Non renseigné,3,2,0.0,0.0,0.0,0.0,200700055895A01,,,,Non cohérente,Non cohérentes
707,200700055899,2007-09-14,2007,septembre,vendredi,13:45,33,33063,0.0,0.0,En agglomération,Place,3.0,Plein jour,Normale,4,A chaussées séparées,2.0,Pente,1.0,0,0,Normale,0.0,Sur chaussée,Blessé léger,Féminin,16.0,Non renseigné,3,9,0.0,2.0,0.0,1.0,200700055899B01,7,1,1.0,Cohérente,Non cohérentes
708,200700055908,2007-09-15,2007,septembre,samedi,14:00,33,33063,0.0,0.0,En agglomération,Hors intersection,6.0,Plein jour,Normale,4,Non renseigné,1.0,Plat,1.0,0,75,Normale,6.0,Sur chaussée,Blessé léger,Féminin,3.0,Non renseigné,3,0,0.0,1.0,1.0,1.0,200700055908A01,,,,Cohérente,Non cohérentes
709,200700055908,2007-09-15,2007,septembre,samedi,14:00,33,33063,0.0,0.0,En agglomération,Hors intersection,6.0,Plein jour,Normale,4,Non renseigné,1.0,Plat,1.0,0,75,Normale,6.0,Sur chaussée,Indemne,Masculin,18.0,Non renseigné,3,2,0.0,1.0,1.0,1.0,200700055908A01,,,,Cohérente,Non cohérentes
710,200700055910,2007-09-17,2007,septembre,lundi,85:0,33,33063,0.0,0.0,En agglomération,Hors intersection,3.0,Plein jour,Normale,4,A chaussées séparées,4.0,Plat,1.0,0,0,Normale,0.0,Sur chaussée,Blessé hospitalisé,Masculin,45.0,Non renseigné,3,9,0.0,2.0,0.0,1.0,200700055910B01,10,1,1.0,Non cohérente,Non cohérentes
711,200700055912,2007-09-18,2007,septembre,mardi,14:15,33,33063,0.0,0.0,En agglomération,Intersection en X,3.0,Plein jour,Normale,4,Bidirectionnelle,3.0,Plat,1.0,0,80,Normale,0.0,Sur chaussée,Blessé léger,Masculin,21.0,Non renseigné,2,2,0.0,2.0,1.0,1.0,200700055912A01,7,1,1.0,Cohérente,Non cohérentes
712,200700055930,2007-09-20,2007,septembre,jeudi,75:0,33,33063,0.0,0.0,En agglomération,Intersection en X,3.0,Plein jour,Normale,4,Bidirectionnelle,3.0,Plat,1.0,0,0,Normale,0.0,Sur chaussée,Blessé hospitalisé,Masculin,15.0,Domicile - école,3,2,0.0,2.0,1.0,1.0,200700055930A01,7,1,1.0,Non cohérente,Non cohérentes
713,200700055937,2007-09-21,2007,septembre,vendredi,82:0,33,33063,0.0,0.0,En agglomération,Hors intersection,3.0,Plein jour,Normale,4,A sens unique,1.0,Plat,1.0,0,32,Normale,4.0,Sur chaussée,Blessé léger,Féminin,31.0,Non renseigné,3,2,0.0,2.0,1.0,1.0,200700055937B01,7,15,1.0,Non cohérente,Non cohérentes
714,200700055960,2007-09-26,2007,septembre,mercredi,72:0,33,33063,0.0,0.0,En agglomération,Giratoire,3.0,Nuit avec éclairage public allumé,Pluie légère,4,Bidirectionnelle,2.0,Plat,2.0,0,0,Mouillée,0.0,Sur chaussée,Blessé léger,Masculin,50.0,Non renseigné,2,4,0.0,2.0,1.0,1.0,200700055960B01,7,9,1.0,Non cohérente,Non cohérentes
715,200700055969,2007-09-29,2007,septembre,samedi,13:00,33,33063,0.0,0.0,En agglomération,Intersection en X,3.0,Plein jour,Normale,6,Bidirectionnelle,2.0,Plat,1.0,0,0,Normale,0.0,Sur chaussée,Blessé léger,Féminin,23.0,Non renseigné,3,9,0.0,2.0,0.0,1.0,200700055969A01,7,1,1.0,Cohérente,Non cohérentes
716,200700056184,2007-09-05,2007,septembre,mercredi,19:55,38,38185,0.0,0.0,En agglomération,Intersection en T,3.0,Plein jour,Normale,3,A sens unique,1.0,Plat,1.0,0,48,Normale,0.0,Sur chaussée,Blessé léger,Féminin,22.0,Promenade - loisirs,1,9,0.0,2.0,7.0,1.0,200700056184A01,7,16,1.0,Cohérente,Non cohérentes
717,200700056187,2007-09-07,2007,septembre,vendredi,11:30,38,38185,0.0,0.0,En agglomération,Intersection en X,6.0,Plein jour,Normale,3,A sens unique,3.0,Plat,1.0,0,112,Normale,0.0,Sur chaussée,Blessé hospitalisé,Masculin,77.0,Promenade - loisirs,3,9,0.0,2.0,4.0,1.0,200700056187A01,7,1,1.0,Cohérente,Non cohérentes
718,200700056189,2007-09-11,2007,septembre,mardi,17:30,38,38185,0.0,0.0,En agglomération,Hors intersection,2.0,Plein jour,Normale,4,Bidirectionnelle,3.0,Plat,1.0,0,120,Normale,0.0,Sur chaussée,Blessé léger,Masculin,24.0,Non renseigné,3,9,0.0,2.0,1.0,1.0,200700056189A01,7,23,1.0,Cohérente,Non cohérentes
719,200700056192,2007-09-15,2007,septembre,samedi,10:45,38,38185,0.0,0.0,En agglomération,Hors intersection,2.0,Plein jour,Normale,4,Bidirectionnelle,2.0,Plat,1.0,0,61,Normale,0.0,Sur chaussée,Blessé léger,Masculin,12.0,Non renseigné,3,9,0.0,2.0,1.0,9.0,200700056192B01,7,1,1.0,Cohérente,Non cohérentes
720,200700056193,2007-09-17,2007,septembre,lundi,13:05,38,38185,0.0,0.0,En agglomération,Intersection en X,3.0,Plein jour,Normale,4,A sens unique,3.0,Plat,2.0,0,50,Normale,0.0,Sur chaussée,Blessé léger,Féminin,35.0,Domicile - travail,3,9,0.0,2.0,1.0,1.0,200700056193B01,7,1,1.0,Cohérente,Non cohérentes
721,200700056207,2007-09-24,2007,septembre,lundi,17:45,38,38185,0.0,0.0,En agglomération,Hors intersection,3.0,Plein jour,Normale,3,Bidirectionnelle,2.0,Plat,1.0,0,95,Normale,0.0,Sur chaussée,Blessé léger,Masculin,15.0,Promenade - loisirs,3,9,0.0,2.0,1.0,1.0,200700056207A01,7,1,1.0,Cohérente,Non cohérentes
722,200700056209,2007-09-26,2007,septembre,mercredi,13:30,38,38185,0.0,0.0,En agglomération,Hors intersection,6.0,Plein jour,Normale,3,A sens unique,3.0,Plat,1.0,0,90,Normale,0.0,Sur chaussée,Blessé léger,Masculin,43.0,Domicile - travail,3,9,1.0,0.0,1.0,1.0,200700056209B01,7,23,1.0,Cohérente,Non cohérentes
723,200700057172,2007-09-01,2007,septembre,samedi,17:45,67,67482,0.0,0.0,En agglomération,Hors intersection,1.0,Plein jour,Normale,4,Bidirectionnelle,2.0,Plat,4.0,0,30,Normale,0.0,Sur piste cyclable,Blessé léger,Masculin,57.0,Promenade - loisirs,3,0,0.0,2.0,1.0,1.0,200700057172B01,30,1,1.0,Cohérente,Non cohérentes
724,200700057173,2007-09-03,2007,septembre,lundi,11:45,67,67482,0.0,0.0,En agglomération,Hors intersection,3.0,Plein jour,Normale,4,A sens unique,3.0,Plat,1.0,28,90,Normale,0.0,Sur chaussée,Blessé léger,Féminin,24.0,Non renseigné,3,9,0.0,2.0,8.0,0.0,200700057173A01,7,1,1.0,Cohérente,Non cohérentes