,Num_Acc,date,an,mois,jour,hrmn,dep,com,lat,long,agg,int,col,lum,atm,catr,circ,nbv,prof,plan,lartpc,larrout,surf,infra,situ,grav,sexe,age,trajet,secuexist,equipement,obs,obsm,choc,manv,vehiculeid,typevehicules,manoeuvehicules,numVehicules,statut_heure,statut_coord
725,200700057176,2007-09-04,2007,septembre,mardi,16:30,67,67482,0.0,0.0,En agglomération,Intersection en X,6.0,Plein jour,Normale,4,Bidirectionnelle,2.0,Plat,1.0,66,136,Normale,0.0,Sur trottoir,Blessé léger,Masculin,35.0,Promenade - loisirs,3,9,0.0,2.0,1.0,1.0,200700057176A01,1,1,1.0,Cohérente,Non cohérentes
726,200700057176,2007-09-04,2007,septembre,mardi,16:30,67,67482,0.0,0.0,En agglomération,Intersection en X,6.0,Plein jour,Normale,4,Bidirectionnelle,2.0,Plat,1.0,66,136,Normale,0.0,Sur trottoir,Indemne,Masculin,27.0,Promenade - loisirs,3,9,0.0,2.0,1.0,1.0,200700057176B01,1,1,1.0,Cohérente,Non cohérentes
727,200700057177,2007-09-04,2007,septembre,mardi,17:10,67,67482,0.0,0.0,En agglomération,Hors intersection,3.0,Plein jour,Normale,4,Bidirectionnelle,2.0,Plat,1.0,0,104,Mouillée,0.0,Aucun,Blessé hospitalisé,Masculin,5.0,Promenade - loisirs,3,9,0.0,2.0,1.0,19.0,200700057177A01,7,1,1.0,Cohérente,Non cohérentes
728,200700057181,2007-09-07,2007,septembre,vendredi,62:0,67,67482,0.0,0.0,En agglomération,Hors intersection,2.0,Nuit avec éclairage public allumé,Normale,4,Bidirectionnelle,1.0,Plat,1.0,0,40,Normale,0.0,Sur chaussée,Blessé hospitalisé,Masculin,26.0,Autre,2,4,0.0,2.0,4.0,1.0,200700057181B01,7,17,1.0,Non cohérente,Non cohérentes
729,200700057182,2007-09-07,2007,septembre,vendredi,85:0,67,67482,0.0,0.0,En agglomération,Intersection en X,3.0,Plein jour,Normale,4,Bidirectionnelle,2.0,Plat,1.0,0,60,Normale,0.0,Sur chaussée,Blessé léger,Féminin,44.0,Domicile - travail,3,9,0.0,2.0,1.0,1.0,200700057182B01,7,15,1.0,Non cohérente,Non cohérentes
730,200700057199,2007-09-18,2007,septembre,mardi,21:15,67,67482,0.0,0.0,En agglomération,Intersection en X,3.0,Nuit avec éclairage public allumé,Normale,4,A sens unique,1.0,Plat,1.0,0,57,Normale,0.0,Sur chaussée,Blessé léger,Masculin,33.0,Promenade - loisirs,3,9,0.0,2.0,3.0,15.0,200700057199A01,7,1,1.0,Cohérente,Non cohérentes
731,200700057200,2007-09-20,2007,septembre,jeudi,65:5,67,67482,0.0,0.0,En agglomération,Intersection en T,3.0,Plein jour,Normale,4,A sens unique,4.0,Plat,1.0,0,129,Normale,0.0,Sur chaussée,Blessé léger,Féminin,37.0,Domicile - travail,1,2,0.0,2.0,1.0,19.0,200700057200B01,7,16,1.0,Non cohérente,Non cohérentes
732,200700057218,2007-09-27,2007,septembre,jeudi,18:00,67,67482,0.0,0.0,En agglomération,Hors intersection,3.0,Plein jour,Normale,4,Bidirectionnelle,2.0,Plat,1.0,0,57,Normale,0.0,Sur chaussée,Blessé léger,Masculin,36.0,Utilisation professionnelle,2,2,0.0,2.0,3.0,19.0,200700057218A01,7,1,1.0,Cohérente,Non cohérentes
733,200700057219,2007-09-28,2007,septembre,vendredi,5:,67,67482,0.0,0.0,En agglomération,Intersection en T,3.0,Nuit avec éclairage public allumé,Normale,4,A sens unique,1.0,Plat,1.0,0,80,Normale,0.0,Sur chaussée,Blessé léger,Féminin,24.0,Non renseigné,2,2,0.0,2.0,1.0,1.0,200700057219A01,7,1,1.0,Non cohérente,Non cohérentes
734,200700057223,2007-09-29,2007,septembre,samedi,19:10,67,67482,0.0,0.0,En agglomération,Intersection en T,6.0,Nuit sans éclairage public,Normale,4,A sens unique,1.0,Plat,1.0,0,40,Normale,0.0,Sur chaussée,Blessé léger,Masculin,49.0,Non renseigné,3,9,0.0,2.0,0.0,0.0,200700057223B01,7,1,1.0,Cohérente,Non cohérentes
735,200700063140,2007-10-02,2007,octobre,mardi,17:45,33,33063,0.0,0.0,En agglomération,Intersection en X,6.0,Plein jour,Normale,4,Bidirectionnelle,4.0,Plat,1.0,0,65,Normale,0.0,Sur chaussée,Indemne,Masculin,35.0,Non renseigné,3,2,0.0,1.0,1.0,1.0,200700063140A01,,,,Cohérente,Non cohérentes
736,200700063144,2007-10-03,2007,octobre,mercredi,13:50,33,33063,0.0,0.0,En agglomération,Intersection en X,3.0,Plein jour,Normale,4,A chaussées séparées,4.0,Plat,1.0,0,0,Normale,0.0,Sur chaussée,Blessé hospitalisé,Féminin,54.0,Non renseigné,3,2,0.0,2.0,1.0,15.0,200700063144B01,7,16,1.0,Cohérente,Non cohérentes
737,200700063145,2007-10-03,2007,octobre,mercredi,12:49,33,33063,0.0,0.0,En agglomération,Hors intersection,3.0,Plein jour,Normale,4,A sens unique,3.0,Plat,1.0,0,0,Normale,0.0,Sur chaussée,Blessé léger,Féminin,19.0,Non renseigné,3,2,0.0,2.0,3.0,13.0,200700063145A01,10,1,1.0,Cohérente,Non cohérentes
738,200700063169,2007-10-09,2007,octobre,mardi,17:30,33,33063,0.0,0.0,En agglomération,Intersection en X,6.0,Plein jour,Normale,4,A chaussées séparées,5.0,Plat,1.0,0,0,Normale,0.0,Sur chaussée,Indemne,Masculin,27.0,Domicile - travail,3,0,0.0,1.0,0.0,1.0,200700063169A01,,,,Cohérente,Non cohérentes
739,200700063170,2007-10-09,2007,octobre,mardi,80:5,33,33063,0.0,0.0,En agglomération,Intersection en T,3.0,Plein jour,Normale,4,Bidirectionnelle,2.0,Plat,1.0,0,58,Normale,0.0,Sur chaussée,Blessé hospitalisé,Féminin,16.0,Domicile - école,3,2,0.0,4.0,1.0,1.0,200700063170A01,40,1,1.0,Non cohérente,Non cohérentes
740,200700063175,2007-10-10,2007,octobre,mercredi,20:00,33,33063,0.0,0.0,En agglomération,Giratoire,3.0,Nuit avec éclairage public allumé,Normale,4,Bidirectionnelle,2.0,Plat,3.0,0,0,Autre,0.0,Sur chaussée,Blessé léger,Féminin,40.0,Non renseigné,3,2,0.0,2.0,1.0,1.0,200700063175B01,7,0,1.0,Cohérente,Non cohérentes
741,200700063177,2007-10-11,2007,octobre,jeudi,12:30,33,33063,0.0,0.0,En agglomération,Intersection en X,3.0,Plein jour,Normale,4,A sens unique,1.0,Plat,1.0,0,51,Normale,0.0,Sur chaussée,Blessé léger,Féminin,40.0,Utilisation professionnelle,3,9,0.0,2.0,1.0,1.0,200700063177B01,7,1,1.0,Cohérente,Non cohérentes
742,200700063183,2007-10-12,2007,octobre,vendredi,81:5,33,33063,0.0,0.0,En agglomération,Intersection en X,3.0,Plein jour,Normale,4,A sens unique,1.0,Plat,1.0,0,0,Normale,0.0,Sur chaussée,Indemne,Féminin,21.0,Domicile - école,3,2,0.0,2.0,4.0,1.0,200700063183A01,31,1,1.0,Non cohérente,Non cohérentes
743,200700063199,2007-10-16,2007,octobre,mardi,85:5,33,33063,0.0,0.0,En agglomération,Place,2.0,Plein jour,Normale,4,A sens unique,2.0,Plat,2.0,0,55,Normale,0.0,Sur chaussée,Blessé léger,Féminin,20.0,Non renseigné,3,2,0.0,2.0,1.0,1.0,200700063199A01,7,16,1.0,Non cohérente,Non cohérentes
744,200700063205,2007-10-16,2007,octobre,mardi,18:15,33,33063,0.0,0.0,En agglomération,Intersection en T,3.0,Plein jour,Normale,4,A sens unique,1.0,Plat,1.0,0,80,Normale,0.0,Sur chaussée,Blessé léger,Masculin,22.0,Non renseigné,3,2,0.0,2.0,1.0,19.0,200700063205B01,7,5,1.0,Cohérente,Non cohérentes
745,200700063241,2007-10-25,2007,octobre,jeudi,22:00,33,33063,0.0,0.0,En agglomération,Hors intersection,3.0,Nuit avec éclairage public allumé,Normale,4,A chaussées séparées,4.0,Plat,1.0,0,0,Normale,0.0,Sur chaussée,Blessé léger,Masculin,19.0,Autre,3,2,0.0,2.0,1.0,1.0,200700063241B01,10,16,1.0,Cohérente,Non cohérentes
746,200700063245,2007-10-26,2007,octobre,vendredi,90:5,33,33063,0.0,0.0,En agglomération,Intersection en X,2.0,Plein jour,Normale,4,A sens unique,1.0,Plat,1.0,0,70,Normale,0.0,Sur chaussée,Blessé léger,Masculin,23.0,Utilisation professionnelle,3,2,1.0,2.0,1.0,1.0,200700063245A01,7,1,1.0,Non cohérente,Non cohérentes
747,200700063471,2007-10-03,2007,octobre,mercredi,75:0,38,38185,0.0,0.0,En agglomération,Hors intersection,3.0,Plein jour,Normale,3,Bidirectionnelle,6.0,Plat,1.0,0,260,Normale,0.0,Sur chaussée,Blessé léger,Masculin,20.0,Non renseigné,3,9,0.0,2.0,0.0,19.0,200700063471A01,10,1,1.0,Non cohérente,Non cohérentes
748,200700063478,2007-10-12,2007,octobre,vendredi,70:0,38,38185,0.0,0.0,En agglomération,Hors intersection,6.0,Plein jour,Normale,3,Bidirectionnelle,4.0,Plat,1.0,0,130,Normale,0.0,Sur piste cyclable,Blessé hospitalisé,Masculin,48.0,Domicile - travail,3,9,0.0,2.0,1.0,1.0,200700063478B01,7,15,1.0,Non cohérente,Non cohérentes
749,200700063492,2007-10-19,2007,octobre,vendredi,81:5,38,38185,0.0,0.0,En agglomération,Hors intersection,6.0,Plein jour,Normale,4,Bidirectionnelle,3.0,Plat,1.0,0,130,Normale,0.0,Sur chaussée,Blessé léger,Féminin,29.0,Domicile - travail,3,9,0.0,2.0,4.0,1.0,200700063492B01,10,22,1.0,Non cohérente,Non cohérentes
750,200700063499,2007-10-25,2007,octobre,jeudi,93:0,38,38185,0.0,0.0,En agglomération,Intersection en X,3.0,Plein jour,Normale,3,Bidirectionnelle,2.0,Plat,1.0,0,47,Normale,0.0,Sur piste cyclable,Blessé léger,Féminin,24.0,Domicile - travail,3,9,0.0,2.0,1.0,1.0,200700063499B01,7,16,1.0,Non cohérente,Non cohérentes
751,200700064431,2007-10-03,2007,octobre,mercredi,14:30,67,67482,0.0,0.0,En agglomération,Intersection en X,2.0,Plein jour,Normale,4,A sens unique,1.0,Plat,1.0,0,50,Normale,0.0,Sur chaussée,Blessé léger,Masculin,75.0,Non renseigné,3,9,0.0,0.0,0.0,0.0,200700064431A01,30,0,1.0,Cohérente,Non cohérentes
752,200700064436,2007-10-05,2007,octobre,vendredi,94:5,67,67482,0.0,0.0,En agglomération,Intersection en T,3.0,Plein jour,Normale,4,A sens unique,3.0,Plat,2.0,0,140,Normale,0.0,Sur chaussée,Blessé léger,Masculin,28.0,Non renseigné,3,9,0.0,2.0,1.0,21.0,200700064436B01,7,16,1.0,Non cohérente,Non cohérentes
753,200700064447,2007-10-12,2007,octobre,vendredi,94:0,67,67482,0.0,0.0,En agglomération,Intersection en T,3.0,Plein jour,Normale,4,A sens unique,2.0,Plat,1.0,0,80,Normale,0.0,Sur chaussée,Blessé léger,Féminin,21.0,Autre,1,4,0.0,2.0,7.0,19.0,200700064447A01,33,1,1.0,Non cohérente,Non cohérentes
754,200700064450,2007-10-14,2007,octobre,dimanche,14:45,67,67482,0.0,0.0,En agglomération,Intersection en X,3.0,Plein jour,Normale,4,Bidirectionnelle,4.0,Plat,1.0,0,150,Normale,0.0,Sur chaussée,Blessé léger,Masculin,19.0,Promenade - loisirs,3,9,0.0,2.0,1.0,1.0,200700064450B01,7,1,1.0,Cohérente,Non cohérentes
755,200700064453,2007-10-16,2007,octobre,mardi,14:10,67,67482,0.0,0.0,En agglomération,Hors intersection,6.0,Plein jour,Normale,4,A chaussées séparées,2.0,Plat,1.0,80,120,Normale,0.0,Sur chaussée,Blessé léger,Féminin,59.0,Utilisation professionnelle,3,9,0.0,2.0,1.0,1.0,200700064453B01,7,20,1.0,Cohérente,Non cohérentes
756,200700064456,2007-10-17,2007,octobre,mercredi,72:5,67,67482,0.0,0.0,En agglomération,Hors intersection,3.0,Crépuscule ou aube,Normale,4,Bidirectionnelle,4.0,Plat,1.0,22,94,Normale,0.0,Sur chaussée,Blessé léger,Masculin,19.0,Utilisation professionnelle,3,9,0.0,2.0,3.0,19.0,200700064456B01,7,1,1.0,Non cohérente,Non cohérentes
757,200700064462,2007-10-19,2007,octobre,vendredi,19:00,67,67482,0.0,0.0,En agglomération,Hors intersection,3.0,Nuit avec éclairage public allumé,Normale,4,Bidirectionnelle,2.0,Plat,1.0,0,76,Normale,0.0,Aucun,Blessé léger,Masculin,22.0,Domicile - école,3,9,0.0,2.0,1.0,1.0,200700064462B01,7,15,1.0,Cohérente,Non cohérentes
758,200700064466,2007-10-23,2007,octobre,mardi,82:5,67,67482,0.0,0.0,En agglomération,Intersection en X,3.0,Plein jour,Normale,4,A sens unique,1.0,Plat,2.0,0,35,Normale,0.0,Sur chaussée,Blessé léger,Masculin,18.0,Non renseigné,3,0,0.0,2.0,1.0,1.0,200700064466B01,7,1,1.0,Non cohérente,Non cohérentes
759,200700064470,2007-10-24,2007,octobre,mercredi,19:00,67,67482,0.0,0.0,En agglomération,Intersection en X,3.0,Nuit avec éclairage public allumé,Normale,4,Bidirectionnelle,2.0,Plat,1.0,0,100,Normale,0.0,Sur chaussée,Blessé léger,Masculin,29.0,Promenade - loisirs,3,9,0.0,2.0,7.0,1.0,200700064470B01,7,16,1.0,Cohérente,Non cohérentes
760,200700064472,2007-10-25,2007,octobre,jeudi,11:55,67,67482,0.0,0.0,En agglomération,Hors intersection,3.0,Plein jour,Normale,4,A chaussées séparées,4.0,Plat,1.0,114,130,Normale,0.0,Sur chaussée,Blessé léger,Féminin,17.0,Non renseigné,3,9,0.0,2.0,6.0,19.0,200700064472B01,7,1,1.0,Cohérente,Non cohérentes
761,200700064477,2007-10-28,2007,octobre,dimanche,14:5,67,67482,0.0,0.0,En agglomération,Hors intersection,2.0,Nuit avec éclairage public allumé,Normale,4,Bidirectionnelle,2.0,Plat,1.0,0,128,Normale,0.0,Sur chaussée,Blessé léger,Masculin,15.0,Non renseigné,3,0,0.0,2.0,8.0,1.0,200700064477B01,7,4,1.0,Cohérente,Non cohérentes
762,200700064478,2007-10-30,2007,octobre,mardi,13:25,67,67482,0.0,0.0,Hors agglomération,Intersection en X,3.0,Plein jour,Normale,4,Bidirectionnelle,2.0,Plat,1.0,0,32,Normale,0.0,Sur chaussée,Blessé léger,Masculin,35.0,Promenade - loisirs,3,9,0.0,2.0,7.0,1.0,200700064478B01,7,15,1.0,Cohérente,Non cohérentes
763,200700064479,2007-10-30,2007,octobre,mardi,15:25,67,67482,0.0,0.0,En agglomération,Intersection en X,3.0,Plein jour,Normale,4,A sens unique,2.0,Plat,1.0,0,70,Normale,0.0,Sur chaussée,Blessé léger,Masculin,20.0,Promenade - loisirs,3,9,0.0,2.0,7.0,1.0,200700064479B01,7,1,1.0,Cohérente,Non cohérentes
764,200700068823,2007-11-07,2007,novembre,mercredi,11:50,33,33063,0.0,0.0,En agglomération,Intersection en X,3.0,Plein jour,Normale,4,Bidirectionnelle,2.0,Plat,1.0,0,73,Normale,0.0,Sur chaussée,Blessé hospitalisé,Féminin,38.0,Courses - achats,3,9,0.0,2.0,9.0,1.0,200700068823B01,14,1,1.0,Cohérente,Non cohérentes
765,200700068835,2007-11-09,2007,novembre,vendredi,13:00,33,33063,0.0,0.0,En agglomération,Intersection en X,3.0,Plein jour,Normale,4,A sens unique,1.0,Plat,1.0,0,0,Non renseigné,0.0,Sur chaussée,Blessé léger,Féminin,36.0,Domicile - travail,3,9,0.0,2.0,7.0,1.0,200700068835B01,7,1,1.0,Cohérente,Non cohérentes
766,200700068837,2007-11-09,2007,novembre,vendredi,82:5,33,33063,0.0,0.0,En agglomération,Hors intersection,3.0,Plein jour,Normale,4,A sens unique,1.0,Plat,1.0,0,65,Normale,6.0,Sur chaussée,Blessé hospitalisé,Masculin,22.0,Non renseigné,3,2,0.0,2.0,7.0,1.0,200700068837A01,14,1,1.0,Non cohérente,Non cohérentes
767,200700068839,2007-11-11,2007,novembre,dimanche,40:,33,33063,0.0,0.0,En agglomération,Hors intersection,3.0,Nuit avec éclairage public allumé,Normale,4,Bidirectionnelle,2.0,Plat,1.0,0,0,Normale,0.0,Sur chaussée,Blessé léger,Féminin,24.0,Promenade - loisirs,3,2,0.0,2.0,1.0,1.0,200700068839B01,7,14,1.0,Non cohérente,Non cohérentes
768,200700068855,2007-11-15,2007,novembre,jeudi,16:50,33,33063,0.0,0.0,En agglomération,Hors intersection,3.0,Plein jour,Normale,5,Bidirectionnelle,1.0,Plat,1.0,0,0,Normale,0.0,Sur chaussée,Blessé hospitalisé,Masculin,15.0,Domicile - école,3,2,0.0,2.0,0.0,1.0,200700068855A01,1,2,1.0,Cohérente,Non cohérentes
769,200700068855,2007-11-15,2007,novembre,jeudi,16:50,33,33063,0.0,0.0,En agglomération,Hors intersection,3.0,Plein jour,Normale,5,Bidirectionnelle,1.0,Plat,1.0,0,0,Normale,0.0,Sur chaussée,Blessé léger,Masculin,14.0,Non renseigné,3,2,0.0,2.0,0.0,2.0,200700068855B01,1,1,1.0,Cohérente,Non cohérentes
770,200700068882,2007-11-22,2007,novembre,jeudi,80:5,33,33063,0.0,0.0,En agglomération,Intersection en X,3.0,Plein jour,Normale,4,Bidirectionnelle,2.0,Plat,1.0,0,60,Normale,0.0,Sur chaussée,Blessé léger,Masculin,45.0,Non renseigné,3,9,0.0,2.0,1.0,16.0,200700068882B01,7,15,1.0,Non cohérente,Non cohérentes
771,200700068885,2007-11-22,2007,novembre,jeudi,17:15,33,33063,0.0,0.0,En agglomération,Hors intersection,3.0,Nuit avec éclairage public allumé,Pluie légère,4,A sens unique,1.0,Plat,1.0,0,52,Normale,0.0,Sur chaussée,Blessé léger,Féminin,15.0,Non renseigné,3,9,0.0,2.0,8.0,1.0,200700068885B01,7,16,1.0,Cohérente,Non cohérentes
772,200700068888,2007-11-24,2007,novembre,samedi,95:0,33,33063,0.0,0.0,En agglomération,Intersection en T,3.0,Plein jour,Normale,4,Bidirectionnelle,2.0,Plat,1.0,0,75,Normale,0.0,Sur chaussée,Blessé léger,Masculin,32.0,Promenade - loisirs,3,9,0.0,2.0,8.0,15.0,200700068888A01,7,1,1.0,Non cohérente,Non cohérentes
773,200700068898,2007-11-26,2007,novembre,lundi,20:20,33,33063,0.0,0.0,En agglomération,Place,3.0,Nuit avec éclairage public allumé,Normale,4,A sens unique,4.0,Plat,1.0,0,0,Normale,0.0,Sur chaussée,Blessé léger,Masculin,27.0,Non renseigné,3,2,0.0,2.0,7.0,1.0,200700068898A01,33,1,1.0,Cohérente,Non cohérentes
774,200700068907,2007-11-28,2007,novembre,mercredi,15:05,33,33063,0.0,0.0,En agglomération,Place,6.0,Plein jour,Normale,4,Bidirectionnelle,2.0,Plat,1.0,0,12,Normale,0.0,Sur chaussée,Blessé hospitalisé,Masculin,81.0,Non renseigné,3,9,0.0,2.0,4.0,1.0,200700068907B01,7,0,1.0,Cohérente,Non cohérentes
775,200700069102,2007-11-08,2007,novembre,jeudi,20:30,38,38185,0.0,0.0,En agglomération,Hors intersection,3.0,Nuit avec éclairage public allumé,Normale,3,A chaussées séparées,4.0,Plat,1.0,0,130,Normale,0.0,Sur chaussée,Blessé léger,Masculin,68.0,Promenade - loisirs,3,9,0.0,2.0,8.0,19.0,200700069102B01,7,1,1.0,Cohérente,Non cohérentes
776,200700069106,2007-11-14,2007,novembre,mercredi,22:00,38,38185,0.0,0.0,En agglomération,Hors intersection,3.0,Nuit avec éclairage public allumé,Pluie forte,4,A sens unique,2.0,Plat,1.0,0,70,Mouillée,0.0,Sur chaussée,Blessé léger,Féminin,20.0,Non renseigné,1,2,0.0,2.0,8.0,19.0,200700069106A01,7,1,1.0,Cohérente,Non cohérentes
777,200700069114,2007-11-21,2007,novembre,mercredi,73:0,38,38185,0.0,0.0,En agglomération,Hors intersection,3.0,Nuit avec éclairage public non allumé,Pluie légère,4,Bidirectionnelle,6.0,Plat,1.0,0,164,Mouillée,1.0,Sur chaussée,Blessé léger,Masculin,56.0,Non renseigné,3,9,0.0,2.0,4.0,1.0,200700069114A01,7,1,1.0,Non cohérente,Non cohérentes
778,200700069122,2007-11-27,2007,novembre,mardi,94:5,38,38185,0.0,0.0,En agglomération,Intersection en T,6.0,Plein jour,Normale,3,A sens unique,1.0,Plat,1.0,0,35,Normale,0.0,Sur chaussée,Indemne,Masculin,49.0,Autre,3,9,0.0,1.0,1.0,1.0,200700069122A01,,,,Non cohérente,Non cohérentes
779,200700069123,2007-11-27,2007,novembre,mardi,18:10,38,38185,0.0,0.0,En agglomération,Hors intersection,6.0,Nuit avec éclairage public allumé,Normale,3,Bidirectionnelle,4.0,Plat,1.0,0,76,Normale,0.0,Sur piste cyclable,Blessé léger,Féminin,24.0,Domicile - travail,3,9,1.0,0.0,1.0,1.0,200700069123B01,10,24,1.0,Cohérente,Non cohérentes
780,200700070005,2007-11-02,2007,novembre,vendredi,75:5,67,67482,0.0,0.0,En agglomération,Hors intersection,6.0,Plein jour,Normale,9,A sens unique,1.0,Plat,1.0,0,80,Normale,0.0,Sur piste cyclable,Indemne,Masculin,21.0,Non renseigné,3,9,0.0,1.0,1.0,1.0,200700070005A01,,,,Non cohérente,Non cohérentes
781,200700070014,2007-11-08,2007,novembre,jeudi,80:0,67,67482,0.0,0.0,En agglomération,Intersection en X,3.0,Plein jour,Normale,4,A chaussées séparées,3.0,Plat,1.0,42,116,Normale,0.0,Sur chaussée,Blessé léger,Féminin,16.0,Non renseigné,3,9,0.0,2.0,1.0,1.0,200700070014A01,2,1,1.0,Non cohérente,Non cohérentes
782,200700070026,2007-11-15,2007,novembre,jeudi,18:00,67,67482,0.0,0.0,En agglomération,Hors intersection,6.0,Nuit avec éclairage public allumé,Pluie légère,4,A chaussées séparées,4.0,Plat,1.0,0,70,Mouillée,4.0,Sur chaussée,Indemne,Masculin,26.0,Promenade - loisirs,3,9,0.0,1.0,1.0,1.0,200700070026A01,,,,Cohérente,Non cohérentes
783,200700070028,2007-11-16,2007,novembre,vendredi,90:5,67,67482,0.0,0.0,En agglomération,Intersection en X,3.0,Plein jour,Normale,4,A sens unique,2.0,Plat,1.0,0,50,Mouillée,0.0,Sur chaussée,Blessé léger,Masculin,21.0,Domicile - travail,2,2,0.0,2.0,1.0,1.0,200700070028A01,7,1,1.0,Non cohérente,Non cohérentes
784,200700070030,2007-11-16,2007,novembre,vendredi,15:20,67,67482,0.0,0.0,En agglomération,Intersection en T,3.0,Plein jour,Normale,4,Bidirectionnelle,2.0,Plat,1.0,0,86,Normale,0.0,Sur chaussée,Blessé léger,Féminin,55.0,Non renseigné,3,9,0.0,2.0,8.0,13.0,200700070030A01,10,16,1.0,Cohérente,Non cohérentes
785,200700070035,2007-11-19,2007,novembre,lundi,13:25,67,67482,0.0,0.0,En agglomération,Autre intersection,3.0,Plein jour,Normale,4,Bidirectionnelle,2.0,Plat,1.0,0,100,Normale,0.0,Sur chaussée,Blessé léger,Masculin,14.0,Non renseigné,3,9,0.0,2.0,1.0,19.0,200700070035B01,7,1,1.0,Cohérente,Non cohérentes
786,200700070040,2007-11-20,2007,novembre,mardi,13:40,67,67482,0.0,0.0,En agglomération,Intersection en T,3.0,Plein jour,Normale,4,A sens unique,1.0,Plat,1.0,0,35,Normale,0.0,Sur chaussée,Blessé léger,Féminin,43.0,Domicile - travail,3,9,0.0,2.0,1.0,1.0,200700070040B01,7,22,1.0,Cohérente,Non cohérentes
787,200700070043,2007-11-22,2007,novembre,jeudi,10:20,67,67482,0.0,0.0,En agglomération,Intersection en T,3.0,Plein jour,Pluie légère,4,A chaussées séparées,2.0,Plat,1.0,0,195,Mouillée,5.0,Sur chaussée,Tué,Féminin,79.0,Courses - achats,3,9,0.0,2.0,0.0,16.0,200700070043B01,15,16,1.0,Cohérente,Non cohérentes
788,200700070046,2007-11-27,2007,novembre,mardi,80:0,67,67482,0.0,0.0,En agglomération,Intersection en T,3.0,Plein jour,Normale,4,Bidirectionnelle,5.0,Plat,1.0,0,150,Normale,0.0,Sur chaussée,Blessé léger,Féminin,19.0,Domicile - école,3,9,0.0,2.0,1.0,16.0,200700070046A01,7,1,1.0,Non cohérente,Non cohérentes
789,200700070047,2007-11-27,2007,novembre,mardi,82:5,67,67482,0.0,0.0,En agglomération,Hors intersection,3.0,Plein jour,Normale,4,Bidirectionnelle,4.0,Plat,1.0,0,120,Normale,0.0,Sur piste cyclable,Blessé léger,Masculin,38.0,Domicile - travail,3,9,0.0,2.0,8.0,1.0,200700070047B01,7,9,1.0,Non cohérente,Non cohérentes
790,200700070048,2007-11-27,2007,novembre,mardi,18:25,67,67482,0.0,0.0,En agglomération,Intersection en X,3.0,Nuit avec éclairage public allumé,Normale,4,Bidirectionnelle,2.0,Plat,1.0,0,100,Normale,0.0,Sur chaussée,Blessé léger,Féminin,20.0,Domicile - école,3,9,0.0,2.0,4.0,15.0,200700070048B01,7,15,1.0,Cohérente,Non cohérentes
791,200700077521,2007-12-07,2007,décembre,vendredi,90:5,33,33063,0.0,0.0,En agglomération,Intersection en T,3.0,Plein jour,Pluie légère,4,A sens unique,2.0,Plat,1.0,0,71,Mouillée,0.0,Sur chaussée,Blessé léger,Masculin,43.0,Domicile - travail,3,2,0.0,0.0,7.0,15.0,200700077521B01,7,15,1.0,Non cohérente,Non cohérentes
792,200700077528,2007-12-04,2007,décembre,mardi,11:15,33,33063,0.0,0.0,En agglomération,Hors intersection,2.0,Plein jour,Pluie légère,4,A sens unique,1.0,Plat,-1.0,0,0,Mouillée,4.0,Sur chaussée,Blessé léger,Féminin,25.0,Autre,3,2,14.0,2.0,1.0,1.0,200700077528A01,10,23,1.0,Cohérente,Non cohérentes
793,200700077545,2007-12-10,2007,décembre,lundi,74:5,33,33063,0.0,0.0,En agglomération,Hors intersection,6.0,Nuit avec éclairage public allumé,Pluie légère,4,Bidirectionnelle,3.0,Plat,1.0,0,0,Mouillée,0.0,Sur chaussée,Indemne,Masculin,18.0,Domicile - école,3,2,0.0,1.0,1.0,17.0,200700077545A01,,,,Non cohérente,Non cohérentes
794,200700077579,2007-12-15,2007,décembre,samedi,18:40,33,33063,0.0,0.0,En agglomération,Passage à niveau,3.0,Nuit avec éclairage public allumé,Normale,4,A chaussées séparées,2.0,Plat,1.0,0,0,Normale,4.0,Sur chaussée,Blessé léger,Masculin,19.0,Domicile - travail,3,2,0.0,2.0,1.0,1.0,200700077579A01,7,1,1.0,Cohérente,Non cohérentes
795,200700077601,2007-12-20,2007,décembre,jeudi,55:0,33,33063,0.0,0.0,En agglomération,Intersection en X,3.0,Plein jour,Normale,4,Bidirectionnelle,2.0,Plat,1.0,0,0,Normale,4.0,Sur chaussée,Blessé léger,Féminin,65.0,Non renseigné,3,4,0.0,2.0,0.0,16.0,200700077601B01,7,16,1.0,Non cohérente,Non cohérentes
796,200700077605,2007-12-21,2007,décembre,vendredi,83:5,33,33063,0.0,0.0,En agglomération,Intersection en X,3.0,Plein jour,Normale,4,A chaussées séparées,6.0,Plat,1.0,0,38,Normale,0.0,Sur chaussée,Blessé léger,Féminin,55.0,Utilisation professionnelle,3,2,0.0,2.0,1.0,19.0,200700077605A01,7,1,1.0,Non cohérente,Non cohérentes