,Num_Acc,date,an,mois,jour,hrmn,dep,com,lat,long,agg,int,col,lum,atm,catr,circ,nbv,prof,plan,lartpc,larrout,surf,infra,situ,grav,sexe,age,trajet,secuexist,equipement,obs,obsm,choc,manv,vehiculeid,typevehicules,manoeuvehicules,numVehicules,statut_heure,statut_coord
797,200700078713,2007-12-03,2007,décembre,lundi,17:00,67,67482,0.0,0.0,En agglomération,Intersection en X,3.0,Crépuscule ou aube,Normale,4,A sens unique,1.0,Plat,1.0,0,45,Normale,0.0,Sur chaussée,Blessé léger,Masculin,13.0,Utilisation professionnelle,3,9,0.0,2.0,2.0,1.0,200700078713A01,10,1,1.0,Cohérente,Non cohérentes
798,200700078720,2007-12-06,2007,décembre,jeudi,10:45,67,67482,0.0,0.0,En agglomération,Intersection en X,3.0,Plein jour,Normale,4,Non renseigné,5.0,Plat,1.0,0,150,Normale,2.0,Sur chaussée,Blessé léger,Féminin,25.0,Promenade - loisirs,2,2,0.0,2.0,6.0,1.0,200700078720B01,10,15,1.0,Cohérente,Non cohérentes
799,200700078721,2007-12-06,2007,décembre,jeudi,18:02,67,67482,0.0,0.0,En agglomération,Intersection en T,3.0,Nuit avec éclairage public allumé,Pluie légère,4,A sens unique,1.0,Plat,1.0,0,50,Mouillée,0.0,Sur chaussée,Blessé léger,Féminin,21.0,Non renseigné,2,2,0.0,2.0,3.0,1.0,200700078721B01,7,15,1.0,Cohérente,Non cohérentes
800,200700078723,2007-12-07,2007,décembre,vendredi,20:,67,67482,0.0,0.0,En agglomération,Intersection en X,1.0,Nuit avec éclairage public allumé,Pluie légère,4,A sens unique,2.0,Plat,2.0,0,71,Non renseigné,0.0,Sur chaussée,Blessé léger,Masculin,41.0,Non renseigné,2,2,0.0,2.0,1.0,0.0,200700078723A01,7,14,1.0,Non cohérente,Non cohérentes
801,200700078724,2007-12-07,2007,décembre,vendredi,11:45,67,67482,0.0,0.0,En agglomération,Intersection en X,6.0,Plein jour,Normale,4,A sens unique,1.0,Plat,4.0,0,50,Mouillée,0.0,Sur chaussée,Indemne,Masculin,37.0,Promenade - loisirs,3,9,0.0,1.0,1.0,1.0,200700078724A01,,,,Cohérente,Non cohérentes
802,200700078730,2007-12-10,2007,décembre,lundi,15:30,67,67482,0.0,0.0,En agglomération,Intersection en X,3.0,Plein jour,Normale,4,Bidirectionnelle,2.0,Plat,1.0,0,0,Normale,0.0,Sur chaussée,Blessé léger,Féminin,30.0,Promenade - loisirs,3,9,0.0,2.0,1.0,1.0,200700078730B01,7,4,1.0,Cohérente,Non cohérentes
803,200700078731,2007-12-10,2007,décembre,lundi,18:45,67,67482,0.0,0.0,En agglomération,Hors intersection,1.0,Nuit avec éclairage public allumé,Pluie légère,4,A sens unique,2.0,Plat,1.0,0,70,Mouillée,0.0,Sur piste cyclable,Indemne,Masculin,30.0,Domicile - travail,3,9,0.0,2.0,1.0,1.0,200700078731A01,1,1,1.0,Cohérente,Non cohérentes
804,200700078731,2007-12-10,2007,décembre,lundi,18:45,67,67482,0.0,0.0,En agglomération,Hors intersection,1.0,Nuit avec éclairage public allumé,Pluie légère,4,A sens unique,2.0,Plat,1.0,0,70,Mouillée,0.0,Sur piste cyclable,Blessé léger,Féminin,41.0,Domicile - travail,3,9,0.0,2.0,1.0,1.0,200700078731B01,1,1,1.0,Cohérente,Non cohérentes
805,200700078732,2007-12-10,2007,décembre,lundi,19:25,67,67482,0.0,0.0,En agglomération,Intersection en T,6.0,Nuit avec éclairage public allumé,Pluie légère,4,Bidirectionnelle,2.0,Plat,1.0,0,60,Mouillée,0.0,Sur chaussée,Blessé léger,Féminin,20.0,Domicile - école,3,9,0.0,2.0,4.0,15.0,200700078732C01,7,1,2.0,Cohérente,Non cohérentes
806,200700078734,2007-12-11,2007,décembre,mardi,12:00,67,67482,0.0,0.0,En agglomération,Hors intersection,3.0,Plein jour,Pluie légère,4,Bidirectionnelle,2.0,Plat,1.0,20,80,Mouillée,0.0,Sur chaussée,Blessé léger,Féminin,18.0,Promenade - loisirs,3,9,0.0,2.0,1.0,1.0,200700078734B01,7,10,1.0,Cohérente,Non cohérentes
807,200700078736,2007-12-11,2007,décembre,mardi,12:30,67,67482,0.0,0.0,En agglomération,Intersection en X,3.0,Plein jour,Pluie légère,4,Bidirectionnelle,4.0,Plat,1.0,0,90,Mouillée,0.0,Aucun,Blessé léger,Masculin,13.0,Domicile - école,3,9,0.0,2.0,7.0,1.0,200700078736B01,7,1,1.0,Cohérente,Non cohérentes
808,200700078739,2007-12-13,2007,décembre,jeudi,10:15,67,67482,0.0,0.0,En agglomération,Intersection en X,3.0,Plein jour,Normale,4,Bidirectionnelle,2.0,Plat,1.0,0,77,Normale,0.0,Sur chaussée,Blessé léger,Masculin,30.0,Promenade - loisirs,3,9,0.0,2.0,7.0,1.0,200700078739B01,7,15,1.0,Cohérente,Non cohérentes
809,200700078740,2007-12-14,2007,décembre,vendredi,55:0,67,67482,0.0,0.0,En agglomération,Intersection en X,3.0,Nuit avec éclairage public allumé,Normale,4,Bidirectionnelle,2.0,Plat,1.0,60,60,Normale,0.0,Sur chaussée,Blessé léger,Masculin,34.0,Domicile - travail,1,4,0.0,2.0,1.0,1.0,200700078740A01,7,15,1.0,Non cohérente,Non cohérentes
810,200700078742,2007-12-15,2007,décembre,samedi,19:00,67,67482,0.0,0.0,En agglomération,Hors intersection,1.0,Nuit avec éclairage public allumé,Normale,4,A sens unique,1.0,Plat,1.0,0,35,Normale,0.0,Sur chaussée,Blessé léger,Masculin,35.0,Promenade - loisirs,3,9,0.0,2.0,1.0,5.0,200700078742A01,7,1,1.0,Cohérente,Non cohérentes
811,200700078744,2007-12-16,2007,décembre,dimanche,11:45,67,67482,0.0,0.0,En agglomération,Hors intersection,3.0,Plein jour,Normale,4,Bidirectionnelle,3.0,Plat,1.0,0,80,Normale,0.0,Sur chaussée,Blessé hospitalisé,Féminin,26.0,Promenade - loisirs,3,2,0.0,2.0,1.0,13.0,200700078744B01,7,1,1.0,Cohérente,Non cohérentes
812,200700078752,2007-12-24,2007,décembre,lundi,11:45,67,67482,0.0,0.0,En agglomération,Intersection en T,3.0,Plein jour,Normale,4,A sens unique,1.0,Plat,1.0,0,42,Normale,4.0,Sur chaussée,Blessé léger,Masculin,48.0,Promenade - loisirs,3,4,0.0,2.0,1.0,1.0,200700078752B01,7,15,1.0,Cohérente,Non cohérentes
813,200800002891,2008-01-10,2008,janvier,jeudi,91:5,33,33063,0.0,0.0,En agglomération,Intersection en X,7.0,Plein jour,Normale,4,A sens unique,1.0,Non renseigné,1.0,0,60,Normale,0.0,Sur chaussée,Blessé léger,Masculin,45.0,Domicile - travail,3,9,12.0,0.0,1.0,1.0,200800002891B01,7,15,1.0,Non cohérente,Non cohérentes
814,200800002902,2008-01-11,2008,janvier,vendredi,10:25,33,33063,0.0,0.0,En agglomération,Intersection en T,3.0,Plein jour,Normale,4,Bidirectionnelle,2.0,Plat,1.0,0,50,Normale,0.0,Sur chaussée,Blessé hospitalisé,Féminin,78.0,Domicile - travail,1,2,0.0,2.0,3.0,15.0,200800002902A01,7,17,1.0,Cohérente,Non cohérentes
815,200800002906,2008-01-14,2008,janvier,lundi,12:40,33,33063,0.0,0.0,En agglomération,Intersection en X,3.0,Plein jour,Normale,4,Bidirectionnelle,2.0,Plat,1.0,0,107,Normale,0.0,Sur chaussée,Blessé léger,Féminin,42.0,Non renseigné,3,9,1.0,2.0,1.0,23.0,200800002906A01,10,16,1.0,Cohérente,Non cohérentes
816,200800002923,2008-01-18,2008,janvier,vendredi,17:00,33,33063,0.0,0.0,En agglomération,Hors intersection,4.0,Plein jour,Normale,4,Bidirectionnelle,4.0,Plat,1.0,100,42,Normale,0.0,Sur chaussée,Blessé léger,Masculin,34.0,Utilisation professionnelle,1,2,0.0,0.0,4.0,1.0,200800002923B01,7,1,1.0,Cohérente,Non cohérentes
817,200800002923,2008-01-18,2008,janvier,vendredi,17:00,33,33063,0.0,0.0,En agglomération,Hors intersection,4.0,Plein jour,Normale,4,Bidirectionnelle,4.0,Plat,1.0,100,42,Normale,0.0,Sur chaussée,Blessé léger,Masculin,31.0,Utilisation professionnelle,1,2,0.0,0.0,4.0,1.0,200800002923C01,7,1,1.0,Cohérente,Non cohérentes
818,200800002948,2008-01-25,2008,janvier,vendredi,15:30,33,33063,0.0,0.0,En agglomération,Intersection en T,3.0,Plein jour,Normale,4,A sens unique,1.0,Plat,1.0,0,26,Normale,0.0,Sur chaussée,Blessé léger,Masculin,44.0,Non renseigné,3,2,0.0,2.0,1.0,1.0,200800002948B01,7,1,1.0,Cohérente,Non cohérentes
819,200800003153,2008-01-22,2008,janvier,mardi,12:05,38,38185,0.0,0.0,En agglomération,Hors intersection,3.0,Plein jour,Normale,3,Bidirectionnelle,6.0,Plat,1.0,0,197,Normale,0.0,Sur chaussée,Blessé léger,Féminin,20.0,Autre,3,9,0.0,2.0,1.0,1.0,200800003153B01,7,16,1.0,Cohérente,Non cohérentes
820,200800003160,2008-01-27,2008,janvier,dimanche,21:45,38,38185,0.0,0.0,En agglomération,Hors intersection,3.0,Nuit avec éclairage public allumé,Normale,3,Bidirectionnelle,2.0,Plat,1.0,0,90,Normale,0.0,Sur chaussée,Blessé léger,Masculin,24.0,Autre,3,9,0.0,2.0,1.0,15.0,200800003160B01,7,1,1.0,Cohérente,Non cohérentes
821,200800003902,2008-01-07,2008,janvier,lundi,12:40,67,67482,0.0,0.0,En agglomération,Intersection en X,3.0,Plein jour,Normale,4,A sens unique,2.0,Plat,1.0,0,76,Mouillée,0.0,Aucun,Blessé léger,Masculin,54.0,Domicile - travail,1,9,0.0,2.0,1.0,1.0,200800003902A01,31,1,1.0,Cohérente,Non cohérentes
822,200800003905,2008-01-09,2008,janvier,mercredi,21:30,67,67482,0.0,0.0,En agglomération,Hors intersection,3.0,Nuit avec éclairage public allumé,Pluie légère,4,A sens unique,1.0,Plat,1.0,0,35,Mouillée,0.0,Sur chaussée,Blessé léger,Féminin,31.0,Non renseigné,3,9,0.0,2.0,2.0,19.0,200800003905B01,2,1,1.0,Cohérente,Non cohérentes
823,200800003906,2008-01-10,2008,janvier,jeudi,11:30,67,67482,0.0,0.0,En agglomération,Hors intersection,3.0,Plein jour,Normale,4,Bidirectionnelle,1.0,Plat,1.0,0,60,Normale,0.0,Aucun,Blessé léger,Masculin,44.0,Promenade - loisirs,2,4,0.0,2.0,7.0,19.0,200800003906A01,10,1,1.0,Cohérente,Non cohérentes
824,200800003907,2008-01-10,2008,janvier,jeudi,17:30,67,67482,0.0,0.0,En agglomération,Hors intersection,3.0,Crépuscule ou aube,Normale,4,Bidirectionnelle,2.0,Plat,1.0,0,40,Normale,0.0,Sur chaussée,Blessé léger,Féminin,30.0,Promenade - loisirs,3,9,0.0,2.0,1.0,19.0,200800003907B01,7,1,1.0,Cohérente,Non cohérentes
825,200800003908,2008-01-11,2008,janvier,vendredi,16:25,67,67482,0.0,0.0,En agglomération,Intersection en T,3.0,Plein jour,Normale,4,Bidirectionnelle,2.0,Plat,1.0,0,90,Normale,0.0,Sur chaussée,Blessé hospitalisé,Féminin,35.0,Non renseigné,3,9,0.0,2.0,1.0,1.0,200800003908A01,7,15,1.0,Cohérente,Non cohérentes
826,200800003914,2008-01-16,2008,janvier,mercredi,20:45,67,67482,0.0,0.0,En agglomération,Intersection en T,3.0,Nuit avec éclairage public allumé,Pluie légère,4,Bidirectionnelle,3.0,Plat,1.0,0,110,Mouillée,0.0,Sur piste cyclable,Blessé léger,Masculin,47.0,Non renseigné,3,9,0.0,2.0,5.0,19.0,200800003914B01,7,1,1.0,Cohérente,Non cohérentes
827,200800003923,2008-01-22,2008,janvier,mardi,15:30,67,67482,0.0,0.0,En agglomération,Intersection en X,3.0,Plein jour,Normale,4,Bidirectionnelle,3.0,Plat,1.0,0,85,Normale,0.0,Sur chaussée,Blessé léger,Féminin,45.0,Promenade - loisirs,2,2,0.0,2.0,1.0,16.0,200800003923B01,7,1,1.0,Cohérente,Non cohérentes
828,200800003928,2008-01-24,2008,janvier,jeudi,13:40,67,67482,0.0,0.0,En agglomération,Intersection en X,3.0,Plein jour,Normale,4,Bidirectionnelle,4.0,Plat,1.0,0,160,Normale,0.0,Sur chaussée,Blessé léger,Féminin,25.0,Domicile - travail,2,2,0.0,2.0,8.0,1.0,200800003928B01,7,1,1.0,Cohérente,Non cohérentes
829,200800003936,2008-01-31,2008,janvier,jeudi,43:0,67,67482,0.0,0.0,En agglomération,Intersection en T,3.0,Nuit avec éclairage public allumé,Pluie légère,4,Bidirectionnelle,2.0,Pente,1.0,0,90,Mouillée,0.0,Aucun,Blessé léger,Masculin,42.0,Promenade - loisirs,3,9,0.0,2.0,7.0,1.0,200800003936B01,7,15,1.0,Non cohérente,Non cohérentes
830,200800008230,2008-02-05,2008,février,mardi,73:0,33,33063,0.0,0.0,En agglomération,Hors intersection,3.0,Plein jour,Normale,4,A chaussées séparées,2.0,Pente,1.0,0,0,Normale,0.0,Sur chaussée,Blessé léger,Masculin,21.0,Non renseigné,3,0,0.0,2.0,1.0,18.0,200800008230A01,7,23,1.0,Non cohérente,Non cohérentes
831,200800008237,2008-02-07,2008,février,jeudi,16:30,33,33063,0.0,0.0,En agglomération,Hors intersection,3.0,Plein jour,Normale,4,Bidirectionnelle,2.0,Plat,1.0,0,60,Normale,0.0,Sur chaussée,Blessé léger,Masculin,17.0,Domicile - école,3,0,0.0,0.0,0.0,1.0,200800008237A01,30,0,1.0,Cohérente,Non cohérentes
832,200800008248,2008-02-08,2008,février,vendredi,12:15,33,33063,0.0,0.0,En agglomération,Intersection en T,3.0,Plein jour,Normale,4,A sens unique,1.0,Plat,1.0,0,0,Normale,0.0,Sur chaussée,Blessé léger,Féminin,35.0,Promenade - loisirs,2,2,0.0,2.0,1.0,5.0,200800008248A01,7,16,1.0,Cohérente,Non cohérentes
833,200800008252,2008-02-11,2008,février,lundi,14:05,33,33063,0.0,0.0,En agglomération,Intersection en X,3.0,Plein jour,Normale,4,A sens unique,1.0,Plat,1.0,0,40,Normale,0.0,Sur chaussée,Blessé léger,Féminin,60.0,Promenade - loisirs,3,2,0.0,2.0,0.0,1.0,200800008252B01,7,16,1.0,Cohérente,Non cohérentes
834,200800008289,2008-02-21,2008,février,jeudi,11:45,33,33063,0.0,0.0,En agglomération,Intersection en Y,3.0,Plein jour,Normale,4,Bidirectionnelle,2.0,Plat,1.0,0,58,Normale,0.0,Sur chaussée,Blessé léger,Féminin,27.0,Non renseigné,3,9,0.0,0.0,0.0,15.0,200800008289B01,37,13,1.0,Cohérente,Non cohérentes
835,200800008293,2008-02-24,2008,février,dimanche,11:45,33,33063,0.0,0.0,En agglomération,Hors intersection,6.0,Plein jour,Normale,4,Non renseigné,0.0,Plat,1.0,0,0,Normale,0.0,Sur trottoir,Indemne,Masculin,31.0,Non renseigné,3,2,0.0,1.0,1.0,1.0,200800008293A01,,,,Cohérente,Non cohérentes
836,200800008294,2008-02-25,2008,février,lundi,16:30,33,33063,0.0,0.0,En agglomération,Place,3.0,Plein jour,Normale,4,A sens unique,2.0,Plat,-1.0,0,73,Normale,0.0,Sur chaussée,Blessé hospitalisé,Masculin,24.0,Non renseigné,3,9,0.0,2.0,1.0,1.0,200800008294B01,7,15,1.0,Cohérente,Non cohérentes
837,200800008297,2008-02-25,2008,février,lundi,17:30,33,33063,0.0,0.0,En agglomération,Hors intersection,3.0,Plein jour,Normale,4,Bidirectionnelle,2.0,Plat,1.0,0,71,Normale,0.0,Sur chaussée,Blessé léger,Féminin,28.0,Non renseigné,3,2,0.0,2.0,3.0,1.0,200800008297B01,7,1,1.0,Cohérente,Non cohérentes
838,200800008302,2008-02-27,2008,février,mercredi,19:10,33,33063,0.0,0.0,En agglomération,Intersection à plus de 4 branches,3.0,Nuit avec éclairage public allumé,Pluie légère,4,A sens unique,0.0,Plat,1.0,0,0,Normale,0.0,Sur chaussée,Blessé léger,Masculin,22.0,Non renseigné,3,4,0.0,0.0,8.0,19.0,200800008302A01,7,19,1.0,Cohérente,Non cohérentes
839,200800008461,2008-02-01,2008,février,vendredi,13:40,38,38185,0.0,0.0,En agglomération,Hors intersection,3.0,Plein jour,Normale,4,Bidirectionnelle,3.0,Plat,1.0,0,77,Normale,0.0,Sur chaussée,Blessé léger,Féminin,51.0,Domicile - travail,3,9,0.0,2.0,3.0,1.0,200800008461B01,7,16,1.0,Cohérente,Non cohérentes
840,200800008462,2008-02-01,2008,février,vendredi,16:20,38,38185,0.0,0.0,En agglomération,Hors intersection,1.0,Plein jour,Normale,4,Bidirectionnelle,2.0,Plat,1.0,0,24,Normale,1.0,Sur piste cyclable,Blessé léger,Féminin,30.0,Non renseigné,3,9,0.0,2.0,1.0,16.0,200800008462A01,1,1,1.0,Cohérente,Non cohérentes
841,200800008462,2008-02-01,2008,février,vendredi,16:20,38,38185,0.0,0.0,En agglomération,Hors intersection,1.0,Plein jour,Normale,4,Bidirectionnelle,2.0,Plat,1.0,0,24,Normale,1.0,Sur piste cyclable,Indemne,Masculin,36.0,Non renseigné,3,9,0.0,2.0,1.0,1.0,200800008462B01,1,16,1.0,Cohérente,Non cohérentes
842,200800008483,2008-02-28,2008,février,jeudi,13:35,38,38185,0.0,0.0,En agglomération,Hors intersection,3.0,Plein jour,Normale,4,Bidirectionnelle,4.0,Plat,1.0,0,157,Normale,0.0,Sur piste cyclable,Blessé léger,Masculin,54.0,Domicile - travail,3,9,0.0,2.0,1.0,1.0,200800008483B01,7,9,1.0,Cohérente,Non cohérentes
843,200800009156,2008-02-06,2008,février,mercredi,19:38,67,67482,0.0,0.0,En agglomération,Hors intersection,3.0,Nuit avec éclairage public allumé,Normale,4,Bidirectionnelle,2.0,Plat,1.0,0.0,30.0,Normale,0.0,Sur chaussée,Blessé léger,Féminin,65.0,Promenade - loisirs,3,9,0.0,2.0,7.0,19.0,200800009156A01,7,1,1.0,Cohérente,Non cohérentes
844,200800009157,2008-02-08,2008,février,vendredi,12:15,67,67482,0.0,0.0,En agglomération,Intersection en Y,3.0,Plein jour,Normale,4,A sens unique,1.0,Plat,-1.0,0.0,0.0,Non renseigné,0.0,Sur chaussée,Blessé léger,Masculin,25.0,Domicile - travail,3,9,0.0,2.0,1.0,5.0,200800009157A01,7,1,1.0,Cohérente,Non cohérentes
845,200800009160,2008-02-08,2008,février,vendredi,17:40,67,67482,0.0,0.0,En agglomération,Hors intersection,3.0,Plein jour,Normale,4,A sens unique,1.0,Plat,1.0,0.0,46.0,Normale,0.0,Sur chaussée,Blessé léger,Masculin,25.0,Promenade - loisirs,3,9,0.0,2.0,4.0,19.0,200800009160A01,33,1,1.0,Cohérente,Non cohérentes
846,200800009164,2008-02-11,2008,février,lundi,84:5,67,67482,0.0,0.0,En agglomération,Hors intersection,6.0,Plein jour,Normale,4,Bidirectionnelle,2.0,Plat,1.0,0.0,30.0,Normale,0.0,Sur chaussée,Blessé léger,Masculin,36.0,Promenade - loisirs,3,9,1.0,0.0,1.0,16.0,200800009164B01,7,24,1.0,Non cohérente,Non cohérentes
847,200800009173,2008-02-19,2008,février,mardi,14:20,67,67482,0.0,0.0,En agglomération,Hors intersection,3.0,Plein jour,Normale,4,Bidirectionnelle,4.0,Plat,1.0,0.0,160.0,Normale,0.0,Sur chaussée,Blessé hospitalisé,Féminin,29.0,Domicile - travail,3,9,0.0,2.0,1.0,1.0,200800009173B01,7,15,1.0,Cohérente,Non cohérentes
848,200800009177,2008-02-21,2008,février,jeudi,13:40,67,67482,0.0,0.0,En agglomération,Intersection en X,3.0,Plein jour,Normale,4,Bidirectionnelle,3.0,Plat,1.0,0.0,90.0,Normale,0.0,Sur chaussée,Blessé léger,Masculin,20.0,Non renseigné,2,2,0.0,2.0,1.0,19.0,200800009177A01,7,1,1.0,Cohérente,Non cohérentes
849,200800012241,2008-03-03,2008,mars,lundi,19:30,33,33063,0.0,0.0,En agglomération,Hors intersection,3.0,Nuit avec éclairage public allumé,Pluie légère,4,A sens unique,2.0,Plat,1.0,0.0,49.0,Mouillée,0.0,Sur chaussée,Blessé léger,Féminin,21.0,Promenade - loisirs,1,4,0.0,2.0,0.0,1.0,200800012241B01,7,14,1.0,Cohérente,Non cohérentes
850,200800012261,2008-03-13,2008,mars,jeudi,85:0,33,33063,0.0,0.0,En agglomération,Intersection en X,3.0,Plein jour,Pluie légère,4,A sens unique,1.0,Plat,1.0,0.0,73.0,Mouillée,0.0,Sur chaussée,Blessé léger,Féminin,53.0,Utilisation professionnelle,3,4,0.0,2.0,1.0,19.0,200800012261B01,7,19,1.0,Non cohérente,Non cohérentes
851,200800012296,2008-03-21,2008,mars,vendredi,20:20,33,33063,0.0,0.0,En agglomération,Intersection en T,3.0,Nuit avec éclairage public allumé,Normale,4,A sens unique,1.0,Plat,1.0,0.0,48.0,Mouillée,0.0,Sur piste cyclable,Blessé hospitalisé,Féminin,54.0,Domicile - travail,3,4,0.0,0.0,0.0,1.0,200800012296B01,7,16,1.0,Cohérente,Non cohérentes
852,200800012317,2008-03-31,2008,mars,lundi,10:20,33,33063,0.0,0.0,En agglomération,Hors intersection,3.0,Plein jour,Normale,4,Bidirectionnelle,2.0,Plat,1.0,0.0,0.0,Normale,0.0,Sur chaussée,Blessé léger,Féminin,36.0,Promenade - loisirs,3,4,0.0,0.0,0.0,1.0,200800012317B01,20,10,1.0,Cohérente,Non cohérentes
853,200800012483,2008-03-05,2008,mars,mercredi,18:50,38,38185,0.0,0.0,En agglomération,Hors intersection,2.0,Nuit avec éclairage public allumé,Normale,4,A sens unique,4.0,Plat,1.0,0.0,119.0,Normale,0.0,Sur chaussée,Blessé hospitalisé,Féminin,30.0,Domicile - travail,3,9,0.0,2.0,4.0,1.0,200800012483B01,30,2,1.0,Cohérente,Non cohérentes
854,200800012486,2008-03-08,2008,mars,samedi,15:45,38,38185,0.0,0.0,En agglomération,Hors intersection,3.0,Plein jour,Normale,4,Bidirectionnelle,2.0,Plat,1.0,0.0,87.0,Normale,0.0,Sur chaussée,Blessé léger,Masculin,61.0,Non renseigné,3,9,0.0,2.0,2.0,15.0,200800012486B01,7,1,1.0,Cohérente,Non cohérentes
855,200800012488,2008-03-10,2008,mars,lundi,83:5,38,38185,0.0,0.0,En agglomération,Hors intersection,6.0,Plein jour,Normale,4,Bidirectionnelle,3.0,Plat,1.0,0.0,105.0,Normale,0.0,Sur chaussée,Tué,Féminin,42.0,Domicile - travail,3,9,0.0,2.0,8.0,1.0,200800012488B01,15,16,1.0,Non cohérente,Non cohérentes
856,200800012492,2008-03-12,2008,mars,mercredi,5:,38,38185,0.0,0.0,En agglomération,Hors intersection,1.0,Nuit avec éclairage public allumé,Normale,4,A sens unique,1.0,Plat,2.0,0.0,35.0,Normale,0.0,Sur chaussée,Blessé léger,Masculin,23.0,Promenade - loisirs,3,9,0.0,2.0,1.0,5.0,200800012492B01,7,1,1.0,Non cohérente,Non cohérentes
857,200800012502,2008-03-19,2008,mars,mercredi,12:50,38,38185,0.0,0.0,En agglomération,Intersection en X,3.0,Plein jour,Normale,4,Bidirectionnelle,2.0,Plat,1.0,0.0,80.0,Normale,0.0,Sur chaussée,Blessé hospitalisé,Masculin,34.0,Domicile - travail,3,9,0.0,2.0,7.0,1.0,200800012502B01,7,16,1.0,Cohérente,Non cohérentes
858,200800012506,2008-03-25,2008,mars,mardi,11:30,38,38185,0.0,0.0,En agglomération,Hors intersection,6.0,Plein jour,Normale,4,Bidirectionnelle,2.0,Plat,1.0,0.0,54.0,Normale,0.0,Sur chaussée,Indemne,Masculin,19.0,Non renseigné,3,9,0.0,1.0,1.0,1.0,200800012506A01,,,,Cohérente,Non cohérentes
859,200800013204,2008-03-04,2008,mars,mardi,12:10,67,67482,0.0,0.0,En agglomération,Hors intersection,3.0,Crépuscule ou aube,Pluie légère,4,Bidirectionnelle,1.0,Plat,1.0,150.0,60.0,Mouillée,0.0,Sur piste cyclable,Blessé léger,Féminin,28.0,Promenade - loisirs,3,9,0.0,0.0,7.0,1.0,200800013204A01,1,1,1.0,Cohérente,Non cohérentes
860,200800013204,2008-03-04,2008,mars,mardi,12:10,67,67482,0.0,0.0,En agglomération,Hors intersection,3.0,Crépuscule ou aube,Pluie légère,4,Bidirectionnelle,1.0,Plat,1.0,150.0,60.0,Mouillée,0.0,Sur piste cyclable,Indemne,Masculin,31.0,Domicile - travail,3,9,0.0,2.0,8.0,1.0,200800013204B01,1,1,1.0,Cohérente,Non cohérentes
861,200800013213,2008-03-09,2008,mars,dimanche,10:05,67,67482,0.0,0.0,En agglomération,Intersection en Y,3.0,Plein jour,Normale,4,Bidirectionnelle,2.0,Plat,-1.0,0.0,0.0,Normale,0.0,Sur chaussée,Blessé léger,Masculin,42.0,Promenade - loisirs,3,9,0.0,2.0,7.0,1.0,200800013213B01,7,1,1.0,Cohérente,Non cohérentes
862,200800013214,2008-03-10,2008,mars,lundi,17:50,67,67482,0.0,0.0,En agglomération,Intersection en T,6.0,Plein jour,Normale,4,Bidirectionnelle,2.0,Plat,1.0,0.0,91.0,Normale,0.0,Sur chaussée,Blessé léger,Féminin,32.0,Non renseigné,3,2,0.0,2.0,7.0,1.0,200800013214B01,7,15,1.0,Cohérente,Non cohérentes
863,200800013215,2008-03-11,2008,mars,mardi,11:00,67,67482,0.0,0.0,En agglomération,Hors intersection,1.0,Plein jour,Normale,4,Bidirectionnelle,2.0,Plat,2.0,0.0,70.0,Normale,0.0,Sur chaussée,Blessé léger,Masculin,19.0,Domicile - école,3,9,0.0,2.0,1.0,1.0,200800013215B01,7,1,1.0,Cohérente,Non cohérentes
864,200800013231,2008-03-19,2008,mars,mercredi,85:7,67,67482,0.0,0.0,En agglomération,Intersection en T,2.0,Plein jour,Normale,4,Bidirectionnelle,2.0,Plat,1.0,0.0,70.0,Normale,0.0,Sur chaussée,Blessé léger,Masculin,17.0,Domicile - école,3,9,0.0,2.0,4.0,1.0,200800013231B01,7,4,1.0,Non cohérente,Non cohérentes
865,200800013243,2008-03-26,2008,mars,mercredi,10:00,67,67482,0.0,0.0,En agglomération,Autre intersection,3.0,Plein jour,Normale,4,Bidirectionnelle,3.0,Plat,1.0,0.0,140.0,Normale,0.0,Sur piste cyclable,Blessé hospitalisé,Masculin,19.0,Domicile - école,2,2,0.0,2.0,1.0,1.0,200800013243B01,7,9,1.0,Cohérente,Non cohérentes
866,200800013247,2008-03-27,2008,mars,jeudi,17:55,67,67482,0.0,0.0,En agglomération,Hors intersection,1.0,Plein jour,Normale,4,Bidirectionnelle,4.0,Plat,1.0,0.0,50.0,Normale,0.0,Sur piste cyclable,Blessé léger,Féminin,25.0,Promenade - loisirs,3,9,0.0,2.0,1.0,1.0,200800013247A01,1,1,1.0,Cohérente,Non cohérentes
867,200800013247,2008-03-27,2008,mars,jeudi,17:55,67,67482,0.0,0.0,En agglomération,Hors intersection,1.0,Plein jour,Normale,4,Bidirectionnelle,4.0,Plat,1.0,0.0,50.0,Normale,0.0,Sur piste cyclable,Blessé léger,Masculin,24.0,Promenade - loisirs,3,9,0.0,2.0,1.0,1.0,200800013247B01,1,1,1.0,Cohérente,Non cohérentes