,Num_Acc,date,an,mois,jour,hrmn,dep,com,lat,long,agg,int,col,lum,atm,catr,circ,nbv,prof,plan,lartpc,larrout,surf,infra,situ,grav,sexe,age,trajet,secuexist,equipement,obs,obsm,choc,manv,vehiculeid,typevehicules,manoeuvehicules,numVehicules,statut_heure,statut_coord
868,200800019577,2008-04-04,2008,avril,vendredi,16:25,33,33063,0.0,0.0,En agglomération,Intersection en X,3.0,Plein jour,Normale,4,A sens unique,1.0,Plat,1.0,0.0,51.0,Normale,0.0,Sur chaussée,Blessé hospitalisé,Féminin,25.0,Non renseigné,3,4,0.0,2.0,1.0,15.0,200800019577A01,7,1,1.0,Cohérente,Non cohérentes
869,200800019594,2008-04-11,2008,avril,vendredi,17:10,33,33063,0.0,0.0,En agglomération,Intersection en X,3.0,Plein jour,Normale,4,A sens unique,2.0,Plat,1.0,0.0,95.0,Normale,0.0,Sur chaussée,Blessé léger,Féminin,31.0,Non renseigné,3,4,0.0,2.0,1.0,1.0,200800019594B01,7,1,1.0,Cohérente,Non cohérentes
870,200800019619,2008-04-18,2008,avril,vendredi,18:30,33,33063,0.0,0.0,En agglomération,Intersection en T,3.0,Plein jour,Normale,4,A sens unique,1.0,Plat,1.0,0.0,51.0,Mouillée,0.0,Sur chaussée,Blessé léger,Féminin,54.0,Promenade - loisirs,2,4,0.0,2.0,0.0,5.0,200800019619A01,10,15,1.0,Cohérente,Non cohérentes
871,200800019643,2008-04-24,2008,avril,jeudi,23:00,33,33063,0.0,0.0,En agglomération,Intersection en T,3.0,Nuit avec éclairage public allumé,Normale,4,Non renseigné,2.0,Plat,1.0,0.0,70.0,Normale,0.0,Sur chaussée,Blessé hospitalisé,Masculin,44.0,Non renseigné,3,4,0.0,0.0,1.0,15.0,200800019643B01,33,17,1.0,Cohérente,Non cohérentes
872,200800019648,2008-04-28,2008,avril,lundi,81:8,33,33063,0.0,0.0,En agglomération,Hors intersection,3.0,Plein jour,Normale,4,A chaussées séparées,5.0,Plat,1.0,0.0,0.0,Non renseigné,4.0,Sur chaussée,Blessé léger,Féminin,36.0,Non renseigné,3,9,0.0,0.0,7.0,19.0,200800019648B01,40,1,1.0,Non cohérente,Non cohérentes
873,200800019651,2008-04-30,2008,avril,mercredi,12:40,33,33063,0.0,0.0,En agglomération,Hors intersection,6.0,Plein jour,Normale,4,A sens unique,2.0,Plat,1.0,0.0,54.0,Normale,0.0,Sur piste cyclable,Blessé hospitalisé,Féminin,21.0,Non renseigné,3,4,0.0,2.0,1.0,1.0,200800019651B01,7,22,1.0,Cohérente,Non cohérentes
874,200800019811,2008-04-10,2008,avril,jeudi,84:5,38,38185,0.0,0.0,En agglomération,Hors intersection,1.0,Plein jour,Pluie légère,4,Bidirectionnelle,2.0,Plat,1.0,0.0,47.0,Mouillée,0.0,Sur piste cyclable,Blessé léger,Féminin,21.0,Domicile - école,3,9,0.0,2.0,1.0,1.0,200800019811B01,30,13,1.0,Non cohérente,Non cohérentes
875,200800019826,2008-04-29,2008,avril,mardi,14:30,38,38185,0.0,0.0,En agglomération,Hors intersection,3.0,Plein jour,Normale,4,A sens unique,4.0,Plat,1.0,0.0,100.0,Normale,0.0,Sur chaussée,Blessé léger,Féminin,28.0,Promenade - loisirs,1,9,0.0,2.0,3.0,0.0,200800019826B01,38,1,1.0,Cohérente,Non cohérentes
876,200800020501,2008-04-01,2008,avril,mardi,84:5,67,67482,0.0,0.0,En agglomération,Intersection en X,3.0,Plein jour,Normale,4,Bidirectionnelle,2.0,Plat,1.0,0.0,50.0,Normale,0.0,Sur chaussée,Blessé léger,Masculin,16.0,Domicile - école,3,9,0.0,2.0,1.0,1.0,200800020501A01,7,1,1.0,Non cohérente,Non cohérentes
877,200800020507,2008-04-04,2008,avril,vendredi,16:00,67,67482,0.0,0.0,En agglomération,Hors intersection,3.0,Plein jour,Normale,4,Bidirectionnelle,4.0,Plat,1.0,0.0,120.0,Normale,0.0,Sur chaussée,Blessé léger,Masculin,52.0,Autre,3,9,0.0,2.0,1.0,18.0,200800020507A01,7,1,1.0,Cohérente,Non cohérentes
878,200800020508,2008-04-04,2008,avril,vendredi,21:05,67,67482,0.0,0.0,En agglomération,Intersection en X,3.0,Nuit sans éclairage public,Normale,4,Bidirectionnelle,2.0,Plat,1.0,0.0,60.0,Normale,0.0,Sur chaussée,Indemne,Masculin,15.0,Promenade - loisirs,3,9,0.0,2.0,1.0,0.0,200800020508A01,1,0,1.0,Cohérente,Non cohérentes
879,200800020508,2008-04-04,2008,avril,vendredi,21:05,67,67482,0.0,0.0,En agglomération,Intersection en X,3.0,Nuit sans éclairage public,Normale,4,Bidirectionnelle,2.0,Plat,1.0,0.0,60.0,Normale,0.0,Sur chaussée,Blessé léger,Masculin,16.0,Non renseigné,3,9,0.0,2.0,4.0,0.0,200800020508B01,1,0,1.0,Cohérente,Non cohérentes
880,200800020510,2008-04-05,2008,avril,samedi,17:50,67,67482,0.0,0.0,En agglomération,Intersection en X,3.0,Plein jour,Normale,4,Bidirectionnelle,4.0,Plat,1.0,0.0,90.0,Normale,0.0,Sur chaussée,Blessé léger,Masculin,45.0,Promenade - loisirs,3,9,0.0,2.0,1.0,1.0,200800020510B01,14,1,1.0,Cohérente,Non cohérentes
881,200800020512,2008-04-08,2008,avril,mardi,83:0,67,67482,0.0,0.0,En agglomération,Hors intersection,6.0,Plein jour,Normale,4,A sens unique,1.0,Plat,1.0,0.0,30.0,Normale,0.0,Sur piste cyclable,Indemne,Féminin,20.0,Promenade - loisirs,3,9,0.0,1.0,1.0,1.0,200800020512A01,,,,Non cohérente,Non cohérentes
882,200800020513,2008-04-08,2008,avril,mardi,17:00,67,67482,0.0,0.0,En agglomération,Intersection en X,3.0,Plein jour,Normale,4,A sens unique,2.0,Plat,1.0,0.0,60.0,Normale,0.0,Sur chaussée,Blessé léger,Masculin,53.0,Domicile - travail,3,9,0.0,2.0,1.0,19.0,200800020513B01,7,15,1.0,Cohérente,Non cohérentes
883,200800020528,2008-04-15,2008,avril,mardi,16:55,67,67482,0.0,0.0,En agglomération,Hors intersection,1.0,Plein jour,Pluie légère,4,Bidirectionnelle,2.0,Plat,1.0,0.0,45.0,Mouillée,0.0,Sur chaussée,Blessé léger,Masculin,28.0,Domicile - travail,3,9,0.0,2.0,1.0,16.0,200800020528A01,7,1,1.0,Cohérente,Non cohérentes
884,200800020533,2008-04-21,2008,avril,lundi,73:0,67,67482,0.0,0.0,En agglomération,Hors intersection,1.0,Plein jour,Normale,4,Bidirectionnelle,2.0,Plat,1.0,0.0,50.0,Normale,2.0,Sur piste cyclable,Blessé léger,Masculin,52.0,Domicile - travail,3,9,0.0,2.0,1.0,1.0,200800020533B01,2,16,1.0,Non cohérente,Non cohérentes
885,200800020535,2008-04-21,2008,avril,lundi,14:16,67,67482,0.0,0.0,En agglomération,Hors intersection,3.0,Plein jour,Pluie légère,4,Bidirectionnelle,3.0,Plat,1.0,0.0,45.0,Mouillée,0.0,Sur chaussée,Indemne,Masculin,36.0,Promenade - loisirs,3,9,0.0,2.0,1.0,1.0,200800020535B01,2,19,1.0,Cohérente,Non cohérentes
886,200800020538,2008-04-24,2008,avril,jeudi,12:30,67,67482,0.0,0.0,En agglomération,Hors intersection,6.0,Plein jour,Normale,4,Bidirectionnelle,2.0,Plat,1.0,0.0,0.0,Normale,0.0,Sur chaussée,Blessé léger,Masculin,57.0,Non renseigné,3,9,0.0,1.0,1.0,1.0,200800020538A01,,,,Cohérente,Non cohérentes
887,200800020548,2008-04-30,2008,avril,mercredi,13:50,67,67482,0.0,0.0,En agglomération,Intersection en X,3.0,Plein jour,Normale,4,Bidirectionnelle,2.0,Plat,1.0,0.0,50.0,Normale,0.0,Aucun,Blessé léger,Masculin,12.0,Promenade - loisirs,3,9,0.0,2.0,7.0,1.0,200800020548B01,7,16,1.0,Cohérente,Non cohérentes
888,200800024113,2008-05-14,2008,mai,mercredi,30:5,33,33063,0.0,0.0,En agglomération,Intersection en X,3.0,Nuit avec éclairage public allumé,Normale,4,A sens unique,1.0,Plat,1.0,0.0,0.0,Normale,0.0,Sur chaussée,Blessé hospitalisé,Masculin,21.0,Non renseigné,3,4,0.0,2.0,1.0,1.0,200800024113A01,7,1,1.0,Non cohérente,Non cohérentes
889,200800024137,2008-05-19,2008,mai,lundi,85:0,33,33063,0.0,0.0,En agglomération,Hors intersection,3.0,Plein jour,Normale,4,Bidirectionnelle,2.0,Bas de côte,1.0,30.0,120.0,Normale,0.0,Sur piste cyclable,Blessé léger,Féminin,71.0,Non renseigné,3,4,0.0,2.0,1.0,1.0,200800024137B01,7,16,1.0,Non cohérente,Non cohérentes
890,200800024149,2008-05-21,2008,mai,mercredi,21:20,33,33063,0.0,0.0,En agglomération,Hors intersection,6.0,Plein jour,Normale,4,A sens unique,1.0,Plat,1.0,0.0,62.0,Normale,0.0,Sur chaussée,Blessé léger,Masculin,26.0,Non renseigné,3,4,1.0,0.0,0.0,1.0,200800024149A01,,,,Cohérente,Non cohérentes
891,200800024152,2008-05-21,2008,mai,mercredi,82:0,33,33063,0.0,0.0,En agglomération,Intersection en T,3.0,Plein jour,Normale,4,A sens unique,1.0,Plat,1.0,0.0,0.0,Normale,0.0,Aucun,Indemne,Masculin,14.0,Domicile - école,3,9,0.0,2.0,1.0,1.0,200800024152A01,7,16,1.0,Non cohérente,Non cohérentes
892,200800024152,2008-05-21,2008,mai,mercredi,82:0,33,33063,0.0,0.0,En agglomération,Intersection en T,3.0,Plein jour,Normale,4,A sens unique,1.0,Plat,1.0,0.0,0.0,Normale,0.0,Aucun,Blessé hospitalisé,Masculin,14.0,Non renseigné,3,9,0.0,2.0,1.0,1.0,200800024152A01,7,16,1.0,Non cohérente,Non cohérentes
893,200800024152,2008-05-21,2008,mai,mercredi,82:0,33,33063,0.0,0.0,En agglomération,Intersection en T,3.0,Plein jour,Normale,4,A sens unique,1.0,Plat,1.0,0.0,0.0,Normale,0.0,Aucun,Indemne,Masculin,14.0,Non renseigné,3,9,0.0,2.0,1.0,1.0,200800024152A01,7,16,1.0,Non cohérente,Non cohérentes
894,200800024159,2008-05-24,2008,mai,samedi,11:30,33,33063,0.0,0.0,En agglomération,Intersection en T,3.0,Plein jour,Pluie légère,4,A sens unique,1.0,Plat,1.0,0.0,28.0,Mouillée,0.0,Sur chaussée,Blessé hospitalisé,Masculin,13.0,Promenade - loisirs,3,4,0.0,2.0,1.0,19.0,200800024159B01,7,15,1.0,Cohérente,Non cohérentes
895,200800024177,2008-05-28,2008,mai,mercredi,10:15,33,33063,0.0,0.0,En agglomération,Intersection en X,3.0,Plein jour,Normale,4,A sens unique,2.0,Plat,1.0,0.0,59.0,Normale,0.0,Sur piste cyclable,Blessé léger,Féminin,19.0,Non renseigné,3,4,0.0,2.0,1.0,1.0,200800024177B01,33,21,1.0,Cohérente,Non cohérentes
896,200800024184,2008-05-29,2008,mai,jeudi,12:00,33,33063,0.0,0.0,En agglomération,Intersection à plus de 4 branches,3.0,Plein jour,Normale,4,A sens unique,1.0,Plat,1.0,0.0,0.0,Normale,0.0,Sur chaussée,Blessé hospitalisé,Féminin,81.0,Promenade - loisirs,3,9,0.0,2.0,1.0,16.0,200800024184B01,7,1,1.0,Cohérente,Non cohérentes
897,200800024186,2008-05-29,2008,mai,jeudi,17:40,33,33063,0.0,0.0,En agglomération,Place,3.0,Plein jour,Normale,4,A sens unique,3.0,Plat,1.0,0.0,72.0,Normale,5.0,Sur piste cyclable,Blessé léger,Féminin,36.0,Promenade - loisirs,3,4,0.0,0.0,8.0,1.0,200800024186B01,7,16,1.0,Cohérente,Non cohérentes
898,200800024189,2008-05-31,2008,mai,samedi,12:30,33,33063,0.0,0.0,En agglomération,Intersection en T,1.0,Plein jour,Normale,4,A sens unique,1.0,Plat,1.0,0.0,97.0,Normale,0.0,Sur piste cyclable,Blessé léger,Masculin,12.0,Promenade - loisirs,3,4,0.0,2.0,1.0,5.0,200800024189B01,7,16,1.0,Cohérente,Non cohérentes
899,200800024191,2008-05-30,2008,mai,vendredi,14:50,33,33063,0.0,0.0,En agglomération,Hors intersection,2.0,Plein jour,Normale,4,A chaussées séparées,2.0,Plat,1.0,100.0,121.0,Normale,0.0,Sur chaussée,Blessé hospitalisé,Masculin,21.0,Non renseigné,3,9,0.0,2.0,1.0,1.0,200800024191B01,7,23,1.0,Cohérente,Non cohérentes
900,200800024361,2008-05-14,2008,mai,mercredi,81:0,38,38185,0.0,0.0,En agglomération,Hors intersection,3.0,Plein jour,Normale,4,Bidirectionnelle,2.0,Plat,1.0,0.0,90.0,Normale,0.0,Sur chaussée,Blessé léger,Masculin,51.0,Domicile - travail,3,9,0.0,2.0,3.0,1.0,200800024361B01,37,14,1.0,Non cohérente,Non cohérentes
901,200800024366,2008-05-17,2008,mai,samedi,11:25,38,38185,0.0,0.0,En agglomération,Hors intersection,6.0,Plein jour,Pluie légère,4,Bidirectionnelle,2.0,Plat,1.0,0.0,70.0,Mouillée,0.0,Sur piste cyclable,Indemne,Masculin,43.0,Non renseigné,3,9,0.0,1.0,1.0,1.0,200800024366A01,,,,Cohérente,Non cohérentes
902,200800024367,2008-05-17,2008,mai,samedi,12:15,38,38185,0.0,0.0,En agglomération,Intersection en X,3.0,Plein jour,Pluie légère,4,A sens unique,1.0,Plat,1.0,0.0,47.0,Mouillée,0.0,Sur chaussée,Blessé léger,Masculin,20.0,Non renseigné,3,9,0.0,2.0,1.0,1.0,200800024367B01,7,1,1.0,Cohérente,Non cohérentes
903,200800024369,2008-05-19,2008,mai,lundi,22:27,38,38185,0.0,0.0,En agglomération,Hors intersection,6.0,Nuit avec éclairage public allumé,Normale,4,A sens unique,1.0,Plat,2.0,0.0,40.0,Normale,0.0,Sur chaussée,Blessé léger,Féminin,42.0,Non renseigné,3,9,0.0,2.0,1.0,1.0,200800024369B01,7,22,1.0,Cohérente,Non cohérentes
904,200800024370,2008-05-20,2008,mai,mardi,12:15,38,38185,0.0,0.0,En agglomération,Intersection en X,3.0,Plein jour,Normale,4,Bidirectionnelle,2.0,Plat,1.0,0.0,100.0,Normale,0.0,Sur piste cyclable,Blessé léger,Masculin,29.0,Non renseigné,3,9,0.0,2.0,1.0,1.0,200800024370B01,7,1,1.0,Cohérente,Non cohérentes
905,200800024378,2008-05-27,2008,mai,mardi,80:0,38,38185,0.0,0.0,En agglomération,Hors intersection,6.0,Plein jour,Pluie légère,4,Bidirectionnelle,2.0,Plat,1.0,0.0,138.0,Mouillée,0.0,Sur chaussée,Blessé hospitalisé,Féminin,29.0,Domicile - travail,3,9,0.0,1.0,7.0,1.0,200800024378A01,,,,Non cohérente,Non cohérentes
906,200800025176,2008-05-03,2008,mai,samedi,95:5,67,67482,0.0,0.0,En agglomération,Intersection en T,1.0,Plein jour,Normale,4,Bidirectionnelle,2.0,Plat,1.0,0.0,51.0,Normale,0.0,Aucun,Blessé léger,Masculin,51.0,Non renseigné,3,9,0.0,2.0,1.0,1.0,200800025176B01,7,1,1.0,Non cohérente,Non cohérentes
907,200800025178,2008-05-03,2008,mai,samedi,17:15,67,67482,0.0,0.0,En agglomération,Hors intersection,1.0,Plein jour,Normale,4,A sens unique,1.0,Plat,1.0,0.0,45.0,Normale,0.0,Sur chaussée,Indemne,Masculin,19.0,Non renseigné,3,9,0.0,2.0,1.0,1.0,200800025178B01,30,13,1.0,Cohérente,Non cohérentes
908,200800025183,2008-05-06,2008,mai,mardi,90:0,67,67482,0.0,0.0,En agglomération,Hors intersection,3.0,Plein jour,Normale,4,A sens unique,30.0,Plat,1.0,30.0,150.0,Normale,0.0,Sur chaussée,Blessé léger,Masculin,30.0,Promenade - loisirs,3,9,0.0,2.0,7.0,19.0,200800025183B01,7,1,1.0,Non cohérente,Non cohérentes
909,200800025185,2008-05-06,2008,mai,mardi,18:00,67,67482,0.0,0.0,En agglomération,Hors intersection,3.0,Plein jour,Normale,4,A chaussées séparées,4.0,Plat,1.0,80.0,60.0,Normale,0.0,Sur chaussée,Blessé léger,Féminin,21.0,Domicile - travail,1,9,1.0,0.0,1.0,1.0,200800025185B01,7,22,1.0,Cohérente,Non cohérentes
910,200800025186,2008-05-07,2008,mai,mercredi,15:00,67,67482,0.0,0.0,En agglomération,Intersection en T,3.0,Plein jour,Normale,4,A sens unique,2.0,Plat,1.0,0.0,60.0,Normale,0.0,Sur piste cyclable,Blessé léger,Masculin,36.0,Promenade - loisirs,2,9,0.0,2.0,8.0,1.0,200800025186B01,7,1,1.0,Cohérente,Non cohérentes
911,200800025201,2008-05-15,2008,mai,jeudi,12:15,67,67482,0.0,0.0,En agglomération,Hors intersection,1.0,Plein jour,Temps couvert,4,Bidirectionnelle,1.0,Plat,1.0,0.0,250.0,Normale,6.0,Sur chaussée,Blessé léger,Féminin,25.0,Non renseigné,3,9,0.0,2.0,1.0,1.0,200800025201B01,1,0,1.0,Cohérente,Non cohérentes
912,200800025202,2008-05-15,2008,mai,jeudi,17:10,67,67482,0.0,0.0,En agglomération,Hors intersection,6.0,Plein jour,Normale,4,Bidirectionnelle,4.0,Plat,1.0,20.0,63.0,Normale,0.0,Sur piste cyclable,Indemne,Masculin,19.0,Promenade - loisirs,3,9,0.0,1.0,1.0,1.0,200800025202A01,,,,Cohérente,Non cohérentes
913,200800025205,2008-05-15,2008,mai,jeudi,18:55,67,67482,0.0,0.0,En agglomération,Intersection en Y,3.0,Plein jour,Pluie forte,4,Bidirectionnelle,2.0,Plat,1.0,0.0,66.0,Mouillée,0.0,Sur chaussée,Blessé léger,Féminin,30.0,Domicile - travail,3,9,0.0,2.0,1.0,1.0,200800025205A01,7,16,1.0,Cohérente,Non cohérentes
914,200800025209,2008-05-16,2008,mai,vendredi,22:15,67,67482,0.0,0.0,En agglomération,Hors intersection,6.0,Nuit avec éclairage public allumé,Normale,4,Bidirectionnelle,4.0,Plat,1.0,0.0,138.0,Normale,0.0,Sur chaussée,Blessé léger,Féminin,33.0,Non renseigné,3,9,1.0,0.0,1.0,1.0,200800025209A01,,,,Cohérente,Non cohérentes
915,200800025211,2008-05-18,2008,mai,dimanche,13:30,67,67482,0.0,0.0,En agglomération,Intersection en X,3.0,Plein jour,Pluie légère,4,Bidirectionnelle,4.0,Pente,1.0,0.0,120.0,Mouillée,0.0,Sur chaussée,Blessé léger,Féminin,64.0,Promenade - loisirs,3,9,0.0,2.0,1.0,1.0,200800025211B01,20,24,1.0,Cohérente,Non cohérentes
916,200800025212,2008-05-18,2008,mai,dimanche,17:40,67,67482,0.0,0.0,En agglomération,Hors intersection,3.0,Plein jour,Pluie légère,4,Bidirectionnelle,2.0,Plat,1.0,0.0,80.0,Mouillée,0.0,Sur chaussée,Blessé léger,Masculin,62.0,Promenade - loisirs,3,9,0.0,2.0,8.0,1.0,200800025212B01,7,1,1.0,Cohérente,Non cohérentes
917,200800025215,2008-05-20,2008,mai,mardi,12:15,67,67482,0.0,0.0,En agglomération,Intersection en X,3.0,Plein jour,Normale,4,A chaussées séparées,4.0,Plat,1.0,20.0,180.0,Normale,0.0,Sur chaussée,Blessé léger,Masculin,34.0,Non renseigné,1,2,0.0,2.0,1.0,1.0,200800025215A01,7,1,1.0,Cohérente,Non cohérentes
918,200800025217,2008-05-21,2008,mai,mercredi,17:55,67,67482,0.0,0.0,Hors agglomération,Intersection en T,3.0,Plein jour,Normale,4,Bidirectionnelle,4.0,Plat,1.0,0.0,159.0,Normale,0.0,Sur chaussée,Blessé léger,Masculin,45.0,Promenade - loisirs,3,9,0.0,2.0,7.0,19.0,200800025217A01,40,1,1.0,Cohérente,Non cohérentes
919,200800025220,2008-05-22,2008,mai,jeudi,14:25,67,67482,0.0,0.0,En agglomération,Hors intersection,3.0,Plein jour,Normale,4,A sens unique,2.0,Plat,1.0,10.0,139.0,Normale,0.0,Sur trottoir,Blessé léger,Masculin,32.0,Courses - achats,3,9,0.0,2.0,1.0,1.0,200800025220A01,7,1,1.0,Cohérente,Non cohérentes
920,200800025232,2008-05-27,2008,mai,mardi,18:35,67,67482,0.0,0.0,En agglomération,Hors intersection,3.0,Plein jour,Normale,4,Bidirectionnelle,4.0,Plat,1.0,80.0,80.0,Normale,0.0,Sur chaussée,Blessé léger,Féminin,20.0,Promenade - loisirs,3,9,0.0,2.0,1.0,19.0,200800025232B01,7,15,1.0,Cohérente,Non cohérentes
921,200800025235,2008-05-30,2008,mai,vendredi,93:0,67,67482,0.0,0.0,En agglomération,Hors intersection,2.0,Plein jour,Normale,4,A sens unique,1.0,Plat,1.0,10.0,27.0,Normale,0.0,Sur chaussée,Blessé léger,Masculin,78.0,Non renseigné,3,9,0.0,2.0,1.0,1.0,200800025235B01,10,4,1.0,Non cohérente,Non cohérentes
922,200800025237,2008-05-31,2008,mai,samedi,11:35,67,67482,0.0,0.0,En agglomération,Intersection en T,6.0,Plein jour,Normale,4,A sens unique,1.0,Plat,1.0,0.0,150.0,Normale,0.0,Sur chaussée,Indemne,Masculin,62.0,Non renseigné,3,9,0.0,1.0,1.0,1.0,200800025237A01,,,,Cohérente,Non cohérentes
923,200800025240,2008-05-31,2008,mai,samedi,18:45,67,67482,0.0,0.0,En agglomération,Hors intersection,3.0,Plein jour,Normale,4,Bidirectionnelle,3.0,Plat,1.0,0.0,110.0,Normale,0.0,Sur chaussée,Blessé léger,Féminin,48.0,Autre,3,2,0.0,2.0,2.0,19.0,200800025240B01,7,1,1.0,Cohérente,Non cohérentes
924,200800025367,2008-05-14,2008,mai,mercredi,14:10,74,74010,0.0,0.0,En agglomération,Giratoire,6.0,Plein jour,Normale,4,Bidirectionnelle,2.0,Bas de côte,1.0,0.0,70.0,Normale,0.0,Aucun,Blessé hospitalisé,Masculin,58.0,Autre,3,2,0.0,2.0,1.0,1.0,200800025367A01,7,23,1.0,Cohérente,Non cohérentes
925,200800025374,2008-05-29,2008,mai,jeudi,19:10,74,74010,0.0,0.0,En agglomération,Intersection en T,6.0,Plein jour,Normale,4,Bidirectionnelle,2.0,Plat,1.0,0.0,0.0,Normale,0.0,Aucun,Blessé léger,Masculin,52.0,Promenade - loisirs,3,2,0.0,0.0,4.0,1.0,200800025374B01,7,15,1.0,Cohérente,Non cohérentes
926,200800032294,2008-06-04,2008,juin,mercredi,95:0,33,33063,0.0,0.0,En agglomération,Hors intersection,2.0,Plein jour,Normale,4,Bidirectionnelle,2.0,Plat,1.0,0.0,0.0,Normale,0.0,Sur chaussée,Blessé léger,Féminin,32.0,Non renseigné,3,4,1.0,2.0,1.0,1.0,200800032294B01,14,1,1.0,Non cohérente,Non cohérentes
927,200800032317,2008-06-12,2008,juin,jeudi,93:0,33,33063,0.0,0.0,En agglomération,Hors intersection,2.0,Plein jour,Normale,4,Bidirectionnelle,2.0,Plat,1.0,0.0,60.0,Normale,0.0,Sur chaussée,Blessé léger,Féminin,58.0,Utilisation professionnelle,3,4,1.0,2.0,8.0,1.0,200800032317B01,7,17,1.0,Non cohérente,Non cohérentes
928,200800032318,2008-06-12,2008,juin,jeudi,81:5,33,33063,0.0,0.0,En agglomération,Intersection en T,3.0,Plein jour,Normale,4,A sens unique,1.0,Plat,1.0,0.0,87.0,Normale,0.0,Sur chaussée,Blessé léger,Féminin,28.0,Utilisation professionnelle,3,4,0.0,2.0,1.0,1.0,200800032318A01,7,16,1.0,Non cohérente,Non cohérentes
929,200800032326,2008-06-14,2008,juin,samedi,15:50,33,33063,0.0,0.0,En agglomération,Hors intersection,3.0,Plein jour,Normale,4,A chaussées séparées,30.0,Plat,1.0,0.0,0.0,Normale,0.0,Sur chaussée,Blessé léger,Féminin,21.0,Non renseigné,3,4,0.0,2.0,2.0,19.0,200800032326B01,7,1,1.0,Cohérente,Non cohérentes
930,200800032347,2008-06-20,2008,juin,vendredi,74:0,33,33063,0.0,0.0,En agglomération,Intersection en X,3.0,Plein jour,Normale,4,A sens unique,1.0,Plat,1.0,0.0,31.0,Normale,0.0,Sur chaussée,Blessé hospitalisé,Masculin,33.0,Domicile - travail,3,4,0.0,0.0,7.0,1.0,200800032347A01,7,1,1.0,Non cohérente,Non cohérentes
931,200800032349,2008-06-20,2008,juin,vendredi,91:5,33,33063,0.0,0.0,En agglomération,Intersection en X,3.0,Plein jour,Normale,4,A sens unique,1.0,Plat,1.0,0.0,50.0,Normale,0.0,Sur chaussée,Blessé léger,Masculin,20.0,Non renseigné,3,4,12.0,2.0,1.0,1.0,200800032349A01,7,1,1.0,Non cohérente,Non cohérentes
932,200800032350,2008-06-21,2008,juin,samedi,90:5,33,33063,0.0,0.0,En agglomération,Hors intersection,4.0,Plein jour,Normale,4,Bidirectionnelle,2.0,Plat,1.0,0.0,70.0,Normale,0.0,Sur chaussée,Blessé léger,Masculin,17.0,Non renseigné,3,0,1.0,0.0,2.0,1.0,200800032350B01,7/ 37,24/21,2.0,Non cohérente,Non cohérentes
933,200800032354,2008-06-23,2008,juin,lundi,19:30,33,33063,0.0,0.0,En agglomération,Giratoire,3.0,Plein jour,Normale,4,Bidirectionnelle,2.0,Plat,3.0,0.0,80.0,Normale,5.0,Sur chaussée,Blessé léger,Masculin,65.0,Non renseigné,3,4,0.0,2.0,1.0,16.0,200800032354B01,7,16,1.0,Cohérente,Non cohérentes
934,200800032355,2008-06-24,2008,juin,mardi,16:15,33,33063,0.0,0.0,En agglomération,Hors intersection,3.0,Plein jour,Temps couvert,4,Bidirectionnelle,2.0,Plat,1.0,0.0,60.0,Normale,0.0,Sur chaussée,Indemne,Féminin,46.0,Non renseigné,3,4,0.0,0.0,0.0,14.0,200800032355B01,2,0,1.0,Cohérente,Non cohérentes
935,200800032557,2008-06-01,2008,juin,dimanche,15:40,38,38185,0.0,0.0,En agglomération,Hors intersection,6.0,Plein jour,Normale,4,Bidirectionnelle,3.0,Plat,1.0,0.0,104.0,Normale,0.0,Sur chaussée,Blessé léger,Masculin,60.0,Non renseigné,3,9,0.0,0.0,0.0,19.0,200800032557B01,7,1,1.0,Cohérente,Non cohérentes
936,200800032562,2008-06-03,2008,juin,mardi,84:5,38,38185,0.0,0.0,En agglomération,Hors intersection,1.0,Plein jour,Normale,4,A sens unique,1.0,Plat,1.0,0.0,60.0,Normale,0.0,Sur chaussée,Blessé léger,Féminin,54.0,Domicile - travail,3,9,0.0,2.0,1.0,5.0,200800032562B01,7,15,1.0,Non cohérente,Non cohérentes
937,200800032563,2008-06-05,2008,juin,jeudi,22:40,38,38185,0.0,0.0,En agglomération,Hors intersection,3.0,Nuit avec éclairage public allumé,Pluie légère,4,Bidirectionnelle,3.0,Plat,1.0,0.0,120.0,Mouillée,5.0,Sur chaussée,Blessé léger,Féminin,20.0,Domicile - travail,2,9,0.0,2.0,1.0,1.0,200800032563B01,7,15,1.0,Cohérente,Non cohérentes
938,200800032569,2008-06-11,2008,juin,mercredi,17:05,38,38185,0.0,0.0,En agglomération,Hors intersection,3.0,Plein jour,Pluie légère,4,Non renseigné,0.0,Plat,1.0,0.0,0.0,Mouillée,0.0,Sur chaussée,Blessé léger,Masculin,6.0,Non renseigné,3,9,0.0,2.0,0.0,19.0,200800032569B01,10,1,1.0,Cohérente,Non cohérentes
939,200800032575,2008-06-15,2008,juin,dimanche,10:45,38,38185,0.0,0.0,En agglomération,Hors intersection,3.0,Plein jour,Normale,4,Bidirectionnelle,3.0,Plat,1.0,0.0,90.0,Normale,0.0,Sur chaussée,Blessé léger,Masculin,12.0,Non renseigné,3,9,0.0,2.0,1.0,19.0,200800032575B01,7,1,1.0,Cohérente,Non cohérentes
940,200800032579,2008-06-19,2008,juin,jeudi,16:30,38,38185,0.0,0.0,En agglomération,Hors intersection,3.0,Plein jour,Normale,4,Bidirectionnelle,2.0,Plat,1.0,0.0,63.0,Normale,0.0,Sur chaussée,Blessé léger,Masculin,78.0,Non renseigné,3,9,0.0,2.0,1.0,1.0,200800032579B01,7,15,1.0,Cohérente,Non cohérentes