,Num_Acc,date,an,mois,jour,hrmn,dep,com,lat,long,agg,int,col,lum,atm,catr,circ,nbv,prof,plan,lartpc,larrout,surf,infra,situ,grav,sexe,age,trajet,secuexist,equipement,obs,obsm,choc,manv,vehiculeid,typevehicules,manoeuvehicules,numVehicules,statut_heure,statut_coord
1013,200800051293,2008-09-27,2008,septembre,samedi,25:,67,67482,0.0,0.0,En agglomération,Intersection en T,6.0,Nuit avec éclairage public allumé,Normale,4,Bidirectionnelle,2.0,Plat,1.0,0.0,100.0,Normale,0.0,Sur chaussée,Blessé léger,Masculin,20.0,Non renseigné,3,4,0.0,2.0,1.0,0.0,200800051293A01,7,0,1.0,Non cohérente,Non cohérentes
1014,200800051440,2008-09-02,2008,septembre,mardi,16:15,74,74010,0.0,0.0,En agglomération,Intersection en X,3.0,Plein jour,Normale,4,Bidirectionnelle,3.0,Plat,1.0,0.0,0.0,Normale,0.0,Aucun,Blessé hospitalisé,Féminin,69.0,Promenade - loisirs,3,4,0.0,0.0,2.0,19.0,200800051440A01,7,1,1.0,Cohérente,Non cohérentes
1015,200800052256,2008-09-05,2008,septembre,vendredi,74:5,33,33063,0.0,0.0,En agglomération,Intersection en T,3.0,Crépuscule ou aube,Pluie légère,4,A chaussées séparées,6.0,Plat,1.0,0.0,0.0,Mouillée,0.0,Sur chaussée,Blessé hospitalisé,Féminin,27.0,Non renseigné,3,4,0.0,0.0,5.0,16.0,200800052256A01,31,1,1.0,Non cohérente,Non cohérentes
1016,200800052271,2008-09-10,2008,septembre,mercredi,19:40,33,33063,0.0,0.0,En agglomération,Hors intersection,3.0,Plein jour,Normale,4,Bidirectionnelle,2.0,Plat,1.0,0.0,90.0,Normale,0.0,Sur chaussée,Blessé léger,Masculin,47.0,Promenade - loisirs,2,2,1.0,0.0,1.0,1.0,200800052271B01,7,24,1.0,Cohérente,Non cohérentes
1017,200800052293,2008-09-17,2008,septembre,mercredi,14:05,33,33063,0.0,0.0,En agglomération,Intersection en X,2.0,Plein jour,Normale,4,Bidirectionnelle,2.0,Plat,1.0,0.0,60.0,Normale,0.0,Sur chaussée,Blessé hospitalisé,Féminin,63.0,Non renseigné,3,9,0.0,2.0,1.0,1.0,200800052293B01,7,4,1.0,Cohérente,Non cohérentes
1018,200800053126,2008-09-26,2008,septembre,vendredi,74:5,33,33063,0.0,0.0,En agglomération,Hors intersection,3.0,Plein jour,Normale,4,Bidirectionnelle,2.0,Plat,1.0,0.0,60.0,Normale,0.0,Sur chaussée,Blessé léger,Féminin,20.0,Domicile - travail,3,4,0.0,2.0,1.0,18.0,200800053126B01,7,23,1.0,Non cohérente,Non cohérentes
1019,200800057870,2008-10-04,2008,octobre,samedi,21:30,33,33063,0.0,0.0,En agglomération,Intersection en X,3.0,Nuit avec éclairage public allumé,Normale,4,A chaussées séparées,2.0,Plat,1.0,15.0,85.0,Normale,4.0,Sur chaussée,Blessé hospitalisé,Masculin,51.0,Non renseigné,3,4,0.0,0.0,0.0,1.0,200800057870A01,40,1,1.0,Cohérente,Non cohérentes
1020,200800057881,2008-10-09,2008,octobre,jeudi,54:5,33,33063,0.0,0.0,En agglomération,Intersection en X,3.0,Nuit avec éclairage public allumé,Normale,4,Bidirectionnelle,2.0,Plat,1.0,0.0,139.0,Normale,0.0,Sur chaussée,Tué,Féminin,25.0,Domicile - travail,3,4,0.0,2.0,1.0,0.0,200800057881B01,14,16,1.0,Non cohérente,Non cohérentes
1021,200800057909,2008-10-15,2008,octobre,mercredi,17:30,33,33063,0.0,0.0,En agglomération,Hors intersection,3.0,Plein jour,Normale,4,A chaussées séparées,2.0,Plat,1.0,0.0,95.0,Normale,2.0,Sur chaussée,Blessé léger,Masculin,74.0,Non renseigné,3,4,0.0,1.0,1.0,2.0,200800057909B01,7,17,1.0,Cohérente,Non cohérentes
1022,200800057922,2008-10-17,2008,octobre,vendredi,16:30,33,33063,0.0,0.0,En agglomération,Hors intersection,3.0,Plein jour,Normale,4,A chaussées séparées,3.0,Non renseigné,1.0,0.0,0.0,Non renseigné,0.0,Sur chaussée,Blessé léger,Masculin,50.0,Non renseigné,3,4,0.0,2.0,1.0,17.0,200800057922B01,7,23,1.0,Cohérente,Non cohérentes
1023,200800057931,2008-10-21,2008,octobre,mardi,17:10,33,33063,0.0,0.0,En agglomération,Intersection en T,3.0,Plein jour,Pluie légère,4,A chaussées séparées,4.0,Plat,1.0,0.0,0.0,Mouillée,4.0,Sur chaussée,Blessé léger,Féminin,40.0,Domicile - travail,3,4,0.0,0.0,7.0,1.0,200800057931B01,7,16,1.0,Cohérente,Non cohérentes
1024,200800057945,2008-10-25,2008,octobre,samedi,17:20,33,33063,0.0,0.0,En agglomération,Hors intersection,3.0,Plein jour,Normale,4,A chaussées séparées,2.0,Plat,1.0,0.0,0.0,Normale,0.0,Sur chaussée,Blessé léger,Féminin,30.0,Non renseigné,3,4,0.0,2.0,0.0,1.0,200800057945B01,7,14,1.0,Cohérente,Non cohérentes
1025,200800058172,2008-10-01,2008,octobre,mercredi,17:35,38,38185,0.0,0.0,En agglomération,Hors intersection,3.0,Plein jour,Normale,4,Bidirectionnelle,2.0,Plat,1.0,0.0,70.0,Normale,0.0,Sur chaussée,Blessé léger,Masculin,29.0,Non renseigné,3,2,0.0,2.0,1.0,1.0,200800058172B01,7,15,1.0,Cohérente,Non cohérentes
1026,200800058181,2008-10-13,2008,octobre,lundi,91:0,38,38185,0.0,0.0,En agglomération,Hors intersection,3.0,Plein jour,Temps couvert,4,Bidirectionnelle,2.0,Plat,1.0,0.0,80.0,Mouillée,0.0,Sur piste cyclable,Blessé léger,Féminin,24.0,Non renseigné,3,9,0.0,2.0,7.0,1.0,200800058181B01,7,15,1.0,Non cohérente,Non cohérentes
1027,200800059200,2008-10-03,2008,octobre,vendredi,18:00,67,67482,0.0,0.0,En agglomération,Intersection en X,3.0,Plein jour,Pluie légère,4,A sens unique,1.0,Plat,1.0,0.0,60.0,Mouillée,0.0,Sur chaussée,Blessé hospitalisé,Masculin,56.0,Non renseigné,2,2,0.0,2.0,2.0,1.0,200800059200A01,7,1,1.0,Cohérente,Non cohérentes
1028,200800059201,2008-10-04,2008,octobre,samedi,12:55,67,67482,0.0,0.0,En agglomération,Hors intersection,6.0,Plein jour,Normale,4,Bidirectionnelle,2.0,Plat,1.0,15.0,65.0,Normale,0.0,Sur chaussée,Blessé léger,Féminin,34.0,Utilisation professionnelle,2,2,1.0,2.0,0.0,1.0,200800059201B01,7,22,1.0,Cohérente,Non cohérentes
1029,200800059209,2008-10-08,2008,octobre,mercredi,22:00,67,67482,0.0,0.0,En agglomération,Intersection en T,3.0,Nuit avec éclairage public allumé,Pluie légère,4,Bidirectionnelle,3.0,Plat,1.0,0.0,89.0,Mouillée,0.0,Sur chaussée,Blessé léger,Féminin,23.0,Promenade - loisirs,2,2,0.0,2.0,2.0,1.0,200800059209B01,7,15,1.0,Cohérente,Non cohérentes
1030,200800059222,2008-10-14,2008,octobre,mardi,80:0,67,67482,0.0,0.0,En agglomération,Intersection en X,3.0,Plein jour,Normale,4,A sens unique,1.0,Plat,1.0,0.0,45.0,Normale,0.0,Sur chaussée,Blessé léger,Féminin,44.0,Domicile - travail,3,9,0.0,2.0,7.0,1.0,200800059222B01,7,1,1.0,Non cohérente,Non cohérentes
1031,200800059224,2008-10-14,2008,octobre,mardi,20:05,67,67482,0.0,0.0,En agglomération,Intersection à plus de 4 branches,6.0,Nuit avec éclairage public allumé,Normale,4,Non renseigné,5.0,Plat,-1.0,20.0,130.0,Normale,0.0,Sur chaussée,Blessé léger,Masculin,31.0,Non renseigné,3,9,0.0,2.0,1.0,1.0,200800059224B01,7,15,1.0,Cohérente,Non cohérentes
1032,200800059225,2008-10-15,2008,octobre,mercredi,33:0,67,67482,0.0,0.0,En agglomération,Intersection en T,3.0,Nuit avec éclairage public allumé,Normale,4,Bidirectionnelle,3.0,Plat,1.0,0.0,100.0,Normale,0.0,Sur chaussée,Blessé léger,Masculin,16.0,Promenade - loisirs,1,4,0.0,2.0,1.0,15.0,200800059225A01,7,1,1.0,Non cohérente,Non cohérentes
1033,200800059233,2008-10-17,2008,octobre,vendredi,13:30,67,67482,0.0,0.0,En agglomération,Intersection en T,3.0,Plein jour,Normale,4,Bidirectionnelle,2.0,Plat,1.0,0.0,86.0,Normale,0.0,Sur chaussée,Blessé léger,Masculin,12.0,Domicile - école,2,2,0.0,2.0,8.0,1.0,200800059233A01,7,1,1.0,Cohérente,Non cohérentes
1034,200800059240,2008-10-19,2008,octobre,dimanche,17:55,67,67482,0.0,0.0,En agglomération,Intersection en T,3.0,Plein jour,Normale,4,Avec voies d'affectation variable,3.0,Plat,1.0,0.0,100.0,Normale,0.0,Sur chaussée,Blessé léger,Masculin,32.0,Promenade - loisirs,3,9,0.0,2.0,0.0,1.0,200800059240B01,7,15,1.0,Cohérente,Non cohérentes
1035,200800059244,2008-10-21,2008,octobre,mardi,20:00,67,67482,0.0,0.0,En agglomération,Intersection en X,1.0,Nuit avec éclairage public allumé,Pluie légère,4,Bidirectionnelle,2.0,Plat,1.0,0.0,60.0,Mouillée,0.0,Sur chaussée,Blessé léger,Masculin,32.0,Non renseigné,2,2,0.0,2.0,1.0,1.0,200800059244A01,7,15,1.0,Cohérente,Non cohérentes
1036,200800059253,2008-10-28,2008,octobre,mardi,19:00,67,67482,0.0,0.0,En agglomération,Intersection en X,3.0,Nuit avec éclairage public allumé,Pluie légère,4,A chaussées séparées,2.0,Plat,1.0,20.0,30.0,Normale,0.0,Sur chaussée,Blessé léger,Masculin,18.0,Promenade - loisirs,2,4,0.0,2.0,2.0,19.0,200800059253B01,7,15,1.0,Cohérente,Non cohérentes
1037,200800059417,2008-10-29,2008,octobre,mercredi,16:35,74,74010,0.0,0.0,En agglomération,Hors intersection,6.0,Plein jour,Pluie légère,4,Bidirectionnelle,2.0,Plat,1.0,0.0,98.0,Normale,0.0,Sur chaussée,Blessé hospitalisé,Masculin,80.0,Autre,3,9,0.0,0.0,1.0,1.0,200800059417B01,7,15,1.0,Cohérente,Non cohérentes
1038,200800064186,2008-11-04,2008,novembre,mardi,15:25,67,67482,0.0,0.0,En agglomération,Intersection en T,3.0,Plein jour,Normale,4,Bidirectionnelle,2.0,Plat,1.0,0.0,120.0,Normale,0.0,Sur chaussée,Blessé léger,Masculin,80.0,Promenade - loisirs,1,2,0.0,2.0,1.0,1.0,200800064186A01,7,15,1.0,Cohérente,Non cohérentes
1039,200800064194,2008-11-08,2008,novembre,samedi,15:05,67,67482,0.0,0.0,En agglomération,Intersection en X,3.0,Plein jour,Normale,4,Bidirectionnelle,2.0,Plat,1.0,0.0,52.0,Normale,0.0,Sur chaussée,Blessé léger,Masculin,21.0,Promenade - loisirs,3,2,0.0,2.0,2.0,1.0,200800064194A01,7,1,1.0,Cohérente,Non cohérentes
1040,200800064197,2008-11-12,2008,novembre,mercredi,12:30,67,67482,0.0,0.0,En agglomération,Hors intersection,3.0,Plein jour,Normale,4,Bidirectionnelle,4.0,Plat,1.0,20.0,140.0,Normale,0.0,Sur chaussée,Blessé léger,Féminin,20.0,Autre,3,9,0.0,2.0,8.0,19.0,200800064197A01,33,15,1.0,Cohérente,Non cohérentes
1041,200800064203,2008-11-19,2008,novembre,mercredi,19:10,67,67482,0.0,0.0,En agglomération,Intersection en T,3.0,Nuit avec éclairage public allumé,Normale,4,Bidirectionnelle,1.0,Plat,1.0,0.0,80.0,Normale,0.0,Sur chaussée,Blessé léger,Féminin,57.0,Promenade - loisirs,3,4,0.0,2.0,1.0,1.0,200800064203B01,7,15,1.0,Cohérente,Non cohérentes
1042,200800064205,2008-11-21,2008,novembre,vendredi,18:05,67,67482,0.0,0.0,En agglomération,Hors intersection,1.0,Nuit avec éclairage public non allumé,Normale,4,Bidirectionnelle,2.0,Plat,1.0,18.0,50.0,Normale,0.0,Sur piste cyclable,Blessé léger,Féminin,21.0,Domicile - travail,3,9,0.0,2.0,1.0,1.0,200800064205B01,2,1,1.0,Cohérente,Non cohérentes
1043,200800064206,2008-11-21,2008,novembre,vendredi,94:5,67,67482,0.0,0.0,En agglomération,Intersection en X,3.0,Plein jour,Pluie légère,4,Bidirectionnelle,3.0,Plat,1.0,0.0,90.0,Mouillée,4.0,Sur piste cyclable,Blessé léger,Féminin,21.0,Non renseigné,1,4,0.0,2.0,7.0,1.0,200800064206B01,7,15,1.0,Non cohérente,Non cohérentes
1044,200800064475,2008-11-19,2008,novembre,mercredi,75:0,38,38185,0.0,0.0,En agglomération,Hors intersection,3.0,Plein jour,Normale,4,A sens unique,1.0,Plat,1.0,0.0,33.0,Normale,0.0,Sur chaussée,Blessé hospitalisé,Féminin,39.0,Domicile - travail,1,2,0.0,2.0,0.0,16.0,200800064475B01,14,16,1.0,Non cohérente,Non cohérentes
1045,200800065153,2008-11-30,2008,novembre,dimanche,70:0,67,67482,0.0,0.0,En agglomération,Intersection en X,3.0,Nuit avec éclairage public allumé,Normale,4,Bidirectionnelle,2.0,Plat,1.0,20.0,150.0,Normale,0.0,Sur chaussée,Blessé léger,Masculin,65.0,Non renseigné,3,9,0.0,2.0,7.0,19.0,200800065153B01,7,1,1.0,Non cohérente,Non cohérentes
1046,200800065226,2008-11-27,2008,novembre,jeudi,15:,67,67482,0.0,0.0,En agglomération,Intersection en X,3.0,Nuit avec éclairage public allumé,Normale,4,Bidirectionnelle,2.0,Plat,1.0,0.0,82.0,Normale,0.0,Sur chaussée,Blessé léger,Féminin,25.0,Non renseigné,3,2,0.0,2.0,1.0,1.0,200800065226B01,7,1,1.0,Non cohérente,Non cohérentes
1047,200800066288,2008-11-07,2008,novembre,vendredi,82:0,33,33063,0.0,0.0,En agglomération,Hors intersection,3.0,Plein jour,Pluie forte,4,Bidirectionnelle,4.0,Plat,1.0,0.0,0.0,Mouillée,4.0,Sur chaussée,Blessé léger,Féminin,20.0,Non renseigné,3,9,0.0,0.0,2.0,19.0,200800066288B01,32,1,1.0,Non cohérente,Non cohérentes
1048,200800066295,2008-11-10,2008,novembre,lundi,11:05,33,33063,0.0,0.0,En agglomération,Hors intersection,6.0,Plein jour,Normale,4,Bidirectionnelle,2.0,Plat,1.0,0.0,96.0,Normale,0.0,Sur chaussée,Blessé léger,Masculin,70.0,Promenade - loisirs,3,9,1.0,0.0,1.0,1.0,200800066295B01,7,24,1.0,Cohérente,Non cohérentes
1049,200800067090,2008-11-13,2008,novembre,jeudi,90:0,33,33063,0.0,0.0,En agglomération,Hors intersection,3.0,Plein jour,Normale,4,A sens unique,3.0,Plat,1.0,0.0,80.0,Normale,0.0,Sur chaussée,Blessé léger,Féminin,27.0,Non renseigné,3,9,0.0,0.0,1.0,14.0,200800067090B01,32,1,1.0,Non cohérente,Non cohérentes
1050,200800067112,2008-11-20,2008,novembre,jeudi,12:50,33,33063,0.0,0.0,En agglomération,Intersection en X,3.0,Plein jour,Normale,4,A sens unique,1.0,Plat,1.0,0.0,0.0,Normale,0.0,Sur chaussée,Blessé hospitalisé,Masculin,45.0,Non renseigné,3,4,0.0,2.0,3.0,1.0,200800067112B01,10,16,1.0,Cohérente,Non cohérentes
1051,200800067113,2008-11-20,2008,novembre,jeudi,17:50,33,33063,0.0,0.0,En agglomération,Hors intersection,6.0,Nuit avec éclairage public allumé,Normale,4,Bidirectionnelle,2.0,Plat,1.0,0.0,110.0,Normale,4.0,Sur chaussée,Blessé hospitalisé,Féminin,55.0,Non renseigné,3,9,0.0,1.0,1.0,1.0,200800067113A01,,,,Cohérente,Non cohérentes
1052,200800067123,2008-11-22,2008,novembre,samedi,75:0,33,33063,0.0,0.0,En agglomération,Giratoire,3.0,Crépuscule ou aube,Normale,4,Bidirectionnelle,2.0,Plat,1.0,0.0,0.0,Normale,0.0,Sur chaussée,Blessé léger,Masculin,18.0,Non renseigné,3,9,0.0,0.0,0.0,2.0,200800067123B01,7,2,1.0,Non cohérente,Non cohérentes
1053,200800067124,2008-11-21,2008,novembre,vendredi,73:0,33,33063,0.0,0.0,En agglomération,Hors intersection,1.0,Nuit sans éclairage public,Normale,4,Bidirectionnelle,2.0,Pente,1.0,0.0,0.0,Mouillée,0.0,Sur piste cyclable,Blessé hospitalisé,Masculin,20.0,Non renseigné,3,9,0.0,9.0,1.0,1.0,200800067124A01,1,1,1.0,Non cohérente,Non cohérentes
1054,200800067124,2008-11-21,2008,novembre,vendredi,73:0,33,33063,0.0,0.0,En agglomération,Hors intersection,1.0,Nuit sans éclairage public,Normale,4,Bidirectionnelle,2.0,Pente,1.0,0.0,0.0,Mouillée,0.0,Sur piste cyclable,Indemne,Masculin,35.0,Non renseigné,1,9,0.0,9.0,1.0,1.0,200800067124B01,1,1,1.0,Non cohérente,Non cohérentes
1055,200800067139,2008-11-26,2008,novembre,mercredi,11:50,33,33063,0.0,0.0,En agglomération,Intersection en T,3.0,Plein jour,Normale,3,A sens unique,1.0,Plat,1.0,0.0,0.0,Normale,0.0,Sur chaussée,Blessé hospitalisé,Féminin,22.0,Non renseigné,3,9,0.0,2.0,1.0,19.0,200800067139A01,7,1,1.0,Cohérente,Non cohérentes
1056,200800067157,2008-11-27,2008,novembre,jeudi,10:00,33,33063,0.0,0.0,En agglomération,Intersection en X,3.0,Plein jour,Normale,4,Bidirectionnelle,2.0,Pente,1.0,0.0,56.0,Normale,0.0,Sur chaussée,Blessé léger,Féminin,15.0,Domicile - école,3,2,0.0,2.0,1.0,1.0,200800067157B01,7,1,1.0,Cohérente,Non cohérentes
1057,200800071049,2008-12-23,2008,décembre,mardi,19:30,33,33063,0.0,0.0,En agglomération,Hors intersection,3.0,Nuit avec éclairage public allumé,Normale,4,A sens unique,2.0,Plat,1.0,0.0,87.0,Normale,0.0,Sur chaussée,Blessé hospitalisé,Masculin,83.0,Non renseigné,3,9,0.0,0.0,1.0,1.0,200800071049B01,17,17,1.0,Cohérente,Non cohérentes
1058,200800071059,2008-12-02,2008,décembre,mardi,16:25,33,33063,0.0,0.0,En agglomération,Intersection en T,3.0,Plein jour,Normale,4,A sens unique,1.0,Sommet de côte,-1.0,0.0,0.0,Normale,0.0,Sur chaussée,Blessé léger,Masculin,25.0,Non renseigné,3,9,0.0,0.0,5.0,1.0,200800071059B01,7,16,1.0,Cohérente,Non cohérentes
1059,200800071075,2008-12-08,2008,décembre,lundi,12:30,33,33063,0.0,0.0,En agglomération,Hors intersection,3.0,Plein jour,Normale,4,Bidirectionnelle,2.0,Plat,1.0,0.0,60.0,Normale,0.0,Sur chaussée,Blessé léger,Féminin,22.0,Non renseigné,3,4,0.0,2.0,3.0,13.0,200800071075A01,7,17,1.0,Cohérente,Non cohérentes
1060,200800071086,2008-12-09,2008,décembre,mardi,16:45,33,33063,0.0,0.0,En agglomération,Hors intersection,3.0,Plein jour,Normale,4,A sens unique,1.0,Plat,1.0,0.0,0.0,Normale,0.0,Sur chaussée,Blessé hospitalisé,Féminin,65.0,Non renseigné,3,4,0.0,0.0,0.0,0.0,200800071086B01,7,1,1.0,Cohérente,Non cohérentes
1061,200800071113,2008-12-14,2008,décembre,dimanche,12:25,33,33063,0.0,0.0,En agglomération,Intersection en T,3.0,Plein jour,Normale,4,A chaussées séparées,8.0,Plat,1.0,0.0,0.0,Normale,4.0,Sur chaussée,Blessé léger,Masculin,25.0,Promenade - loisirs,3,0,0.0,2.0,1.0,1.0,200800071113A01,7,16,1.0,Cohérente,Non cohérentes
1062,200800071116,2008-12-12,2008,décembre,vendredi,84:5,33,33063,0.0,0.0,En agglomération,Intersection en X,3.0,Plein jour,Normale,4,A sens unique,1.0,Plat,1.0,0.0,0.0,Normale,0.0,Sur chaussée,Indemne,Féminin,29.0,Autre,3,4,0.0,2.0,8.0,19.0,200800071116A01,2,1,1.0,Non cohérente,Non cohérentes
1063,200800071116,2008-12-12,2008,décembre,vendredi,84:5,33,33063,0.0,0.0,En agglomération,Intersection en X,3.0,Plein jour,Normale,4,A sens unique,1.0,Plat,1.0,0.0,0.0,Normale,0.0,Sur chaussée,Blessé léger,Féminin,2.0,Non renseigné,3,2,0.0,2.0,8.0,19.0,200800071116A01,2,1,1.0,Non cohérente,Non cohérentes
1064,200800071137,2008-12-19,2008,décembre,vendredi,22:30,33,33063,0.0,0.0,En agglomération,Intersection en X,3.0,Nuit avec éclairage public allumé,Normale,4,A sens unique,2.0,Plat,1.0,0.0,63.0,Normale,0.0,Sur chaussée,Blessé hospitalisé,Masculin,33.0,Non renseigné,3,4,0.0,2.0,2.0,1.0,200800071137A01,7,15,1.0,Cohérente,Non cohérentes
1065,200800071145,2008-12-23,2008,décembre,mardi,14:55,33,33063,0.0,0.0,En agglomération,Intersection en X,3.0,Plein jour,Normale,4,Bidirectionnelle,2.0,Plat,1.0,0.0,60.0,Normale,0.0,Sur chaussée,Blessé hospitalisé,Masculin,12.0,Non renseigné,3,9,0.0,0.0,4.0,15.0,200800071145B01,7,17,1.0,Cohérente,Non cohérentes
1066,200800071149,2008-12-26,2008,décembre,vendredi,18:10,33,33063,0.0,0.0,En agglomération,Hors intersection,5.0,Nuit avec éclairage public allumé,Normale,4,A chaussées séparées,4.0,Plat,1.0,0.0,0.0,Mouillée,0.0,Sur piste cyclable,Blessé hospitalisé,Féminin,26.0,Domicile - travail,1,9,1.0,0.0,1.0,21.0,200800071149B01,7,22/1,2.0,Cohérente,Non cohérentes
1067,200800071310,2008-12-16,2008,décembre,mardi,16:30,38,38185,0.0,0.0,En agglomération,Hors intersection,6.0,Nuit avec éclairage public allumé,Normale,4,Bidirectionnelle,3.0,Plat,1.0,0.0,100.0,Normale,0.0,Sur chaussée,Blessé léger,Masculin,37.0,Non renseigné,3,2,0.0,2.0,8.0,16.0,200800071310B01,7,15,1.0,Cohérente,Non cohérentes
1068,200800071313,2008-12-20,2008,décembre,samedi,65:0,38,38185,0.0,0.0,En agglomération,Intersection en T,3.0,Crépuscule ou aube,Normale,4,Bidirectionnelle,2.0,Plat,1.0,0.0,30.0,Normale,0.0,Sur chaussée,Blessé hospitalisé,Féminin,20.0,Promenade - loisirs,2,2,0.0,2.0,8.0,1.0,200800071313B01,37,1,1.0,Non cohérente,Non cohérentes
1069,200800072096,2008-12-01,2008,décembre,lundi,85:0,67,67482,0.0,0.0,En agglomération,Intersection en X,3.0,Plein jour,Normale,4,Bidirectionnelle,3.0,Plat,1.0,0.0,0.0,Normale,0.0,Sur chaussée,Blessé léger,Masculin,74.0,Non renseigné,3,9,0.0,2.0,1.0,19.0,200800072096B01,7,16,1.0,Non cohérente,Non cohérentes
1070,200800072098,2008-12-01,2008,décembre,lundi,17:25,67,67482,0.0,0.0,En agglomération,Hors intersection,3.0,Nuit avec éclairage public allumé,Pluie légère,4,Bidirectionnelle,2.0,Plat,1.0,70.0,50.0,Mouillée,0.0,Sur chaussée,Blessé léger,Féminin,47.0,Domicile - travail,2,4,0.0,2.0,5.0,19.0,200800072098A01,10,1,1.0,Cohérente,Non cohérentes
1071,200800072102,2008-12-03,2008,décembre,mercredi,14:30,67,67482,0.0,0.0,En agglomération,Intersection en T,3.0,Plein jour,Pluie légère,4,A sens unique,1.0,Plat,1.0,0.0,30.0,Mouillée,0.0,Sur chaussée,Blessé léger,Féminin,42.0,Promenade - loisirs,3,9,0.0,2.0,7.0,1.0,200800072102B01,7,15,1.0,Cohérente,Non cohérentes
1072,200800072120,2008-12-12,2008,décembre,vendredi,18:40,67,67482,0.0,0.0,En agglomération,Intersection en T,3.0,Nuit avec éclairage public allumé,Normale,4,Bidirectionnelle,2.0,Plat,1.0,0.0,42.0,Normale,0.0,Sur chaussée,Blessé léger,Masculin,19.0,Non renseigné,2,2,0.0,2.0,1.0,1.0,200800072120A01,7,1,1.0,Cohérente,Non cohérentes
1073,200800072123,2008-12-16,2008,décembre,mardi,12:00,67,67482,0.0,0.0,En agglomération,Hors intersection,3.0,Plein jour,Normale,6,Non renseigné,0.0,Plat,-1.0,0.0,50.0,Normale,0.0,Aucun,Blessé hospitalisé,Féminin,18.0,Non renseigné,3,9,0.0,2.0,1.0,1.0,200800072123A01,7,16,1.0,Cohérente,Non cohérentes
1074,200800072136,2008-12-23,2008,décembre,mardi,19:40,67,67482,0.0,0.0,En agglomération,Intersection en X,3.0,Nuit avec éclairage public allumé,Normale,4,Bidirectionnelle,2.0,Plat,3.0,0.0,40.0,Normale,0.0,Sur piste cyclable,Blessé léger,Féminin,47.0,Autre,3,9,0.0,2.0,7.0,1.0,200800072136B01,2,1,1.0,Cohérente,Non cohérentes
1075,200800072137,2008-12-23,2008,décembre,mardi,22:20,67,67482,0.0,0.0,En agglomération,Intersection en X,3.0,Nuit avec éclairage public allumé,Normale,4,Bidirectionnelle,2.0,Plat,1.0,0.0,80.0,Normale,0.0,Sur chaussée,Blessé hospitalisé,Féminin,42.0,Promenade - loisirs,3,9,0.0,2.0,7.0,19.0,200800072137B01,7,15,1.0,Cohérente,Non cohérentes
1076,200800072138,2008-12-24,2008,décembre,mercredi,15:10,67,67482,0.0,0.0,En agglomération,Hors intersection,6.0,Plein jour,Brouillard - fumée,4,Bidirectionnelle,3.0,Plat,1.0,0.0,60.0,Normale,0.0,Sur chaussée,Blessé léger,Féminin,47.0,Promenade - loisirs,3,2,1.0,0.0,1.0,22.0,200800072138B01,7,22,1.0,Cohérente,Non cohérentes
1077,200800072283,2008-12-12,2008,décembre,vendredi,14:20,74,74010,0.0,0.0,En agglomération,Intersection en T,6.0,Plein jour,Normale,4,Bidirectionnelle,2.0,Plat,1.0,0.0,0.0,Normale,0.0,Aucun,Blessé léger,Masculin,16.0,Domicile - école,3,9,0.0,0.0,0.0,0.0,200800072283B01,7,4,1.0,Cohérente,Non cohérentes
1078,200900004111,2009-01-05,2009,janvier,lundi,17:45,74,74010,0.0,0.0,En agglomération,Intersection en X,6.0,Nuit avec éclairage public allumé,Normale,4,Bidirectionnelle,2.0,Plat,1.0,0.0,56.0,Normale,0.0,Sur chaussée,Blessé léger,Féminin,25.0,Autre,3,2,0.0,0.0,1.0,1.0,200900004111A01,7,15,1.0,Cohérente,Non cohérentes
1079,200900006451,2009-01-09,2009,janvier,vendredi,17:30,67,67482,4e-05,0.0,En agglomération,Intersection en X,3.0,Nuit avec éclairage public allumé,Normale,4,A chaussées séparées,0.0,Plat,1.0,79.0,79.0,Normale,0.0,Sur chaussée,Blessé léger,Féminin,18.0,Promenade - loisirs,3,9,0.0,2.0,8.0,19.0,200900006451B01,7,15,1.0,Cohérente,Non cohérentes
1080,200900006451,2009-01-09,2009,janvier,vendredi,17:30,67,67482,4e-05,0.0,En agglomération,Intersection en X,3.0,Nuit avec éclairage public allumé,Normale,4,A chaussées séparées,0.0,Plat,1.0,79.0,79.0,Normale,0.0,Sur chaussée,Indemne,Masculin,18.0,Promenade - loisirs,3,9,0.0,2.0,8.0,19.0,200900006451B01,7,15,1.0,Cohérente,Non cohérentes
1081,200900006453,2009-01-30,2009,janvier,vendredi,84:5,67,67482,4e-05,0.0,En agglomération,Hors intersection,3.0,Plein jour,Normale,4,Bidirectionnelle,2.0,Plat,1.0,0.0,60.0,Normale,0.0,Sur chaussée,Blessé léger,Féminin,22.0,Non renseigné,3,9,0.0,2.0,1.0,19.0,200900006453B01,7,1,1.0,Non cohérente,Non cohérentes
1082,200900006457,2009-01-08,2009,janvier,jeudi,12:20,67,67482,4e-05,0.0,En agglomération,Intersection en X,5.0,Plein jour,Normale,4,Bidirectionnelle,2.0,Plat,1.0,0.0,60.0,Normale,0.0,Sur chaussée,Blessé léger,Féminin,16.0,Domicile - école,1,4,0.0,2.0,1.0,1.0,200900006457C01,7,23/14,2.0,Cohérente,Non cohérentes