,Num_Acc,date,an,mois,jour,hrmn,dep,com,lat,long,agg,int,col,lum,atm,catr,circ,nbv,prof,plan,lartpc,larrout,surf,infra,situ,grav,sexe,age,trajet,secuexist,equipement,obs,obsm,choc,manv,vehiculeid,typevehicules,manoeuvehicules,numVehicules,statut_heure,statut_coord
1083,200900006458,2009-01-30,2009,janvier,vendredi,13:45,67,67482,0.0,0.0,En agglomération,Intersection en T,1.0,Plein jour,Normale,4,A sens unique,1.0,Plat,1.0,0.0,45.0,Normale,0.0,Sur chaussée,Blessé léger,Masculin,35.0,Non renseigné,1,9,0.0,2.0,1.0,5.0,200900006458A01,7,1,1.0,Cohérente,Non cohérentes
1084,200900006463,2009-01-13,2009,janvier,mardi,18:20,67,67482,0.0,0.0,En agglomération,Intersection en X,3.0,Nuit avec éclairage public allumé,Normale,4,Bidirectionnelle,2.0,Plat,1.0,0.0,85.0,Normale,0.0,Sur chaussée,Blessé léger,Masculin,15.0,Domicile - école,3,2,0.0,2.0,3.0,1.0,200900006463B01,7,1,1.0,Cohérente,Non cohérentes
1085,200900006472,2009-01-22,2009,janvier,jeudi,93:5,67,67482,0.0,0.0,En agglomération,Intersection en T,3.0,Plein jour,Normale,4,A sens unique,1.0,Plat,1.0,0.0,40.0,Normale,0.0,Sur piste cyclable,Blessé léger,Féminin,55.0,Domicile - travail,3,2,0.0,0.0,0.0,1.0,200900006472B01,7,15,1.0,Non cohérente,Non cohérentes
1086,200900006474,2009-01-28,2009,janvier,mercredi,18:40,67,67482,4e-05,0.0,En agglomération,Intersection en X,6.0,Crépuscule ou aube,Normale,4,Bidirectionnelle,2.0,Plat,1.0,0.0,0.0,Normale,0.0,Sur chaussée,Blessé léger,Féminin,55.0,Non renseigné,2,2,0.0,2.0,1.0,0.0,200900006474B01,7,1,1.0,Cohérente,Non cohérentes
1087,200900006503,2009-01-28,2009,janvier,mercredi,20:00,67,67482,4e-05,0.0,En agglomération,Hors intersection,3.0,Nuit avec éclairage public allumé,Normale,4,Bidirectionnelle,2.0,Plat,1.0,0.0,53.0,Normale,0.0,Sur chaussée,Blessé léger,Masculin,61.0,Promenade - loisirs,3,9,0.0,2.0,7.0,1.0,200900006503B01,7,1,1.0,Cohérente,Non cohérentes
1088,200900007337,2009-01-30,2009,janvier,vendredi,10:35,38,38185,0.0,0.0,En agglomération,Hors intersection,3.0,Plein jour,Normale,4,A chaussées séparées,4.0,Plat,1.0,0.0,100.0,Normale,0.0,Sur chaussée,Blessé hospitalisé,Masculin,80.0,Utilisation professionnelle,2,2,0.0,2.0,8.0,19.0,200900007337B01,40,1,1.0,Cohérente,Non cohérentes
1089,200900007376,2009-01-30,2009,janvier,vendredi,94:0,38,38185,0.0,0.0,En agglomération,Hors intersection,6.0,Plein jour,Normale,4,Bidirectionnelle,2.0,Plat,1.0,0.0,55.0,Normale,0.0,Sur chaussée,Blessé léger,Féminin,20.0,Domicile - école,2,4,0.0,2.0,1.0,19.0,200900007376B01,7,21,1.0,Non cohérente,Non cohérentes
1090,200900007407,2009-02-03,2009,février,mardi,16:10,38,38185,0.0,0.0,En agglomération,Hors intersection,3.0,Plein jour,Normale,4,Bidirectionnelle,4.0,Plat,1.0,0.0,140.0,Normale,0.0,Sur piste cyclable,Blessé hospitalisé,Masculin,24.0,Non renseigné,3,9,0.0,2.0,1.0,1.0,200900007407B01,37,16,1.0,Cohérente,Non cohérentes
1091,200900008537,2009-03-16,2009,mars,lundi,13:25,74,74010,0.0,0.0,En agglomération,Intersection en X,3.0,Plein jour,Normale,4,A sens unique,1.0,Plat,-1.0,0.0,40.0,Normale,0.0,Aucun,Blessé léger,Masculin,36.0,Non renseigné,3,9,0.0,0.0,0.0,1.0,200900008537B01,10,1,1.0,Cohérente,Non cohérentes
1092,200900011207,2009-02-11,2009,février,mercredi,80:0,67,67482,4e-05,0.0,En agglomération,Intersection en X,3.0,Plein jour,Normale,4,A chaussées séparées,5.0,Plat,1.0,0.0,220.0,Normale,0.0,Sur trottoir,Indemne,Masculin,43.0,Domicile - travail,3,9,0.0,9.0,7.0,1.0,200900011207B01,1,1,1.0,Non cohérente,Non cohérentes
1093,200900011207,2009-02-11,2009,février,mercredi,80:0,67,67482,4e-05,0.0,En agglomération,Intersection en X,3.0,Plein jour,Normale,4,A chaussées séparées,5.0,Plat,1.0,0.0,220.0,Normale,0.0,Sur trottoir,Blessé léger,Masculin,48.0,Domicile - travail,3,9,0.0,2.0,0.0,1.0,200900011207A01,1,1,1.0,Non cohérente,Non cohérentes
1094,200900011218,2009-02-12,2009,février,jeudi,75:0,67,67482,4e-05,0.0,En agglomération,Hors intersection,3.0,Plein jour,Autre,4,Bidirectionnelle,2.0,Plat,3.0,0.0,60.0,Verglacée,0.0,Sur chaussée,Blessé léger,Masculin,24.0,Non renseigné,2,9,0.0,2.0,1.0,1.0,200900011218B01,7,1,1.0,Non cohérente,Non cohérentes
1095,200900011220,2009-02-13,2009,février,vendredi,91:0,67,67482,4e-05,0.0,En agglomération,Intersection en T,6.0,Plein jour,Normale,4,Bidirectionnelle,2.0,Plat,1.0,0.0,80.0,Normale,0.0,Sur chaussée,Blessé léger,Féminin,42.0,Non renseigné,3,9,0.0,2.0,1.0,1.0,200900011220B01,7,15,1.0,Non cohérente,Non cohérentes
1096,200900011239,2009-02-18,2009,février,mercredi,12:10,67,67482,4e-05,0.0,En agglomération,Intersection en X,3.0,Plein jour,Normale,4,Bidirectionnelle,3.0,Plat,1.0,0.0,110.0,Normale,0.0,Sur chaussée,Blessé léger,Féminin,23.0,Non renseigné,1,2,0.0,2.0,7.0,19.0,200900011239B01,7,1,1.0,Cohérente,Non cohérentes
1097,200900011243,2009-02-24,2009,février,mardi,20:15,67,67482,4e-05,0.0,En agglomération,Hors intersection,6.0,Nuit avec éclairage public allumé,Normale,4,A sens unique,1.0,Plat,1.0,0.0,40.0,Normale,0.0,Sur piste cyclable,Blessé léger,Féminin,74.0,Promenade - loisirs,3,9,0.0,2.0,7.0,1.0,200900011243B01,2,1,1.0,Cohérente,Non cohérentes
1098,200900011246,2009-02-27,2009,février,vendredi,23:20,67,67482,4e-05,0.0,En agglomération,Hors intersection,3.0,Nuit avec éclairage public allumé,Normale,4,Bidirectionnelle,2.0,Plat,1.0,0.0,119.0,Normale,0.0,Sur chaussée,Blessé léger,Masculin,16.0,Non renseigné,3,9,0.0,2.0,2.0,19.0,200900011246A01,7,1,1.0,Cohérente,Non cohérentes
1099,200900011403,2009-03-25,2009,mars,mercredi,19:00,67,67482,4e-05,0.0,En agglomération,Hors intersection,6.0,Nuit avec éclairage public allumé,Pluie forte,4,Non renseigné,2.0,Plat,1.0,0.0,60.0,Mouillée,0.0,Sur chaussée,Blessé léger,Féminin,19.0,Promenade - loisirs,3,9,1.0,0.0,1.0,1.0,200900011403B01,7,22,1.0,Cohérente,Non cohérentes
1100,200900011404,2009-03-19,2009,mars,jeudi,18:00,67,67482,0.0,0.0,En agglomération,Intersection en X,3.0,Plein jour,Normale,4,A sens unique,1.0,Plat,1.0,0.0,25.0,Normale,0.0,Sur chaussée,Blessé léger,Féminin,26.0,Domicile - travail,3,9,0.0,2.0,8.0,19.0,200900011404B01,7,15,1.0,Cohérente,Non cohérentes
1101,200900011406,2009-03-11,2009,mars,mercredi,16:40,67,67482,0.0,0.0,En agglomération,Hors intersection,6.0,Plein jour,Normale,4,Bidirectionnelle,2.0,Plat,1.0,0.0,110.0,Normale,0.0,Sur piste cyclable,Blessé léger,Féminin,34.0,Promenade - loisirs,3,9,0.0,2.0,1.0,1.0,200900011406B01,7,22,1.0,Cohérente,Non cohérentes
1102,200900011407,2009-03-05,2009,mars,jeudi,21:15,67,67482,4e-05,0.0,En agglomération,Intersection en X,3.0,Nuit avec éclairage public allumé,Pluie légère,4,Bidirectionnelle,3.0,Plat,1.0,0.0,92.0,Mouillée,0.0,Sur chaussée,Blessé léger,Féminin,22.0,Promenade - loisirs,1,4,0.0,2.0,1.0,19.0,200900011407B01,7,15,1.0,Cohérente,Non cohérentes
1103,200900011409,2009-03-20,2009,mars,vendredi,81:0,67,67482,0.0,0.0,En agglomération,Intersection en T,6.0,Plein jour,Normale,4,Bidirectionnelle,4.0,Plat,1.0,26.0,123.0,Normale,0.0,Sur chaussée,Blessé léger,Féminin,24.0,Autre,3,9,0.0,2.0,0.0,1.0,200900011409A01,7,15,1.0,Non cohérente,Non cohérentes
1104,200900011416,2009-03-30,2009,mars,lundi,20:15,67,67482,4e-05,0.0,En agglomération,Intersection en T,3.0,Nuit avec éclairage public allumé,Pluie légère,4,Bidirectionnelle,4.0,Plat,1.0,0.0,90.0,Normale,0.0,Aucun,Blessé léger,Féminin,22.0,Non renseigné,3,2,0.0,2.0,1.0,1.0,200900011416B01,7,15,1.0,Cohérente,Non cohérentes
1105,200900011417,2009-03-16,2009,mars,lundi,90:0,67,67482,4e-05,0.0,En agglomération,Intersection en X,3.0,Plein jour,Normale,4,Non renseigné,2.0,Non renseigné,-1.0,110.0,80.0,Non renseigné,0.0,Aucun,Blessé léger,Masculin,23.0,Non renseigné,3,2,0.0,2.0,1.0,13.0,200900011417A01,37,1,1.0,Non cohérente,Non cohérentes
1106,200900011419,2009-03-30,2009,mars,lundi,84:5,67,67482,4e-05,0.0,En agglomération,Intersection en X,3.0,Plein jour,Normale,4,Bidirectionnelle,4.0,Bas de côte,1.0,0.0,140.0,Normale,0.0,Sur chaussée,Blessé léger,Masculin,63.0,Promenade - loisirs,3,9,0.0,2.0,7.0,19.0,200900011419B01,7,1,1.0,Non cohérente,Non cohérentes
1107,200900011420,2009-03-10,2009,mars,mardi,17:20,67,67482,4e-05,0.0,En agglomération,Intersection en X,1.0,Plein jour,Temps couvert,4,A sens unique,1.0,Plat,1.0,0.0,80.0,Mouillée,4.0,Sur chaussée,Blessé léger,Féminin,14.0,Domicile - école,3,9,0.0,2.0,2.0,15.0,200900011420B01,7,1,1.0,Cohérente,Non cohérentes
1108,200900011424,2009-03-16,2009,mars,lundi,16:30,67,67482,4e-05,0.0,En agglomération,Hors intersection,6.0,Plein jour,Normale,4,Bidirectionnelle,2.0,Plat,1.0,180.0,30.0,Normale,0.0,Sur piste cyclable,Indemne,Masculin,43.0,Domicile - travail,3,2,0.0,1.0,1.0,1.0,200900011424A01,,,,Cohérente,Non cohérentes
1109,200900011426,2009-03-17,2009,mars,mardi,84:5,67,67482,4e-05,0.0,En agglomération,Hors intersection,6.0,Plein jour,Normale,4,Bidirectionnelle,2.0,Plat,1.0,0.0,70.0,Normale,0.0,Sur piste cyclable,Blessé léger,Masculin,35.0,Promenade - loisirs,3,9,0.0,2.0,0.0,1.0,200900011426B01,7,10,1.0,Non cohérente,Non cohérentes
1110,200900011430,2009-03-19,2009,mars,jeudi,81:5,67,67482,4e-05,0.0,En agglomération,Intersection en X,3.0,Plein jour,Normale,4,Bidirectionnelle,4.0,Plat,1.0,0.0,100.0,Normale,0.0,Sur chaussée,Blessé léger,Féminin,44.0,Domicile - travail,2,2,0.0,2.0,1.0,1.0,200900011430B01,7,16,1.0,Non cohérente,Non cohérentes
1111,200900011807,2009-01-12,2009,janvier,lundi,13:29,33,33063,0.0,0.0,En agglomération,Place,3.0,Plein jour,Normale,4,A chaussées séparées,,Plat,1.0,0.0,0.0,Normale,0.0,Sur chaussée,Blessé hospitalisé,Féminin,25.0,Utilisation professionnelle,3,4,0.0,2.0,1.0,1.0,200900011807B01,7,16,1.0,Cohérente,Non cohérentes
1112,200900011819,2009-01-15,2009,janvier,jeudi,84:0,33,33063,0.0,0.0,En agglomération,Intersection en X,3.0,Crépuscule ou aube,Normale,4,Bidirectionnelle,3.0,Plat,1.0,0.0,0.0,Mouillée,0.0,Sur chaussée,Blessé léger,Masculin,43.0,Non renseigné,3,9,0.0,2.0,0.0,1.0,200900011819B01,17,16,1.0,Non cohérente,Non cohérentes
1113,200900011822,2009-01-15,2009,janvier,jeudi,19:20,33,33063,0.0,0.0,En agglomération,Giratoire,3.0,Nuit avec éclairage public allumé,Normale,4,Bidirectionnelle,2.0,Plat,1.0,0.0,78.0,Normale,0.0,Sur chaussée,Blessé léger,Masculin,44.0,Non renseigné,3,4,0.0,2.0,3.0,1.0,200900011822B01,7,16,1.0,Cohérente,Non cohérentes
1114,200900011848,2009-01-22,2009,janvier,jeudi,11:00,33,33063,0.0,0.0,En agglomération,Hors intersection,3.0,Plein jour,Pluie légère,4,A chaussées séparées,4.0,Plat,1.0,2.0,128.0,Mouillée,0.0,Sur chaussée,Blessé léger,Féminin,23.0,Promenade - loisirs,3,4,0.0,2.0,3.0,1.0,200900011848B01,7,17,1.0,Cohérente,Non cohérentes
1115,200900011865,2009-01-29,2009,janvier,jeudi,13:50,33,33063,0.0,0.0,En agglomération,Hors intersection,6.0,Plein jour,Normale,4,Bidirectionnelle,2.0,Plat,1.0,0.0,0.0,Normale,0.0,Sur chaussée,Indemne,Féminin,29.0,Promenade - loisirs,3,1,0.0,1.0,1.0,1.0,200900011865A01,,,,Cohérente,Non cohérentes
1116,200900011866,2009-01-30,2009,janvier,vendredi,93:0,33,33063,0.0,0.0,En agglomération,Intersection en X,3.0,Plein jour,Normale,4,A sens unique,1.0,Plat,1.0,0.0,0.0,Normale,0.0,Sur chaussée,Blessé léger,Féminin,29.0,Utilisation professionnelle,3,4,0.0,0.0,0.0,1.0,200900011866B01,10,1,1.0,Non cohérente,Non cohérentes
1117,200900011913,2009-01-23,2009,janvier,vendredi,14:00,33,33063,0.0,0.0,En agglomération,Hors intersection,3.0,Plein jour,Normale,4,Bidirectionnelle,2.0,Bas de côte,1.0,0.0,0.0,Normale,2.0,Sur chaussée,Blessé hospitalisé,Féminin,31.0,Autre,3,4,0.0,2.0,1.0,1.0,200900011913B01,7,22,1.0,Cohérente,Non cohérentes
1118,200900011949,2009-02-08,2009,février,dimanche,16:15,33,33063,0.0,0.0,En agglomération,Hors intersection,3.0,Plein jour,Normale,4,A chaussées séparées,2.0,Plat,1.0,0.0,0.0,Normale,4.0,Sur chaussée,Blessé hospitalisé,Masculin,66.0,Non renseigné,3,4,0.0,2.0,0.0,1.0,200900011949A01,7,1,1.0,Cohérente,Non cohérentes
1119,200900011987,2009-02-24,2009,février,mardi,16:00,33,33063,0.0,0.0,En agglomération,Intersection en X,3.0,Plein jour,Normale,4,A sens unique,2.0,Plat,1.0,0.0,58.0,Normale,0.0,Sur chaussée,Blessé hospitalisé,Masculin,60.0,Autre,3,4,0.0,2.0,3.0,1.0,200900011987A01,7,1,1.0,Cohérente,Non cohérentes
1120,200900012011,2009-02-20,2009,février,vendredi,19:50,33,33063,0.0,0.0,En agglomération,Hors intersection,2.0,Nuit avec éclairage public allumé,Normale,4,Bidirectionnelle,2.0,Plat,1.0,0.0,60.0,Normale,0.0,Sur chaussée,Blessé léger,Féminin,22.0,Non renseigné,3,9,0.0,0.0,4.0,23.0,200900012011B01,7,1,1.0,Cohérente,Non cohérentes
1121,200900012042,2009-02-10,2009,février,mardi,1:,33,33063,0.0,0.0,En agglomération,Intersection en X,3.0,Nuit avec éclairage public allumé,Vent fort - tempête,4,A chaussées séparées,,Plat,1.0,0.0,0.0,Normale,0.0,Sur chaussée,Blessé léger,Masculin,18.0,Non renseigné,3,9,0.0,2.0,1.0,19.0,200900012042A01,7,15,1.0,Non cohérente,Non cohérentes
1122,200900012097,2009-03-13,2009,mars,vendredi,15:10,33,33063,0.0,0.0,En agglomération,Intersection en X,3.0,Plein jour,Normale,4,A sens unique,1.0,Plat,1.0,0.0,71.0,Normale,0.0,Sur chaussée,Blessé léger,Masculin,13.0,Promenade - loisirs,2,4,0.0,2.0,1.0,1.0,200900012097A01,7,1,1.0,Cohérente,Non cohérentes
1123,200900012105,2009-03-07,2009,mars,samedi,13:00,33,33063,0.0,0.0,En agglomération,Intersection en X,3.0,Plein jour,Normale,4,Bidirectionnelle,2.0,Plat,1.0,0.0,73.0,Normale,0.0,Sur chaussée,Blessé léger,Féminin,70.0,Promenade - loisirs,3,4,0.0,2.0,1.0,1.0,200900012105B01,7,15,1.0,Cohérente,Non cohérentes
1124,200900012109,2009-03-09,2009,mars,lundi,16:42,33,33063,0.0,0.0,En agglomération,Hors intersection,3.0,Plein jour,Normale,4,A sens unique,1.0,Plat,1.0,0.0,30.0,Normale,0.0,Sur chaussée,Blessé léger,Féminin,59.0,Non renseigné,3,4,0.0,2.0,1.0,1.0,200900012109B01,7,23,1.0,Cohérente,Non cohérentes
1125,200900012124,2009-03-20,2009,mars,vendredi,18:18,33,33063,0.0,0.0,En agglomération,Hors intersection,3.0,Plein jour,Normale,4,A chaussées séparées,4.0,Pente,1.0,53.0,171.0,Normale,0.0,Sur chaussée,Blessé léger,Masculin,57.0,Non renseigné,3,9,1.0,2.0,1.0,17.0,200900012124A01,37,23,1.0,Cohérente,Non cohérentes
1126,200900013524,2009-02-02,2009,février,lundi,15:50,33,33063,0.0,0.0,En agglomération,Intersection en X,3.0,Plein jour,Normale,4,A sens unique,2.0,Plat,1.0,0.0,100.0,Normale,0.0,Sur chaussée,Blessé hospitalisé,Féminin,85.0,Non renseigné,3,4,0.0,2.0,1.0,0.0,200900013524B01,7,16,1.0,Cohérente,Non cohérentes
1127,200900013532,2009-04-23,2009,avril,jeudi,18:20,74,74010,0.0,0.0,En agglomération,Intersection en T,3.0,Plein jour,Normale,3,Bidirectionnelle,2.0,Non renseigné,1.0,0.0,80.0,Normale,0.0,Sur chaussée,Blessé léger,Féminin,41.0,Autre,1,9,0.0,2.0,1.0,19.0,200900013532A01,33,1,1.0,Cohérente,Non cohérentes
1128,200900015449,2009-04-09,2009,avril,jeudi,85:0,38,38185,0.0,0.0,En agglomération,Hors intersection,7.0,Plein jour,Normale,4,Bidirectionnelle,2.0,Plat,1.0,0.0,126.0,Normale,0.0,Sur piste cyclable,Blessé léger,Féminin,24.0,Non renseigné,2,9,1.0,0.0,0.0,1.0,200900015449B01,7,24,1.0,Non cohérente,Non cohérentes
1129,200900015509,2009-04-22,2009,avril,mercredi,16:15,38,38185,0.0,0.0,En agglomération,Hors intersection,3.0,Plein jour,Normale,4,A sens unique,2.0,Plat,2.0,0.0,100.0,Normale,0.0,Sur chaussée,Blessé léger,Féminin,36.0,Promenade - loisirs,3,9,0.0,2.0,2.0,1.0,200900015509B01,7,9,1.0,Cohérente,Non cohérentes
1130,200900015516,2009-04-17,2009,avril,vendredi,61:0,38,38185,0.0,0.0,En agglomération,Hors intersection,7.0,Crépuscule ou aube,Normale,4,Bidirectionnelle,3.0,Plat,1.0,0.0,105.0,Normale,0.0,Sur chaussée,Blessé hospitalisé,Masculin,42.0,Non renseigné,3,9,12.0,2.0,0.0,1.0,200900015516B01,7,16,1.0,Non cohérente,Non cohérentes
1131,200900016922,2009-05-27,2009,mai,mercredi,18:30,74,74010,0.0,0.0,En agglomération,Hors intersection,6.0,Plein jour,Normale,3,Bidirectionnelle,0.0,Pente,4.0,0.0,0.0,Normale,0.0,Sur chaussée,Blessé léger,Masculin,17.0,Promenade - loisirs,3,2,0.0,2.0,1.0,1.0,200900016922A01,7,1,1.0,Cohérente,Non cohérentes
1132,200900019347,2009-04-01,2009,avril,mercredi,80:0,67,67482,0.0,0.0,En agglomération,Hors intersection,3.0,Plein jour,Normale,4,Bidirectionnelle,2.0,Plat,1.0,0.0,50.0,Normale,0.0,Sur chaussée,Blessé léger,Masculin,16.0,Domicile - école,3,9,0.0,2.0,1.0,1.0,200900019347B01,7,4,1.0,Non cohérente,Non cohérentes
1133,200900019356,2009-04-06,2009,avril,lundi,91:0,67,67482,0.0,0.0,En agglomération,Intersection en T,3.0,Plein jour,Normale,4,A sens unique,1.0,Plat,1.0,0.0,50.0,Normale,0.0,Sur chaussée,Blessé léger,Féminin,29.0,Promenade - loisirs,3,9,0.0,2.0,7.0,1.0,200900019356B01,7,16,1.0,Non cohérente,Non cohérentes
1134,200900019358,2009-04-11,2009,avril,samedi,11:45,67,67482,0.0,0.0,En agglomération,Intersection en T,6.0,Plein jour,Normale,4,Bidirectionnelle,2.0,Plat,1.0,0.0,60.0,Normale,0.0,Sur chaussée,Blessé léger,Masculin,8.0,Promenade - loisirs,3,2,0.0,2.0,1.0,19.0,200900019358B01,7,1,1.0,Cohérente,Non cohérentes
1135,200900019360,2009-04-12,2009,avril,dimanche,10:30,67,67482,0.0,0.0,En agglomération,Hors intersection,6.0,Plein jour,Normale,4,Bidirectionnelle,4.0,Plat,1.0,0.0,120.0,Normale,0.0,Sur piste cyclable,Indemne,Féminin,27.0,Non renseigné,3,2,0.0,1.0,0.0,1.0,200900019360A01,,,,Cohérente,Non cohérentes
1136,200900019389,2009-04-19,2009,avril,dimanche,18:20,67,67482,0.0,0.0,En agglomération,Intersection en T,3.0,Plein jour,Normale,4,Bidirectionnelle,1.0,Plat,2.0,0.0,100.0,Normale,0.0,Sur chaussée,Blessé léger,Féminin,56.0,Promenade - loisirs,2,2,0.0,2.0,1.0,0.0,200900019389B01,7,0,1.0,Cohérente,Non cohérentes
1137,200900019411,2009-04-12,2009,avril,dimanche,17:00,67,67482,0.0,0.0,En agglomération,Hors intersection,3.0,Plein jour,Normale,4,A sens unique,1.0,Plat,1.0,0.0,60.0,Normale,0.0,Sur chaussée,Blessé léger,Masculin,21.0,Non renseigné,3,2,0.0,2.0,3.0,19.0,200900019411A01,7,1,1.0,Cohérente,Non cohérentes
1138,200900019412,2009-04-25,2009,avril,samedi,14:10,67,67482,0.0,0.0,En agglomération,Intersection en X,3.0,Plein jour,Normale,4,A chaussées séparées,1.0,Plat,1.0,0.0,70.0,Normale,0.0,Sur trottoir,Blessé léger,Masculin,58.0,Promenade - loisirs,3,9,0.0,2.0,1.0,16.0,200900019412B01,7,20,1.0,Cohérente,Non cohérentes
1139,200900019696,2009-05-18,2009,mai,lundi,84:5,67,67482,0.0,0.0,En agglomération,Intersection en T,3.0,Plein jour,Normale,4,Bidirectionnelle,2.0,Plat,1.0,0.0,80.0,Normale,0.0,Sur chaussée,Blessé léger,Féminin,24.0,Promenade - loisirs,3,9,0.0,2.0,1.0,15.0,200900019696A01,7,1,1.0,Non cohérente,Non cohérentes
1140,200900019698,2009-05-22,2009,mai,vendredi,21:15,67,67482,0.0,0.0,En agglomération,Hors intersection,3.0,Plein jour,Normale,4,A chaussées séparées,4.0,Plat,1.0,18.0,76.0,Normale,0.0,Sur chaussée,Blessé léger,Masculin,30.0,Promenade - loisirs,2,2,0.0,2.0,8.0,19.0,200900019698B01,7,15,1.0,Cohérente,Non cohérentes
1141,200900019716,2009-05-20,2009,mai,mercredi,1:,67,67482,0.0,0.0,En agglomération,Intersection en X,6.0,Nuit avec éclairage public allumé,Normale,4,A sens unique,1.0,Plat,1.0,0.0,45.0,Normale,0.0,Sur chaussée,Blessé léger,Féminin,19.0,Non renseigné,3,2,0.0,2.0,0.0,19.0,200900019716B01,7,0,1.0,Non cohérente,Non cohérentes
1142,200900019727,2009-05-24,2009,mai,dimanche,23:05,67,67482,0.0,0.0,En agglomération,Hors intersection,1.0,Nuit avec éclairage public allumé,Normale,4,A sens unique,2.0,Plat,1.0,0.0,81.0,Normale,0.0,Sur trottoir,Blessé léger,Féminin,25.0,Promenade - loisirs,2,9,0.0,2.0,1.0,1.0,200900019727B01,30,1,1.0,Cohérente,Non cohérentes
1143,200900019728,2009-05-27,2009,mai,mercredi,12:30,67,67482,0.0,0.0,En agglomération,Intersection en T,3.0,Plein jour,Normale,4,Bidirectionnelle,2.0,Plat,1.0,0.0,100.0,Normale,0.0,Sur chaussée,Blessé léger,Féminin,18.0,Domicile - école,3,9,0.0,2.0,1.0,1.0,200900019728B01,7,16,1.0,Cohérente,Non cohérentes
1144,200900019729,2009-05-27,2009,mai,mercredi,22:30,67,67482,0.0,0.0,En agglomération,Intersection en T,3.0,Nuit avec éclairage public allumé,Normale,4,Bidirectionnelle,2.0,Plat,1.0,0.0,108.0,Normale,0.0,Sur chaussée,Blessé léger,Féminin,29.0,Autre,3,9,0.0,2.0,8.0,1.0,200900019729B01,7,15,1.0,Cohérente,Non cohérentes
1145,200900019731,2009-05-11,2009,mai,lundi,19:15,67,67482,0.0,0.0,En agglomération,Intersection en X,3.0,Plein jour,Normale,4,Bidirectionnelle,4.0,Plat,1.0,0.0,50.0,Normale,0.0,Sur chaussée,Blessé léger,Féminin,24.0,Domicile - travail,3,9,0.0,2.0,0.0,1.0,200900019731B01,7,14,1.0,Cohérente,Non cohérentes
1146,200900019737,2009-05-15,2009,mai,vendredi,19:30,67,67482,0.0,0.0,En agglomération,Intersection en X,3.0,Plein jour,Pluie légère,4,Bidirectionnelle,3.0,Plat,1.0,15.0,110.0,Mouillée,0.0,Sur chaussée,Blessé léger,Masculin,26.0,Utilisation professionnelle,2,2,0.0,2.0,1.0,1.0,200900019737B01,7,15,1.0,Cohérente,Non cohérentes
1147,200900019739,2009-05-05,2009,mai,mardi,13:50,67,67482,0.0,0.0,En agglomération,Hors intersection,4.0,Plein jour,Normale,4,A sens unique,1.0,Plat,1.0,0.0,35.0,Normale,0.0,Sur chaussée,Blessé léger,Masculin,23.0,Autre,3,9,0.0,2.0,3.0,13.0,200900019739A01,7,24/1,2.0,Cohérente,Non cohérentes
1148,200900019740,2009-05-14,2009,mai,jeudi,18:55,67,67482,0.0,0.0,En agglomération,Intersection en X,3.0,Plein jour,Normale,4,Bidirectionnelle,2.0,Plat,1.0,0.0,60.0,Normale,0.0,Sur chaussée,Blessé léger,Masculin,17.0,Promenade - loisirs,3,9,0.0,2.0,1.0,1.0,200900019740A01,2,1,1.0,Cohérente,Non cohérentes
1149,200900019746,2009-05-06,2009,mai,mercredi,94:5,67,67482,0.0,0.0,En agglomération,Hors intersection,3.0,Plein jour,Normale,4,Bidirectionnelle,2.0,Plat,1.0,0.0,60.0,Normale,0.0,Sur chaussée,Blessé léger,Masculin,38.0,Domicile - travail,3,9,1.0,0.0,1.0,1.0,200900019746B01,7,24,1.0,Non cohérente,Non cohérentes
1150,200900021148,2009-06-02,2009,juin,mardi,74:5,67,67482,0.0,0.0,En agglomération,Intersection en X,6.0,Plein jour,Normale,4,Bidirectionnelle,3.0,Plat,1.0,0.0,100.0,Normale,0.0,Sur chaussée,Blessé léger,Masculin,18.0,Domicile - école,2,2,0.0,2.0,1.0,1.0,200900021148B01,7,16,1.0,Non cohérente,Non cohérentes
1151,200900021159,2009-06-06,2009,juin,samedi,18:58,67,67482,0.0,0.0,En agglomération,Hors intersection,3.0,Plein jour,Normale,4,Bidirectionnelle,2.0,Plat,1.0,15.0,0.0,Normale,4.0,Sur chaussée,Blessé léger,Masculin,11.0,Non renseigné,2,9,0.0,4.0,1.0,16.0,200900021159B01,40,1,1.0,Cohérente,Non cohérentes
1152,200900021161,2009-06-10,2009,juin,mercredi,12:50,67,67482,0.0,0.0,En agglomération,Intersection en X,3.0,Plein jour,Normale,4,Bidirectionnelle,2.0,Plat,1.0,0.0,90.0,Normale,0.0,Sur chaussée,Blessé léger,Féminin,30.0,Domicile - travail,3,2,0.0,2.0,1.0,1.0,200900021161B01,7,1,1.0,Cohérente,Non cohérentes
1153,200900021163,2009-06-03,2009,juin,mercredi,90:0,67,67482,0.0,0.0,En agglomération,Hors intersection,3.0,Plein jour,Normale,4,Bidirectionnelle,2.0,Plat,1.0,0.0,70.0,Normale,0.0,Sur chaussée,Blessé léger,Féminin,39.0,Non renseigné,2,2,1.0,0.0,3.0,1.0,200900021163B01,7,22,1.0,Non cohérente,Non cohérentes