,Num_Acc,date,an,mois,jour,hrmn,dep,com,lat,long,agg,int,col,lum,atm,catr,circ,nbv,prof,plan,lartpc,larrout,surf,infra,situ,grav,sexe,age,trajet,secuexist,equipement,obs,obsm,choc,manv,vehiculeid,typevehicules,manoeuvehicules,numVehicules,statut_heure,statut_coord
1154,200900021165,2009-06-11,2009,juin,jeudi,20:45,67,67482,0.0,0.0,En agglomération,Hors intersection,3.0,Crépuscule ou aube,Normale,6,Bidirectionnelle,2.0,Plat,1.0,0.0,106.0,Normale,0.0,Sur piste cyclable,Blessé léger,Féminin,32.0,Promenade - loisirs,3,9,0.0,2.0,7.0,1.0,200900021165B01,7,16,1.0,Cohérente,Non cohérentes
1155,200900021173,2009-06-08,2009,juin,lundi,82:0,67,67482,0.0,0.0,En agglomération,Hors intersection,6.0,Plein jour,Normale,9,A sens unique,1.0,Plat,1.0,0.0,0.0,Normale,0.0,Sur piste cyclable,Indemne,Masculin,41.0,Non renseigné,3,9,0.0,1.0,1.0,1.0,200900021173A01,,,,Non cohérente,Non cohérentes
1156,200900021175,2009-06-13,2009,juin,samedi,17:00,67,67482,0.0,0.0,En agglomération,Intersection en T,3.0,Plein jour,Normale,4,Bidirectionnelle,2.0,Plat,1.0,0.0,60.0,Normale,0.0,Sur chaussée,Blessé léger,Féminin,55.0,Courses - achats,2,2,0.0,2.0,1.0,19.0,200900021175A01,1,1,1.0,Cohérente,Non cohérentes
1157,200900021175,2009-06-13,2009,juin,samedi,17:00,67,67482,0.0,0.0,En agglomération,Intersection en T,3.0,Plein jour,Normale,4,Bidirectionnelle,2.0,Plat,1.0,0.0,60.0,Normale,0.0,Sur chaussée,Blessé léger,Masculin,32.0,Promenade - loisirs,1,2,0.0,2.0,1.0,1.0,200900021175B01,1,19,1.0,Cohérente,Non cohérentes
1158,200900021204,2009-06-16,2009,juin,mardi,15:50,67,67482,0.0,0.0,En agglomération,Intersection en X,3.0,Plein jour,Normale,4,Bidirectionnelle,1.0,Plat,1.0,0.0,110.0,Normale,0.0,Sur chaussée,Blessé léger,Féminin,47.0,Non renseigné,3,2,0.0,2.0,5.0,15.0,200900021204B01,7,15,1.0,Cohérente,Non cohérentes
1159,200900021220,2009-06-25,2009,juin,jeudi,15:45,67,67482,0.0,0.0,En agglomération,Hors intersection,2.0,Plein jour,Normale,4,Bidirectionnelle,2.0,Plat,1.0,0.0,90.0,Normale,0.0,Sur chaussée,Blessé léger,Féminin,49.0,Domicile - travail,3,9,0.0,2.0,4.0,1.0,200900021220B01,7,1,1.0,Cohérente,Non cohérentes
1160,200900021222,2009-06-25,2009,juin,jeudi,83:0,67,67482,0.0,0.0,En agglomération,Intersection en T,6.0,Plein jour,Normale,4,A sens unique,1.0,Plat,1.0,0.0,30.0,Normale,4.0,Sur chaussée,Blessé léger,Masculin,24.0,Non renseigné,3,9,0.0,2.0,3.0,1.0,200900021222A01,7,15,1.0,Non cohérente,Non cohérentes
1161,200900021223,2009-06-30,2009,juin,mardi,10:45,67,67482,0.0,0.0,En agglomération,Intersection en X,3.0,Plein jour,Normale,4,Bidirectionnelle,4.0,Plat,1.0,0.0,150.0,Normale,0.0,Sur piste cyclable,Blessé léger,Féminin,35.0,Promenade - loisirs,2,2,0.0,2.0,1.0,1.0,200900021223B01,7,16,1.0,Cohérente,Non cohérentes
1162,200900021225,2009-06-28,2009,juin,dimanche,18:50,67,67482,0.0,0.0,En agglomération,Intersection en T,3.0,Plein jour,Normale,4,Bidirectionnelle,3.0,Plat,1.0,0.0,119.0,Normale,0.0,Sur chaussée,Blessé léger,Masculin,59.0,Non renseigné,2,2,0.0,2.0,8.0,1.0,200900021225B01,7,15,1.0,Cohérente,Non cohérentes
1163,200900021226,2009-06-22,2009,juin,lundi,16:25,67,67482,0.0,0.0,En agglomération,Hors intersection,6.0,Plein jour,Pluie forte,4,A sens unique,3.0,Plat,1.0,0.0,0.0,Mouillée,0.0,Sur chaussée,Blessé hospitalisé,Féminin,26.0,Domicile - travail,3,9,0.0,2.0,1.0,1.0,200900021226B01,7,22,1.0,Cohérente,Non cohérentes
1164,200900021226,2009-06-22,2009,juin,lundi,16:25,67,67482,0.0,0.0,En agglomération,Hors intersection,6.0,Plein jour,Pluie forte,4,A sens unique,3.0,Plat,1.0,0.0,0.0,Mouillée,0.0,Sur chaussée,Indemne,Masculin,20.0,Non renseigné,3,9,0.0,2.0,1.0,1.0,200900021226B01,7,22,1.0,Cohérente,Non cohérentes
1165,200900021873,2009-05-30,2009,mai,samedi,19:30,38,38185,0.0,0.0,En agglomération,Intersection en T,3.0,Plein jour,Normale,4,A sens unique,3.0,Plat,1.0,0.0,97.0,Normale,0.0,Sur chaussée,Blessé léger,Masculin,22.0,Promenade - loisirs,3,2,0.0,2.0,1.0,1.0,200900021873B01,7,15,1.0,Cohérente,Non cohérentes
1166,200900021921,2009-05-30,2009,mai,samedi,55:,38,38185,0.0,0.0,Hors agglomération,Hors intersection,2.0,Nuit sans éclairage public,Normale,1,A chaussées séparées,4.0,Plat,1.0,0.0,170.0,Normale,0.0,Sur chaussée,Tué,Masculin,47.0,Autre,3,9,0.0,2.0,4.0,0.0,200900021921B01,10,1,1.0,Non cohérente,Non cohérentes
1167,200900021923,2009-05-06,2009,mai,mercredi,21:50,38,38185,0.0,0.0,En agglomération,Hors intersection,3.0,Nuit avec éclairage public allumé,Normale,4,A sens unique,1.0,Plat,1.0,0.0,50.0,Normale,0.0,Sur chaussée,Blessé léger,Masculin,38.0,Non renseigné,3,9,0.0,2.0,1.0,1.0,200900021923B01,7,16,1.0,Cohérente,Non cohérentes
1168,200900022933,2009-06-15,2009,juin,lundi,16:55,74,74010,0.0,0.0,En agglomération,Intersection en X,3.0,Plein jour,Normale,4,A sens unique,1.0,Plat,1.0,0.0,69.0,Normale,0.0,Aucun,Blessé léger,Masculin,53.0,Domicile - travail,3,2,0.0,0.0,1.0,1.0,200900022933B01,7,1,1.0,Cohérente,Non cohérentes
1169,200900024402,2009-07-02,2009,juillet,jeudi,21:10,67,67482,0.0,0.0,En agglomération,Intersection en T,6.0,Crépuscule ou aube,Normale,4,Bidirectionnelle,2.0,Plat,1.0,0.0,105.0,Normale,0.0,Sur chaussée,Blessé léger,Masculin,22.0,Autre,3,9,0.0,2.0,4.0,13.0,200900024402B01,2,1,1.0,Cohérente,Non cohérentes
1170,200900024412,2009-07-06,2009,juillet,lundi,19:30,67,67482,0.0,0.0,En agglomération,Intersection en T,3.0,Plein jour,Normale,4,Bidirectionnelle,2.0,Plat,1.0,0.0,80.0,Normale,0.0,Sur chaussée,Blessé léger,Masculin,41.0,Non renseigné,3,9,0.0,2.0,1.0,1.0,200900024412B01,7,1,1.0,Cohérente,Non cohérentes
1171,200900024413,2009-07-04,2009,juillet,samedi,94:5,67,67482,0.0,0.0,En agglomération,Intersection en T,3.0,Plein jour,Normale,4,Bidirectionnelle,2.0,Plat,1.0,0.0,70.0,Normale,0.0,Sur piste cyclable,Blessé léger,Masculin,49.0,Domicile - travail,3,9,0.0,2.0,1.0,1.0,200900024413B01,7,15,1.0,Non cohérente,Non cohérentes
1172,200900024416,2009-07-06,2009,juillet,lundi,18:30,67,67482,0.0,0.0,En agglomération,Hors intersection,6.0,Plein jour,Normale,4,Bidirectionnelle,1.0,Pente,4.0,0.0,40.0,Normale,0.0,Sur piste cyclable,Blessé léger,Masculin,26.0,Non renseigné,3,9,0.0,2.0,0.0,1.0,200900024416A01,1,1,1.0,Cohérente,Non cohérentes
1173,200900024416,2009-07-06,2009,juillet,lundi,18:30,67,67482,0.0,0.0,En agglomération,Hors intersection,6.0,Plein jour,Normale,4,Bidirectionnelle,1.0,Pente,4.0,0.0,40.0,Normale,0.0,Sur piste cyclable,Blessé hospitalisé,Féminin,63.0,Non renseigné,3,9,0.0,2.0,0.0,1.0,200900024416B01,1,1,1.0,Cohérente,Non cohérentes
1174,200900024418,2009-07-04,2009,juillet,samedi,12:20,67,67482,0.0,0.0,En agglomération,Intersection en X,3.0,Plein jour,Normale,4,Bidirectionnelle,2.0,Plat,1.0,0.0,50.0,Normale,0.0,Sur chaussée,Blessé léger,Féminin,37.0,Promenade - loisirs,2,2,0.0,2.0,1.0,19.0,200900024418A01,7,1,1.0,Cohérente,Non cohérentes
1175,200900024428,2009-07-28,2009,juillet,mardi,20:50,67,67482,0.0,0.0,En agglomération,Hors intersection,6.0,Crépuscule ou aube,Normale,4,Bidirectionnelle,2.0,Plat,1.0,0.0,103.0,Normale,0.0,Sur chaussée,Blessé léger,Féminin,36.0,Promenade - loisirs,2,2,0.0,2.0,1.0,1.0,200900024428B01,7,24,1.0,Cohérente,Non cohérentes
1176,200900024429,2009-07-19,2009,juillet,dimanche,15:40,67,67482,0.0,0.0,En agglomération,Intersection en X,3.0,Plein jour,Normale,4,Bidirectionnelle,2.0,Plat,1.0,0.0,60.0,Normale,0.0,Sur chaussée,Blessé léger,Masculin,71.0,Promenade - loisirs,2,2,0.0,2.0,2.0,1.0,200900024429B01,7,15,1.0,Cohérente,Non cohérentes
1177,200900024431,2009-07-29,2009,juillet,mercredi,20:40,67,67482,0.0,0.0,En agglomération,Intersection en X,3.0,Plein jour,Normale,4,Bidirectionnelle,3.0,Plat,1.0,0.0,90.0,Normale,0.0,Sur chaussée,Blessé léger,Féminin,5.0,Promenade - loisirs,1,2,0.0,2.0,0.0,1.0,200900024431B01,7,16,1.0,Cohérente,Non cohérentes
1178,200900024435,2009-07-21,2009,juillet,mardi,14:10,67,67482,0.0,0.0,En agglomération,Intersection en X,3.0,Plein jour,Normale,4,Bidirectionnelle,2.0,Plat,1.0,0.0,97.0,Normale,0.0,Sur chaussée,Blessé léger,Féminin,53.0,Non renseigné,3,9,0.0,2.0,1.0,5.0,200900024435A01,7,16,1.0,Cohérente,Non cohérentes
1179,200900024437,2009-07-22,2009,juillet,mercredi,17:58,67,67482,0.0,0.0,En agglomération,Intersection en X,3.0,Plein jour,Normale,4,Bidirectionnelle,3.0,Plat,2.0,0.0,0.0,Normale,0.0,Sur chaussée,Blessé léger,Masculin,20.0,Domicile - travail,2,2,0.0,2.0,1.0,1.0,200900024437B01,7,1,1.0,Cohérente,Non cohérentes
1180,200900024438,2009-07-24,2009,juillet,vendredi,17:35,67,67482,0.0,0.0,En agglomération,Hors intersection,3.0,Plein jour,Normale,4,Bidirectionnelle,4.0,Plat,1.0,0.0,60.0,Normale,0.0,Sur chaussée,Blessé léger,Féminin,37.0,Non renseigné,3,9,0.0,2.0,0.0,19.0,200900024438B01,7,1,1.0,Cohérente,Non cohérentes
1181,200900024439,2009-07-30,2009,juillet,jeudi,17:50,67,67482,0.0,0.0,En agglomération,Autre intersection,6.0,Plein jour,Normale,4,Bidirectionnelle,2.0,Plat,1.0,0.0,60.0,Normale,0.0,Sur chaussée,Blessé léger,Féminin,43.0,Non renseigné,3,2,1.0,2.0,1.0,1.0,200900024439B01,7,22,1.0,Cohérente,Non cohérentes
1182,200900024440,2009-07-20,2009,juillet,lundi,82:5,67,67482,0.0,0.0,En agglomération,Intersection en T,3.0,Plein jour,Pluie légère,4,Bidirectionnelle,1.0,Plat,1.0,0.0,0.0,Mouillée,0.0,Aucun,Blessé léger,Féminin,20.0,Non renseigné,2,2,0.0,2.0,7.0,1.0,200900024440A01,7,1,1.0,Non cohérente,Non cohérentes
1183,200900024443,2009-07-31,2009,juillet,vendredi,22:00,67,67482,0.0,0.0,En agglomération,Intersection en T,6.0,Nuit avec éclairage public allumé,Normale,4,Bidirectionnelle,2.0,Plat,1.0,0.0,130.0,Normale,0.0,Sur chaussée,Blessé léger,Masculin,51.0,Non renseigné,3,4,0.0,2.0,0.0,0.0,200900024443B01,7,0,1.0,Cohérente,Non cohérentes
1184,200900024447,2009-07-21,2009,juillet,mardi,18:59,67,67482,0.0,0.0,En agglomération,Hors intersection,3.0,Plein jour,Normale,4,Bidirectionnelle,2.0,Plat,2.0,0.0,139.0,Normale,0.0,Sur chaussée,Blessé léger,Féminin,28.0,Non renseigné,3,4,0.0,2.0,1.0,1.0,200900024447B01,7,9,1.0,Cohérente,Non cohérentes
1185,200900024453,2009-07-13,2009,juillet,lundi,13:45,67,67482,0.0,0.0,En agglomération,Intersection en X,3.0,Plein jour,Normale,4,Bidirectionnelle,2.0,Plat,1.0,0.0,100.0,Normale,0.0,Sur chaussée,Blessé léger,Masculin,25.0,Non renseigné,3,9,0.0,4.0,1.0,1.0,200900024453A01,40,1,1.0,Cohérente,Non cohérentes
1186,200900024454,2009-07-15,2009,juillet,mercredi,15:30,67,67482,0.0,0.0,En agglomération,Hors intersection,3.0,Plein jour,Normale,4,Bidirectionnelle,3.0,Plat,1.0,0.0,54.0,Normale,0.0,Sur piste cyclable,Blessé léger,Masculin,43.0,Promenade - loisirs,3,4,0.0,2.0,1.0,1.0,200900024454B01,7,16,1.0,Cohérente,Non cohérentes
1187,200900025991,2009-08-13,2009,août,jeudi,13:50,67,67482,0.0,0.0,En agglomération,Autre intersection,3.0,Plein jour,Normale,4,Non renseigné,1.0,Plat,1.0,0.0,0.0,Normale,0.0,Sur chaussée,Blessé léger,Masculin,24.0,Non renseigné,3,9,0.0,2.0,1.0,1.0,200900025991A01,1,1,1.0,Cohérente,Non cohérentes
1188,200900025991,2009-08-13,2009,août,jeudi,13:50,67,67482,0.0,0.0,En agglomération,Autre intersection,3.0,Plein jour,Normale,4,Non renseigné,1.0,Plat,1.0,0.0,0.0,Normale,0.0,Sur chaussée,Blessé léger,Masculin,41.0,Non renseigné,3,9,0.0,2.0,8.0,1.0,200900025991B01,1,1,1.0,Cohérente,Non cohérentes
1189,200900025995,2009-08-05,2009,août,mercredi,18:50,67,67482,0.0,0.0,En agglomération,Hors intersection,1.0,Plein jour,Normale,4,Bidirectionnelle,2.0,Plat,3.0,0.0,65.0,Normale,0.0,Sur piste cyclable,Blessé léger,Masculin,44.0,Domicile - travail,1,2,0.0,2.0,1.0,1.0,200900025995B01,32,1,1.0,Cohérente,Non cohérentes
1190,200900025997,2009-08-10,2009,août,lundi,13:00,67,67482,0.0,0.0,En agglomération,Intersection en T,3.0,Plein jour,Normale,4,A chaussées séparées,1.0,Plat,1.0,0.0,62.0,Normale,0.0,Sur chaussée,Blessé léger,Féminin,52.0,Non renseigné,3,9,0.0,2.0,1.0,1.0,200900025997B01,7,16,1.0,Cohérente,Non cohérentes
1191,200900026037,2009-08-20,2009,août,jeudi,10:,67,67482,0.0,0.0,En agglomération,Hors intersection,6.0,Nuit avec éclairage public allumé,Normale,4,Bidirectionnelle,1.0,Plat,1.0,0.0,40.0,Normale,0.0,Sur piste cyclable,Blessé hospitalisé,Féminin,52.0,Non renseigné,3,9,8.0,0.0,1.0,1.0,200900026037A01,,,,Non cohérente,Non cohérentes
1192,200900026042,2009-08-27,2009,août,jeudi,16:20,67,67482,0.0,0.0,En agglomération,Hors intersection,1.0,Plein jour,Normale,4,A sens unique,2.0,Plat,1.0,0.0,70.0,Normale,0.0,Sur chaussée,Blessé léger,Masculin,29.0,Non renseigné,3,9,0.0,2.0,1.0,21.0,200900026042A01,7,1,1.0,Cohérente,Non cohérentes
1193,200900026043,2009-08-27,2009,août,jeudi,15:20,67,67482,0.0,0.0,En agglomération,Hors intersection,3.0,Plein jour,Normale,4,Bidirectionnelle,3.0,Plat,1.0,0.0,127.0,Normale,0.0,Sur chaussée,Blessé léger,Masculin,82.0,Non renseigné,3,9,0.0,2.0,8.0,18.0,200900026043B01,7,1,1.0,Cohérente,Non cohérentes
1194,200900026045,2009-08-19,2009,août,mercredi,11:40,67,67482,0.0,0.0,En agglomération,Hors intersection,6.0,Plein jour,Normale,4,Bidirectionnelle,2.0,Plat,1.0,0.0,70.0,Normale,0.0,Sur trottoir,Indemne,Féminin,19.0,Non renseigné,3,9,0.0,1.0,1.0,1.0,200900026045A01,,,,Cohérente,Non cohérentes
1195,200900026046,2009-08-28,2009,août,vendredi,10:15,67,67482,0.0,0.0,En agglomération,Hors intersection,3.0,Plein jour,Normale,4,Bidirectionnelle,2.0,Plat,1.0,0.0,61.0,Normale,0.0,Sur chaussée,Blessé léger,Féminin,34.0,Promenade - loisirs,3,4,0.0,2.0,8.0,1.0,200900026046B01,7,17,1.0,Cohérente,Non cohérentes
1196,200900026047,2009-08-28,2009,août,vendredi,16:45,67,67482,0.0,0.0,En agglomération,Hors intersection,6.0,Plein jour,Normale,4,Bidirectionnelle,2.0,Plat,1.0,0.0,100.0,Normale,0.0,Sur chaussée,Indemne,Masculin,34.0,Domicile - travail,3,4,0.0,2.0,1.0,1.0,200900026047A01,,,,Cohérente,Non cohérentes
1197,200900026047,2009-08-28,2009,août,vendredi,16:45,67,67482,0.0,0.0,En agglomération,Hors intersection,6.0,Plein jour,Normale,4,Bidirectionnelle,2.0,Plat,1.0,0.0,100.0,Normale,0.0,Sur chaussée,Blessé hospitalisé,Masculin,8.0,Promenade - loisirs,3,9,0.0,2.0,1.0,1.0,200900026047A01,,,,Cohérente,Non cohérentes
1198,200900026050,2009-08-28,2009,août,vendredi,18:50,67,67482,0.0,0.0,En agglomération,Hors intersection,1.0,Plein jour,Normale,4,Non renseigné,1.0,Plat,1.0,0.0,150.0,Normale,0.0,Sur chaussée,Blessé léger,Masculin,14.0,Promenade - loisirs,3,4,0.0,2.0,1.0,1.0,200900026050B01,30,1,1.0,Cohérente,Non cohérentes
1199,200900026058,2009-08-20,2009,août,jeudi,20:20,67,67482,0.0,0.0,En agglomération,Hors intersection,3.0,Plein jour,Normale,4,A sens unique,1.0,Plat,1.0,25.0,120.0,Normale,0.0,Sur chaussée,Blessé léger,Masculin,57.0,Utilisation professionnelle,3,9,0.0,2.0,2.0,1.0,200900026058B01,2,1,1.0,Cohérente,Non cohérentes
1200,200900026060,2009-08-24,2009,août,lundi,83:0,67,67482,0.0,0.0,En agglomération,Intersection en T,3.0,Plein jour,Normale,4,Bidirectionnelle,2.0,Plat,2.0,24.0,50.0,Normale,0.0,Sur chaussée,Blessé hospitalisé,Masculin,33.0,Non renseigné,3,2,0.0,2.0,1.0,1.0,200900026060A01,7,1,1.0,Non cohérente,Non cohérentes
1201,200900026459,2009-06-09,2009,juin,mardi,19:50,38,38185,0.0,0.0,En agglomération,Hors intersection,6.0,Plein jour,Normale,4,Non renseigné,0.0,Plat,1.0,0.0,59.0,Normale,6.0,Sur chaussée,Indemne,Masculin,27.0,Non renseigné,3,9,0.0,1.0,1.0,1.0,200900026459A01,,,,Cohérente,Non cohérentes
1202,200900026459,2009-06-09,2009,juin,mardi,19:50,38,38185,0.0,0.0,En agglomération,Hors intersection,6.0,Plein jour,Normale,4,Non renseigné,0.0,Plat,1.0,0.0,59.0,Normale,6.0,Sur chaussée,Blessé léger,Féminin,20.0,Utilisation professionnelle,3,9,0.0,1.0,1.0,1.0,200900026459A01,,,,Cohérente,Non cohérentes
1203,200900026465,2009-06-11,2009,juin,jeudi,17:00,38,38185,0.0,0.0,En agglomération,Intersection en T,3.0,Plein jour,Normale,4,A sens unique,4.0,Plat,1.0,0.0,107.0,Normale,0.0,Sur piste cyclable,Blessé léger,Masculin,24.0,Autre,3,9,0.0,2.0,1.0,1.0,200900026465B01,7,15,1.0,Cohérente,Non cohérentes
1204,200900026534,2009-06-25,2009,juin,jeudi,73:0,38,38185,0.0,0.0,En agglomération,Intersection en X,3.0,Plein jour,Normale,5,Bidirectionnelle,2.0,Plat,1.0,0.0,100.0,Normale,0.0,Sur chaussée,Blessé léger,Masculin,26.0,Non renseigné,3,9,0.0,2.0,1.0,17.0,200900026534B01,7,1,1.0,Non cohérente,Non cohérentes
1205,200900026535,2009-06-26,2009,juin,vendredi,14:35,38,38185,0.0,0.0,En agglomération,Intersection en X,3.0,Plein jour,Normale,4,Bidirectionnelle,7.0,Plat,1.0,0.0,293.0,Normale,0.0,Sur chaussée,Blessé hospitalisé,Masculin,40.0,Domicile - travail,3,9,0.0,2.0,1.0,1.0,200900026535B01,7,1,1.0,Cohérente,Non cohérentes
1206,200900027972,2009-07-26,2009,juillet,dimanche,11:10,38,38185,0.0,0.0,En agglomération,Hors intersection,3.0,Plein jour,Normale,4,Bidirectionnelle,4.0,Plat,1.0,0.0,140.0,Normale,0.0,Sur chaussée,Blessé léger,Masculin,69.0,Non renseigné,3,9,0.0,2.0,7.0,19.0,200900027972B01,7,1,1.0,Cohérente,Non cohérentes
1207,200900028824,2009-07-02,2009,juillet,jeudi,19:50,74,74010,0.0,0.0,En agglomération,Hors intersection,6.0,Plein jour,Normale,3,Bidirectionnelle,0.0,Plat,1.0,0.0,0.0,Normale,0.0,Sur chaussée,Blessé léger,Masculin,33.0,Autre,2,2,0.0,0.0,4.0,1.0,200900028824B01,7,1,1.0,Cohérente,Non cohérentes
1208,200900028824,2009-07-02,2009,juillet,jeudi,19:50,74,74010,0.0,0.0,En agglomération,Hors intersection,6.0,Plein jour,Normale,3,Bidirectionnelle,0.0,Plat,1.0,0.0,0.0,Normale,0.0,Sur chaussée,Blessé hospitalisé,Masculin,4.0,Autre,1,2,0.0,0.0,4.0,1.0,200900028824B01,7,1,1.0,Cohérente,Non cohérentes
1209,200900030062,2009-04-02,2009,avril,jeudi,11:50,33,33063,0.0,0.0,En agglomération,Intersection en X,3.0,Plein jour,Normale,4,Bidirectionnelle,2.0,Plat,1.0,0.0,74.0,Normale,0.0,Sur chaussée,Blessé léger,Masculin,47.0,Non renseigné,3,4,0.0,0.0,1.0,5.0,200900030062B01,7,1,1.0,Cohérente,Non cohérentes
1210,200900030066,2009-04-29,2009,avril,mercredi,74:5,33,33063,0.0,0.0,En agglomération,Hors intersection,3.0,Plein jour,Pluie légère,4,Bidirectionnelle,2.0,Plat,1.0,0.0,100.0,Mouillée,0.0,Sur chaussée,Blessé hospitalisé,Masculin,14.0,Domicile - école,3,4,0.0,2.0,1.0,1.0,200900030066B01,7,15,1.0,Non cohérente,Non cohérentes
1211,200900030094,2009-04-30,2009,avril,jeudi,13:55,33,33063,0.0,0.0,En agglomération,Intersection en X,6.0,Plein jour,Pluie légère,4,Bidirectionnelle,2.0,Plat,1.0,40.0,10.0,Mouillée,0.0,Sur chaussée,Blessé léger,Masculin,19.0,Non renseigné,2,2,0.0,1.0,1.0,2.0,200900030094A01,,,,Cohérente,Non cohérentes
1212,200900030103,2009-04-01,2009,avril,mercredi,12:20,33,33063,0.0,0.0,En agglomération,Intersection en T,1.0,Plein jour,Normale,4,A sens unique,1.0,Plat,1.0,0.0,41.0,Normale,0.0,Sur chaussée,Blessé léger,Féminin,21.0,Non renseigné,3,2,0.0,2.0,1.0,5.0,200900030103A01,7,0,1.0,Cohérente,Non cohérentes
1213,200900030124,2009-04-06,2009,avril,lundi,19:00,33,33063,0.0,0.0,En agglomération,Hors intersection,3.0,Plein jour,Normale,4,A chaussées séparées,5.0,Plat,1.0,0.0,0.0,Normale,4.0,Sur chaussée,Blessé hospitalisé,Féminin,27.0,Non renseigné,3,4,0.0,0.0,2.0,1.0,200900030124A01,40,1,1.0,Cohérente,Non cohérentes
1214,200900030128,2009-04-06,2009,avril,lundi,17:22,33,33063,0.0,0.0,En agglomération,Intersection en T,3.0,Plein jour,Normale,4,A chaussées séparées,2.0,Plat,1.0,0.0,0.0,Normale,5.0,Sur chaussée,Blessé hospitalisé,Masculin,28.0,Non renseigné,3,4,0.0,4.0,1.0,15.0,200900030128A01,40,1,1.0,Cohérente,Non cohérentes
1215,200900030131,2009-04-06,2009,avril,lundi,14:51,33,33063,0.0,0.0,En agglomération,Hors intersection,3.0,Plein jour,Normale,4,A sens unique,1.0,Plat,1.0,0.0,30.0,Normale,5.0,Sur chaussée,Blessé hospitalisé,Féminin,22.0,Non renseigné,2,4,0.0,2.0,4.0,1.0,200900030131B01,7,1,1.0,Cohérente,Non cohérentes
1216,200900030236,2009-05-22,2009,mai,vendredi,95:0,33,33063,0.0,0.0,En agglomération,Intersection en T,6.0,Plein jour,Normale,4,A sens unique,1.0,Plat,1.0,0.0,0.0,Normale,0.0,Sur chaussée,Indemne,Féminin,14.0,Promenade - loisirs,3,9,0.0,2.0,3.0,13.0,200900030236A01,33,21,1.0,Non cohérente,Non cohérentes
1217,200900030242,2009-05-19,2009,mai,mardi,14:35,33,33063,0.0,0.0,En agglomération,Intersection en T,3.0,Plein jour,Normale,4,Bidirectionnelle,2.0,Plat,1.0,0.0,0.0,Normale,0.0,Sur chaussée,Blessé léger,Masculin,28.0,Non renseigné,3,9,0.0,0.0,0.0,1.0,200900030242B01,7,1,1.0,Cohérente,Non cohérentes
1218,200900030246,2009-05-11,2009,mai,lundi,71:0,33,33063,0.0,0.0,En agglomération,Hors intersection,3.0,Plein jour,Normale,4,A chaussées séparées,4.0,Plat,1.0,0.0,0.0,Mouillée,0.0,Sur chaussée,Blessé léger,Masculin,20.0,Non renseigné,3,9,0.0,4.0,1.0,19.0,200900030246A01,40,1,1.0,Non cohérente,Non cohérentes
1219,200900030259,2009-05-16,2009,mai,samedi,21:05,33,33063,0.0,0.0,En agglomération,Hors intersection,1.0,Plein jour,Normale,4,A chaussées séparées,2.0,Plat,1.0,0.0,0.0,Normale,0.0,Sur piste cyclable,Blessé léger,Masculin,52.0,Non renseigné,3,9,0.0,2.0,1.0,1.0,200900030259A01,99,0,1.0,Cohérente,Non cohérentes
1220,200900030281,2009-05-10,2009,mai,dimanche,42:5,33,33063,0.0,0.0,En agglomération,Hors intersection,6.0,Nuit avec éclairage public allumé,Normale,4,A chaussées séparées,4.0,Plat,1.0,0.0,0.0,Normale,4.0,Sur chaussée,Blessé hospitalisé,Féminin,36.0,Promenade - loisirs,3,4,0.0,0.0,4.0,1.0,200900030281B01,33,2,1.0,Non cohérente,Non cohérentes
1221,200900030281,2009-05-10,2009,mai,dimanche,42:5,33,33063,0.0,0.0,En agglomération,Hors intersection,6.0,Nuit avec éclairage public allumé,Normale,4,A chaussées séparées,4.0,Plat,1.0,0.0,0.0,Normale,4.0,Sur chaussée,Blessé hospitalisé,Féminin,24.0,Promenade - loisirs,3,4,0.0,0.0,4.0,1.0,200900030281B01,33,2,1.0,Non cohérente,Non cohérentes
1222,200900030329,2009-05-29,2009,mai,vendredi,12:00,33,33063,0.0,0.0,En agglomération,Intersection en T,1.0,Plein jour,Normale,4,Bidirectionnelle,2.0,Plat,1.0,0.0,90.0,Normale,0.0,Sur chaussée,Blessé léger,Féminin,54.0,Non renseigné,3,9,0.0,2.0,1.0,1.0,200900030329A01,7,15,1.0,Cohérente,Non cohérentes
1223,200900030414,2009-05-15,2009,mai,vendredi,17:55,33,33063,0.0,0.0,En agglomération,Intersection en X,3.0,Plein jour,Normale,4,A sens unique,1.0,Plat,1.0,0.0,25.0,Normale,0.0,Sur chaussée,Indemne,Masculin,27.0,Non renseigné,3,9,0.0,0.0,5.0,1.0,200900030414A01,32,1,1.0,Cohérente,Non cohérentes
1224,200900030469,2009-06-02,2009,juin,mardi,82:0,33,33063,0.0,0.0,En agglomération,Hors intersection,3.0,Plein jour,Normale,4,A sens unique,1.0,Plat,1.0,0.0,0.0,Normale,0.0,Sur chaussée,Blessé léger,Féminin,52.0,Domicile - travail,3,9,0.0,2.0,1.0,0.0,200900030469B01,7,22,1.0,Non cohérente,Non cohérentes
1225,200900030473,2009-06-26,2009,juin,vendredi,90:5,33,33063,0.0,0.0,En agglomération,Intersection en T,3.0,Plein jour,Normale,4,Bidirectionnelle,2.0,Plat,1.0,0.0,0.0,Normale,0.0,Sur chaussée,Blessé léger,Masculin,23.0,Non renseigné,3,9,0.0,0.0,8.0,19.0,200900030473A01,7,1,1.0,Non cohérente,Non cohérentes