,Num_Acc,date,an,mois,jour,hrmn,dep,com,lat,long,agg,int,col,lum,atm,catr,circ,nbv,prof,plan,lartpc,larrout,surf,infra,situ,grav,sexe,age,trajet,secuexist,equipement,obs,obsm,choc,manv,vehiculeid,typevehicules,manoeuvehicules,numVehicules,statut_heure,statut_coord
1226,200900030483,2009-06-23,2009,juin,mardi,11:30,33,33063,0.0,0.0,En agglomération,Hors intersection,3.0,Plein jour,Normale,4,Bidirectionnelle,2.0,Pente,2.0,0.0,0.0,Normale,0.0,Sur chaussée,Blessé léger,Féminin,29.0,Non renseigné,3,9,0.0,0.0,8.0,0.0,200900030483B01,7,0,1.0,Cohérente,Non cohérentes
1227,200900030486,2009-06-30,2009,juin,mardi,17:20,33,33063,0.0,0.0,En agglomération,Intersection en X,3.0,Plein jour,Normale,4,A sens unique,1.0,Plat,1.0,0.0,0.0,Normale,0.0,Sur chaussée,Blessé léger,Féminin,14.0,Non renseigné,3,9,0.0,2.0,1.0,1.0,200900030486A01,7,1,1.0,Cohérente,Non cohérentes
1228,200900030515,2009-06-29,2009,juin,lundi,11:00,33,33063,0.0,0.0,En agglomération,Hors intersection,6.0,Plein jour,Normale,4,Bidirectionnelle,2.0,Plat,1.0,0.0,60.0,Normale,0.0,Sur chaussée,Blessé léger,Masculin,18.0,Non renseigné,3,2,0.0,2.0,8.0,1.0,200900030515B01,32/ 7,1/22,2.0,Cohérente,Non cohérentes
1229,200900030521,2009-06-17,2009,juin,mercredi,17:50,33,33063,0.0,0.0,En agglomération,Intersection en T,3.0,Plein jour,Normale,4,A chaussées séparées,2.0,Plat,1.0,0.0,0.0,Normale,4.0,Sur chaussée,Blessé léger,Masculin,47.0,Non renseigné,3,9,0.0,2.0,1.0,1.0,200900030521B01,7,15,1.0,Cohérente,Non cohérentes
1230,200900030523,2009-06-19,2009,juin,vendredi,65:0,33,33063,0.0,0.0,En agglomération,Intersection en T,2.0,Crépuscule ou aube,Normale,4,Bidirectionnelle,2.0,Plat,1.0,0.0,63.0,Normale,0.0,Sur chaussée,Blessé léger,Féminin,42.0,Non renseigné,3,9,0.0,2.0,0.0,1.0,200900030523B01,7,4,1.0,Non cohérente,Non cohérentes
1231,200900030544,2009-06-20,2009,juin,samedi,11:15,33,33063,0.0,0.0,En agglomération,Intersection en X,3.0,Plein jour,Normale,4,A chaussées séparées,0.0,Plat,1.0,0.0,0.0,Normale,0.0,Sur chaussée,Blessé léger,Masculin,72.0,Non renseigné,3,2,0.0,0.0,2.0,2.0,200900030544B01,7,15,1.0,Cohérente,Non cohérentes
1232,200900030716,2009-07-08,2009,juillet,mercredi,20:00,33,33063,0.0,0.0,En agglomération,Hors intersection,6.0,Plein jour,Normale,4,A chaussées séparées,4.0,Plat,1.0,0.0,0.0,Normale,0.0,Sur piste cyclable,Blessé léger,Masculin,74.0,Non renseigné,3,9,0.0,0.0,0.0,1.0,200900030716B01,7,4,1.0,Cohérente,Non cohérentes
1233,200900030731,2009-07-07,2009,juillet,mardi,21:15,33,33063,0.0,0.0,En agglomération,Intersection en X,2.0,Plein jour,Normale,4,A chaussées séparées,2.0,Plat,1.0,0.0,41.0,Normale,4.0,Sur chaussée,Blessé léger,Masculin,25.0,Non renseigné,3,9,0.0,0.0,4.0,1.0,200900030731B01,7,1,1.0,Cohérente,Non cohérentes
1234,200900030757,2009-07-29,2009,juillet,mercredi,17:00,33,33063,0.0,0.0,En agglomération,Hors intersection,2.0,Plein jour,Normale,4,Bidirectionnelle,2.0,Plat,1.0,0.0,110.0,Normale,0.0,Sur chaussée,Blessé léger,Masculin,29.0,Non renseigné,3,9,9.0,2.0,1.0,1.0,200900030757A01,7,15,1.0,Cohérente,Non cohérentes
1235,200900030758,2009-07-16,2009,juillet,jeudi,17:55,33,33063,0.0,0.0,En agglomération,Hors intersection,6.0,Plein jour,Normale,4,A sens unique,2.0,Plat,1.0,0.0,0.0,Normale,0.0,Sur piste cyclable,Blessé léger,Masculin,26.0,Non renseigné,3,9,1.0,0.0,1.0,1.0,200900030758B01,7,22,1.0,Cohérente,Non cohérentes
1236,200900030775,2009-07-20,2009,juillet,lundi,11:,33,33063,0.0,0.0,En agglomération,Intersection en X,3.0,Nuit avec éclairage public allumé,Normale,4,Bidirectionnelle,2.0,Plat,1.0,0.0,66.0,Normale,5.0,Sur chaussée,Blessé léger,Masculin,22.0,Non renseigné,3,4,0.0,2.0,1.0,1.0,200900030775B01,7,23,1.0,Non cohérente,Non cohérentes
1237,200900030800,2009-07-30,2009,juillet,jeudi,16:40,33,33063,0.0,0.0,En agglomération,Hors intersection,6.0,Plein jour,Normale,4,A chaussées séparées,4.0,Plat,1.0,0.0,75.0,Normale,0.0,Sur chaussée,Blessé léger,Masculin,28.0,Non renseigné,3,2,0.0,2.0,1.0,1.0,200900030800B01,7,22/1,2.0,Cohérente,Non cohérentes
1238,200900030819,2009-08-05,2009,août,mercredi,18:20,33,33063,0.0,0.0,En agglomération,Intersection en T,3.0,Plein jour,Normale,4,Bidirectionnelle,2.0,Plat,1.0,0.0,62.0,Normale,0.0,Sur chaussée,Blessé léger,Féminin,44.0,Domicile - travail,3,9,0.0,2.0,1.0,1.0,200900030819B01,7,16,1.0,Cohérente,Non cohérentes
1239,200900030824,2009-08-12,2009,août,mercredi,10:30,33,33063,0.0,0.0,En agglomération,Intersection en T,3.0,Plein jour,Normale,4,A sens unique,2.0,Plat,1.0,0.0,54.0,Normale,0.0,Sur piste cyclable,Blessé léger,Féminin,45.0,Utilisation professionnelle,2,9,0.0,2.0,1.0,5.0,200900030824A01,7,16,1.0,Cohérente,Non cohérentes
1240,200900030841,2009-08-13,2009,août,jeudi,14:50,33,33063,0.0,0.0,En agglomération,Intersection en X,3.0,Plein jour,Normale,4,A sens unique,2.0,Plat,1.0,0.0,0.0,Normale,0.0,Sur chaussée,Blessé hospitalisé,Masculin,30.0,Non renseigné,3,9,0.0,0.0,8.0,1.0,200900030841A01,99,1,1.0,Cohérente,Non cohérentes
1241,200900030884,2009-08-26,2009,août,mercredi,18:00,33,33063,0.0,0.0,En agglomération,Hors intersection,6.0,Plein jour,Normale,4,A chaussées séparées,1.0,Plat,1.0,0.0,52.0,Normale,0.0,Sur chaussée,Blessé hospitalisé,Féminin,29.0,Autre,3,2,0.0,2.0,0.0,2.0,200900030884B01,16,2,1.0,Cohérente,Non cohérentes
1242,200900030891,2009-08-21,2009,août,vendredi,21:45,33,33063,0.0,0.0,En agglomération,Hors intersection,3.0,Nuit avec éclairage public allumé,Normale,4,A sens unique,2.0,Plat,1.0,0.0,0.0,Normale,0.0,Sur chaussée,Blessé léger,Féminin,34.0,Non renseigné,2,9,0.0,0.0,3.0,10.0,200900030891A01,7,1,1.0,Cohérente,Non cohérentes
1243,200900034568,2009-09-08,2009,septembre,mardi,18:45,33,33063,0.0,0.0,En agglomération,Intersection à plus de 4 branches,3.0,Plein jour,Normale,4,A sens unique,1.0,Bas de côte,1.0,0.0,50.0,Normale,0.0,Sur chaussée,Blessé léger,Féminin,54.0,Non renseigné,3,2,0.0,2.0,1.0,2.0,200900034568B01,7,2,1.0,Cohérente,Non cohérentes
1244,200900034579,2009-09-27,2009,septembre,dimanche,19:00,33,33063,0.0,0.0,En agglomération,Intersection en X,3.0,Plein jour,Normale,4,A chaussées séparées,8.0,Plat,1.0,0.0,0.0,Normale,4.0,Sur chaussée,Blessé léger,Masculin,14.0,Non renseigné,3,9,0.0,2.0,1.0,1.0,200900034579B01,7,16,1.0,Cohérente,Non cohérentes
1245,200900034580,2009-09-29,2009,septembre,mardi,92:8,33,33063,0.0,0.0,En agglomération,Intersection en T,3.0,Plein jour,Normale,4,A chaussées séparées,5.0,Plat,1.0,0.0,0.0,Normale,4.0,Sur chaussée,Blessé hospitalisé,Masculin,19.0,Non renseigné,3,9,0.0,2.0,3.0,15.0,200900034580A01,40,1,1.0,Non cohérente,Non cohérentes
1246,200900034591,2009-09-24,2009,septembre,jeudi,18:40,33,33063,0.0,0.0,En agglomération,Hors intersection,6.0,Plein jour,Normale,4,Bidirectionnelle,2.0,Plat,1.0,0.0,0.0,Normale,0.0,Sur chaussée,Indemne,Masculin,28.0,Non renseigné,3,4,0.0,1.0,1.0,1.0,200900034591A01,,,,Cohérente,Non cohérentes
1247,200900034598,2009-09-17,2009,septembre,jeudi,13:30,33,33063,0.0,0.0,En agglomération,Hors intersection,1.0,Plein jour,Normale,4,A sens unique,0.0,Plat,1.0,0.0,0.0,Normale,0.0,Sur chaussée,Blessé léger,Masculin,45.0,Non renseigné,3,2,0.0,2.0,1.0,2.0,200900034598B01,1,2,1.0,Cohérente,Non cohérentes
1248,200900034598,2009-09-17,2009,septembre,jeudi,13:30,33,33063,0.0,0.0,En agglomération,Hors intersection,1.0,Plein jour,Normale,4,A sens unique,0.0,Plat,1.0,0.0,0.0,Normale,0.0,Sur chaussée,Indemne,Masculin,16.0,Non renseigné,3,2,0.0,2.0,1.0,2.0,200900034598A01,1,2,1.0,Cohérente,Non cohérentes
1249,200900034628,2009-09-21,2009,septembre,lundi,18:55,33,33063,0.0,0.0,En agglomération,Hors intersection,3.0,Plein jour,Normale,4,A chaussées séparées,4.0,Pente,1.0,0.0,0.0,Normale,0.0,Sur chaussée,Blessé léger,Féminin,15.0,Non renseigné,3,9,0.0,0.0,6.0,11.0,200900034628A01,33,1,1.0,Cohérente,Non cohérentes
1250,200900034638,2009-09-18,2009,septembre,vendredi,82:0,33,33063,0.0,0.0,En agglomération,Hors intersection,3.0,Crépuscule ou aube,Pluie légère,4,A chaussées séparées,4.0,Plat,1.0,0.0,0.0,Mouillée,0.0,Sur piste cyclable,Blessé léger,Masculin,61.0,Non renseigné,3,9,0.0,2.0,0.0,1.0,200900034638B01,7,20,1.0,Non cohérente,Non cohérentes
1251,200900034818,2009-09-30,2009,septembre,mercredi,12:09,67,67482,0.0,0.0,En agglomération,Hors intersection,3.0,Plein jour,Normale,4,Bidirectionnelle,2.0,Plat,1.0,0.0,50.0,Normale,0.0,Sur chaussée,Blessé léger,Féminin,67.0,Non renseigné,3,9,1.0,0.0,1.0,1.0,200900034818B01,7,22,1.0,Cohérente,Non cohérentes
1252,200900034834,2009-09-10,2009,septembre,jeudi,18:20,67,67482,0.0,0.0,En agglomération,Intersection en X,3.0,Plein jour,Normale,4,A chaussées séparées,4.0,Plat,1.0,0.0,60.0,Normale,0.0,Sur chaussée,Blessé hospitalisé,Masculin,31.0,Non renseigné,3,9,0.0,4.0,7.0,1.0,200900034834B01,40,1,1.0,Cohérente,Non cohérentes
1253,200900034852,2009-09-01,2009,septembre,mardi,90:5,67,67482,0.0,0.0,En agglomération,Intersection en T,3.0,Plein jour,Normale,4,Bidirectionnelle,2.0,Plat,1.0,0.0,60.0,Normale,0.0,Sur chaussée,Blessé léger,Masculin,24.0,Utilisation professionnelle,3,4,0.0,2.0,1.0,1.0,200900034852A01,7,15,1.0,Non cohérente,Non cohérentes
1254,200900034856,2009-09-23,2009,septembre,mercredi,13:00,67,67482,0.0,0.0,En agglomération,Intersection en T,6.0,Plein jour,Normale,4,Bidirectionnelle,2.0,Plat,1.0,10.0,105.0,Normale,0.0,Sur chaussée,Blessé hospitalisé,Masculin,30.0,Non renseigné,3,4,0.0,2.0,8.0,18.0,200900034856A01,14,1,1.0,Cohérente,Non cohérentes
1255,200900034866,2009-09-09,2009,septembre,mercredi,19:45,67,67482,0.0,0.0,En agglomération,Hors intersection,3.0,Nuit avec éclairage public allumé,Normale,4,Bidirectionnelle,2.0,Plat,1.0,0.0,60.0,Normale,0.0,Sur chaussée,Blessé léger,Masculin,13.0,Promenade - loisirs,3,4,0.0,2.0,8.0,1.0,200900034866B01,7,17,1.0,Cohérente,Non cohérentes
1256,200900034867,2009-09-21,2009,septembre,lundi,16:15,67,67482,0.0,0.0,En agglomération,Hors intersection,3.0,Plein jour,Normale,4,A sens unique,1.0,Plat,1.0,0.0,20.0,Normale,0.0,Sur chaussée,Blessé léger,Féminin,22.0,Non renseigné,3,9,1.0,0.0,1.0,1.0,200900034867B01,7,22,1.0,Cohérente,Non cohérentes
1257,200900034868,2009-09-17,2009,septembre,jeudi,80:0,67,67482,0.0,0.0,En agglomération,Intersection en X,3.0,Plein jour,Normale,4,Bidirectionnelle,1.0,Plat,1.0,0.0,40.0,Normale,6.0,Sur chaussée,Blessé léger,Féminin,19.0,Domicile - école,3,9,0.0,2.0,1.0,1.0,200900034868A01,1,1,1.0,Non cohérente,Non cohérentes
1258,200900034868,2009-09-17,2009,septembre,jeudi,80:0,67,67482,0.0,0.0,En agglomération,Intersection en X,3.0,Plein jour,Normale,4,Bidirectionnelle,1.0,Plat,1.0,0.0,40.0,Normale,6.0,Sur chaussée,Indemne,Féminin,27.0,Domicile - travail,3,9,0.0,2.0,0.0,1.0,200900034868B01,1,1,1.0,Non cohérente,Non cohérentes
1259,200900034869,2009-09-08,2009,septembre,mardi,13:45,67,67482,0.0,0.0,En agglomération,Intersection en T,3.0,Plein jour,Normale,4,Bidirectionnelle,2.0,Plat,1.0,0.0,60.0,Normale,0.0,Sur chaussée,Blessé léger,Féminin,18.0,Non renseigné,2,2,0.0,2.0,1.0,1.0,200900034869A01,7,1,1.0,Cohérente,Non cohérentes
1260,200900034875,2009-09-10,2009,septembre,jeudi,90:5,67,67482,0.0,0.0,En agglomération,Intersection à plus de 4 branches,6.0,Plein jour,Normale,4,A sens unique,4.0,Plat,2.0,0.0,120.0,Normale,0.0,Sur chaussée,Blessé léger,Féminin,32.0,Domicile - travail,1,2,0.0,2.0,8.0,1.0,200900034875B01,7,16,1.0,Non cohérente,Non cohérentes
1261,200900044051,2009-09-11,2009,septembre,vendredi,12:10,74,74010,0.0,0.0,En agglomération,Hors intersection,6.0,Plein jour,Normale,4,Bidirectionnelle,2.0,Plat,1.0,25.0,85.0,Normale,0.0,Sur chaussée,Blessé léger,Masculin,44.0,Autre,2,9,0.0,2.0,1.0,15.0,200900044051A01,10,1,1.0,Cohérente,Non cohérentes
1262,200900044061,2009-09-14,2009,septembre,lundi,62:5,74,74010,0.0,0.0,En agglomération,Intersection en T,6.0,Plein jour,Normale,3,Bidirectionnelle,4.0,Plat,1.0,0.0,116.0,Normale,0.0,Sur chaussée,Blessé hospitalisé,Masculin,34.0,Non renseigné,3,2,0.0,0.0,0.0,1.0,200900044061B01,7,15,1.0,Non cohérente,Non cohérentes
1263,200900045713,2009-10-23,2009,octobre,vendredi,11:00,67,67482,0.0,0.0,En agglomération,Intersection en X,6.0,Plein jour,Pluie légère,4,A chaussées séparées,2.0,Plat,1.0,0.0,60.0,Mouillée,0.0,Sur chaussée,Blessé léger,Masculin,22.0,Non renseigné,3,9,0.0,2.0,1.0,1.0,200900045713A01,7,1,1.0,Cohérente,Non cohérentes
1264,200900045718,2009-10-20,2009,octobre,mardi,16:30,67,67482,0.0,0.0,En agglomération,Hors intersection,3.0,Plein jour,Normale,4,Bidirectionnelle,2.0,Plat,1.0,0.0,60.0,Normale,0.0,Sur chaussée,Blessé léger,Masculin,21.0,Autre,3,9,0.0,2.0,1.0,19.0,200900045718B01,10,1,1.0,Cohérente,Non cohérentes
1265,200900045720,2009-10-20,2009,octobre,mardi,19:10,67,67482,0.0,0.0,En agglomération,Hors intersection,3.0,Nuit avec éclairage public allumé,Normale,4,Bidirectionnelle,2.0,Plat,1.0,20.0,90.0,Normale,0.0,Sur chaussée,Blessé léger,Féminin,27.0,Domicile - école,3,9,0.0,2.0,7.0,19.0,200900045720B01,7,1,1.0,Cohérente,Non cohérentes
1266,200900045725,2009-10-21,2009,octobre,mercredi,17:15,67,67482,0.0,0.0,En agglomération,Intersection en X,3.0,Plein jour,Normale,4,Bidirectionnelle,2.0,Plat,1.0,0.0,50.0,Normale,0.0,Sur chaussée,Blessé léger,Masculin,19.0,Promenade - loisirs,3,9,0.0,2.0,1.0,19.0,200900045725A01,7,15,1.0,Cohérente,Non cohérentes
1267,200900045727,2009-10-17,2009,octobre,samedi,35:0,67,67482,0.0,0.0,En agglomération,Intersection en X,3.0,Nuit avec éclairage public allumé,Pluie légère,4,Bidirectionnelle,2.0,Plat,1.0,0.0,64.0,Mouillée,2.0,Sur chaussée,Blessé léger,Masculin,23.0,Non renseigné,3,9,0.0,2.0,4.0,1.0,200900045727B01,7,1,1.0,Non cohérente,Non cohérentes
1268,200900045731,2009-10-22,2009,octobre,jeudi,17:40,67,67482,0.0,0.0,En agglomération,Intersection en T,3.0,Plein jour,Normale,4,Bidirectionnelle,2.0,Plat,1.0,0.0,100.0,Normale,0.0,Sur chaussée,Blessé léger,Féminin,55.0,Domicile - travail,1,4,0.0,2.0,1.0,1.0,200900045731B01,7,16,1.0,Cohérente,Non cohérentes
1269,200900045749,2009-10-01,2009,octobre,jeudi,18:05,67,67482,0.0,0.0,En agglomération,Hors intersection,6.0,Plein jour,Normale,4,Bidirectionnelle,2.0,Plat,1.0,0.0,80.0,Normale,0.0,Sur chaussée,Blessé léger,Masculin,23.0,Domicile - école,1,4,1.0,0.0,1.0,1.0,200900045749B01,7,22,1.0,Cohérente,Non cohérentes
1270,200900045757,2009-10-11,2009,octobre,dimanche,22:,67,67482,0.0,0.0,En agglomération,Intersection en X,3.0,Nuit avec éclairage public allumé,Normale,4,A sens unique,1.0,Plat,1.0,0.0,50.0,Normale,0.0,Sur chaussée,Blessé léger,Masculin,57.0,Autre,3,9,0.0,2.0,1.0,1.0,200900045757A01,7,1,1.0,Non cohérente,Non cohérentes
1271,200900045759,2009-10-12,2009,octobre,lundi,71:6,67,67482,0.0,0.0,En agglomération,Intersection en X,3.0,Plein jour,Normale,4,A sens unique,2.0,Plat,1.0,0.0,60.0,Mouillée,0.0,Sur chaussée,Blessé léger,Masculin,21.0,Non renseigné,2,4,0.0,2.0,1.0,19.0,200900045759A01,7,1,1.0,Non cohérente,Non cohérentes
1272,200900045770,2009-10-13,2009,octobre,mardi,18:30,67,67482,0.0,0.0,En agglomération,Hors intersection,3.0,Plein jour,Normale,4,Bidirectionnelle,2.0,Plat,1.0,0.0,70.0,Normale,0.0,Sur chaussée,Blessé léger,Masculin,14.0,Promenade - loisirs,1,9,0.0,2.0,8.0,9.0,200900045770B01,7,5,1.0,Cohérente,Non cohérentes
1273,200900045772,2009-10-10,2009,octobre,samedi,13:45,67,67482,0.0,0.0,En agglomération,Intersection en X,3.0,Plein jour,Pluie forte,4,Avec voies d'affectation variable,0.0,Plat,1.0,0.0,75.0,Mouillée,0.0,Sur chaussée,Blessé léger,Masculin,20.0,Non renseigné,2,4,0.0,2.0,1.0,19.0,200900045772B01,7,1,1.0,Cohérente,Non cohérentes
1274,200900045778,2009-10-12,2009,octobre,lundi,18:00,67,67482,0.0,0.0,En agglomération,Intersection en X,6.0,Plein jour,Normale,4,Non renseigné,2.0,Plat,1.0,0.0,70.0,Normale,0.0,Sur chaussée,Blessé léger,Masculin,26.0,Autre,3,9,0.0,2.0,7.0,19.0,200900045778B01,7,1,1.0,Cohérente,Non cohérentes
1275,200900046771,2009-12-10,2009,décembre,jeudi,22:20,33,33063,0.0,0.0,En agglomération,Intersection en X,3.0,Nuit avec éclairage public allumé,Normale,4,Bidirectionnelle,4.0,Plat,1.0,0.0,0.0,Normale,4.0,Sur chaussée,Blessé léger,Féminin,23.0,Promenade - loisirs,3,9,0.0,2.0,1.0,1.0,200900046771A01,33,0,1.0,Cohérente,Non cohérentes
1276,200900046787,2009-12-04,2009,décembre,vendredi,17:00,33,33063,0.0,0.0,En agglomération,Intersection en X,3.0,Plein jour,Normale,4,Bidirectionnelle,1.0,Plat,1.0,0.0,0.0,Normale,0.0,Sur chaussée,Blessé léger,Masculin,21.0,Non renseigné,3,9,0.0,2.0,7.0,1.0,200900046787A01,7,1,1.0,Cohérente,Non cohérentes
1277,200900049984,2009-12-17,2009,décembre,jeudi,13:42,33,33063,0.0,0.0,En agglomération,Intersection en X,3.0,Plein jour,Normale,4,A sens unique,2.0,Plat,1.0,0.0,0.0,Normale,0.0,Sur chaussée,Tué,Féminin,20.0,Autre,3,9,0.0,2.0,6.0,1.0,200900049984B01,17,16,1.0,Cohérente,Non cohérentes
1278,200900049999,2009-12-22,2009,décembre,mardi,18:27,33,33063,0.0,0.0,En agglomération,Hors intersection,3.0,Nuit avec éclairage public allumé,Pluie légère,4,A sens unique,0.0,Plat,1.0,0.0,0.0,Mouillée,0.0,Sur chaussée,Blessé léger,Masculin,49.0,Non renseigné,1,2,0.0,2.0,0.0,2.0,200900049999A01,40,2,1.0,Cohérente,Non cohérentes
1279,200900050005,2009-12-26,2009,décembre,samedi,11:00,33,33063,0.0,0.0,En agglomération,Intersection en T,3.0,Plein jour,Normale,4,A sens unique,1.0,Plat,1.0,0.0,60.0,Normale,0.0,Sur chaussée,Blessé léger,Féminin,19.0,Non renseigné,3,2,0.0,2.0,1.0,2.0,200900050005A01,7,16,1.0,Cohérente,Non cohérentes
1280,200900054286,2009-11-13,2009,novembre,vendredi,18:35,33,33063,0.0,0.0,En agglomération,Intersection en X,3.0,Nuit avec éclairage public allumé,Normale,4,A sens unique,1.0,Plat,1.0,0.0,45.0,Normale,0.0,Sur chaussée,Blessé léger,Féminin,40.0,Non renseigné,2,9,0.0,2.0,1.0,1.0,200900054286B01,7,1,1.0,Cohérente,Non cohérentes
1281,200900054296,2009-11-05,2009,novembre,jeudi,84:0,33,33063,0.0,0.0,En agglomération,Hors intersection,3.0,Plein jour,Pluie légère,4,Bidirectionnelle,2.0,Pente,1.0,0.0,108.0,Mouillée,0.0,Sur chaussée,Blessé léger,Masculin,41.0,Domicile - travail,3,2,1.0,0.0,5.0,1.0,200900054296B01,7,24,1.0,Non cohérente,Non cohérentes
1282,200900054324,2009-11-03,2009,novembre,mardi,16:10,33,33063,0.0,0.0,En agglomération,Hors intersection,7.0,Plein jour,Normale,4,Non renseigné,0.0,Non renseigné,-1.0,0.0,0.0,Non renseigné,0.0,Sur chaussée,Blessé léger,Masculin,12.0,Non renseigné,3,9,0.0,1.0,1.0,2.0,200900054324A01,,,,Cohérente,Non cohérentes
1283,200900054324,2009-11-03,2009,novembre,mardi,16:10,33,33063,0.0,0.0,En agglomération,Hors intersection,7.0,Plein jour,Normale,4,Non renseigné,0.0,Non renseigné,-1.0,0.0,0.0,Non renseigné,0.0,Sur chaussée,Indemne,Masculin,49.0,Non renseigné,3,2,0.0,1.0,1.0,2.0,200900054324A01,,,,Cohérente,Non cohérentes
1284,200900054377,2009-11-19,2009,novembre,jeudi,13:15,33,33063,0.0,0.0,En agglomération,Hors intersection,3.0,Plein jour,Normale,4,A sens unique,2.0,Plat,1.0,0.0,0.0,Normale,0.0,Sur chaussée,Blessé léger,Masculin,29.0,Domicile - travail,3,9,0.0,2.0,8.0,17.0,200900054377B01,37,17,1.0,Cohérente,Non cohérentes
1285,200900054410,2009-11-17,2009,novembre,mardi,85:5,33,33063,0.0,0.0,En agglomération,Intersection en T,3.0,Plein jour,Normale,4,A sens unique,1.0,Plat,1.0,0.0,0.0,Normale,0.0,Sur chaussée,Blessé léger,Féminin,20.0,Domicile - travail,3,9,0.0,2.0,1.0,5.0,200900054410B01,7,16,1.0,Non cohérente,Non cohérentes
1286,200900054504,2009-10-21,2009,octobre,mercredi,13:50,33,33063,0.0,0.0,En agglomération,Hors intersection,3.0,Plein jour,Temps couvert,4,Bidirectionnelle,2.0,Plat,1.0,0.0,70.0,Normale,0.0,Sur chaussée,Blessé léger,Féminin,53.0,Domicile - travail,3,9,1.0,0.0,1.0,1.0,200900054504B01,7,24,1.0,Cohérente,Non cohérentes
1287,200900054507,2009-10-20,2009,octobre,mardi,16:35,33,33063,0.0,0.0,En agglomération,Intersection en X,7.0,Plein jour,Normale,4,A sens unique,1.0,Plat,3.0,0.0,22.0,Normale,0.0,Sur chaussée,Blessé léger,Féminin,58.0,Non renseigné,3,9,0.0,0.0,1.0,2.0,200900054507A01,,,,Cohérente,Non cohérentes
1288,200900054599,2009-10-30,2009,octobre,vendredi,19:30,33,33063,0.0,0.0,En agglomération,Hors intersection,3.0,Nuit avec éclairage public allumé,Normale,4,Bidirectionnelle,2.0,Plat,1.0,0.0,100.0,Normale,0.0,Sur chaussée,Blessé léger,Féminin,16.0,Non renseigné,3,9,0.0,2.0,0.0,18.0,200900054599B01,7,13,1.0,Cohérente,Non cohérentes
1289,200900054642,2009-10-13,2009,octobre,mardi,18:50,33,33063,0.0,0.0,En agglomération,Hors intersection,3.0,Plein jour,Pluie légère,4,A sens unique,1.0,Plat,2.0,0.0,0.0,Normale,5.0,Sur chaussée,Indemne,Masculin,34.0,Non renseigné,3,4,0.0,0.0,4.0,0.0,200900054642B01,30,0,1.0,Cohérente,Non cohérentes
1290,200900060718,2009-12-27,2009,décembre,dimanche,35:5,74,74010,0.0,0.0,Hors agglomération,Giratoire,3.0,Nuit avec éclairage public allumé,Normale,4,A sens unique,2.0,Plat,1.0,0.0,0.0,Normale,0.0,Aucun,Blessé hospitalisé,Masculin,19.0,Domicile - travail,1,2,0.0,2.0,1.0,1.0,200900060718B01,7,0,1.0,Non cohérente,Non cohérentes
1291,200900061359,2009-11-21,2009,novembre,samedi,62:0,67,67482,0.0,0.0,En agglomération,Intersection en X,3.0,Nuit avec éclairage public allumé,Normale,4,Bidirectionnelle,2.0,Plat,1.0,102.0,264.0,Normale,0.0,Sur chaussée,Blessé léger,Féminin,27.0,Domicile - travail,2,9,0.0,2.0,8.0,1.0,200900061359A01,10,1,1.0,Non cohérente,Non cohérentes
1292,200900061416,2009-11-05,2009,novembre,jeudi,90:0,67,67482,0.0,0.0,En agglomération,Intersection en X,3.0,Plein jour,Normale,4,Bidirectionnelle,2.0,Plat,1.0,0.0,100.0,Normale,0.0,Sur chaussée,Blessé léger,Masculin,38.0,Non renseigné,3,9,0.0,2.0,1.0,1.0,200900061416B01,7,1,1.0,Non cohérente,Non cohérentes
1293,200900061421,2009-11-11,2009,novembre,mercredi,17:15,67,67482,0.0,0.0,En agglomération,Intersection en X,3.0,Crépuscule ou aube,Normale,4,Bidirectionnelle,2.0,Plat,1.0,0.0,70.0,Normale,0.0,Sur chaussée,Blessé léger,Masculin,54.0,Promenade - loisirs,1,2,0.0,2.0,7.0,1.0,200900061421B01,7,1,1.0,Cohérente,Non cohérentes
1294,200900065661,2009-12-08,2009,décembre,mardi,71:0,67,67482,0.0,0.0,En agglomération,Hors intersection,2.0,Crépuscule ou aube,Pluie légère,4,Bidirectionnelle,4.0,Plat,1.0,0.0,120.0,Mouillée,0.0,Sur chaussée,Blessé léger,Féminin,34.0,Domicile - travail,1,2,0.0,2.0,4.0,1.0,200900065661B01,7,1,1.0,Non cohérente,Non cohérentes
1295,200900065666,2009-12-14,2009,décembre,lundi,14:51,67,67482,0.0,0.0,En agglomération,Intersection en T,3.0,Plein jour,Normale,4,Bidirectionnelle,2.0,Plat,1.0,0.0,45.0,Normale,0.0,Sur piste cyclable,Blessé léger,Féminin,19.0,Non renseigné,3,9,0.0,2.0,1.0,1.0,200900065666B01,7,15,1.0,Cohérente,Non cohérentes
1296,200900065676,2009-12-10,2009,décembre,jeudi,74:5,67,67482,0.0,0.0,En agglomération,Intersection en T,3.0,Nuit avec éclairage public allumé,Pluie légère,4,Bidirectionnelle,2.0,Plat,1.0,0.0,65.0,Mouillée,0.0,Sur chaussée,Blessé léger,Féminin,20.0,Domicile - école,3,4,0.0,2.0,1.0,1.0,200900065676B01,14,9,1.0,Non cohérente,Non cohérentes