,Num_Acc,date,an,mois,jour,hrmn,dep,com,lat,long,agg,int,col,lum,atm,catr,circ,nbv,prof,plan,lartpc,larrout,surf,infra,situ,grav,sexe,age,trajet,secuexist,equipement,obs,obsm,choc,manv,vehiculeid,typevehicules,manoeuvehicules,numVehicules,statut_heure,statut_coord
1297,200900065677,2009-12-09,2009,décembre,mercredi,13:50,67,67482,0.0,0.0,En agglomération,Intersection en T,3.0,Plein jour,Normale,4,Bidirectionnelle,3.0,Plat,1.0,0.0,130.0,Normale,0.0,Aucun,Blessé léger,Masculin,9.0,Non renseigné,3,2,0.0,2.0,2.0,1.0,200900065677B01,7,1,1.0,Cohérente,Non cohérentes
1298,200900065680,2009-12-04,2009,décembre,vendredi,18:45,67,67482,0.0,0.0,En agglomération,Hors intersection,6.0,Nuit avec éclairage public allumé,Normale,4,A sens unique,2.0,Plat,1.0,90.0,30.0,Normale,0.0,Sur piste cyclable,Blessé léger,Féminin,58.0,Domicile - travail,2,9,0.0,2.0,1.0,5.0,200900065680B01,1,5,1.0,Cohérente,Non cohérentes
1299,200900065680,2009-12-04,2009,décembre,vendredi,18:45,67,67482,0.0,0.0,En agglomération,Hors intersection,6.0,Nuit avec éclairage public allumé,Normale,4,A sens unique,2.0,Plat,1.0,90.0,30.0,Normale,0.0,Sur piste cyclable,Indemne,Masculin,41.0,Promenade - loisirs,3,9,0.0,2.0,1.0,5.0,200900065680A01,1,5,1.0,Cohérente,Non cohérentes
1300,200900065716,2009-12-30,2009,décembre,mercredi,65:5,67,67482,0.0,0.0,En agglomération,Intersection en X,3.0,Nuit avec éclairage public allumé,Pluie légère,4,Avec voies d'affectation variable,4.0,Plat,1.0,0.0,130.0,Mouillée,0.0,Sur chaussée,Blessé léger,Masculin,46.0,Domicile - travail,1,4,0.0,2.0,8.0,19.0,200900065716B01,7,1,1.0,Non cohérente,Non cohérentes
1301,200900066583,2009-09-24,2009,septembre,jeudi,18:45,38,38185,0.0,0.0,En agglomération,Hors intersection,3.0,Plein jour,Normale,4,A sens unique,2.0,Plat,1.0,0.0,100.0,Normale,0.0,Sur piste cyclable,Blessé léger,Féminin,60.0,Non renseigné,3,9,0.0,2.0,8.0,1.0,200900066583B01,15,15,1.0,Cohérente,Non cohérentes
1302,200900066589,2009-09-27,2009,septembre,dimanche,13:25,38,38185,0.0,0.0,En agglomération,Intersection en T,3.0,Plein jour,Normale,4,A sens unique,1.0,Plat,1.0,0.0,69.0,Normale,0.0,Sur chaussée,Blessé léger,Masculin,62.0,Non renseigné,3,9,0.0,2.0,7.0,1.0,200900066589B01,7,16,1.0,Cohérente,Non cohérentes
1303,200900066590,2009-09-11,2009,septembre,vendredi,80:0,38,38185,0.0,0.0,En agglomération,Intersection en X,3.0,Plein jour,Normale,4,Bidirectionnelle,3.0,Plat,1.0,0.0,107.0,Normale,0.0,Sur chaussée,Blessé léger,Masculin,15.0,Domicile - école,2,2,0.0,2.0,1.0,15.0,200900066590B01,7,1,1.0,Non cohérente,Non cohérentes
1304,200900066632,2009-10-22,2009,octobre,jeudi,16:45,38,38185,0.0,0.0,En agglomération,Hors intersection,3.0,Plein jour,Normale,4,Bidirectionnelle,2.0,Plat,1.0,0.0,240.0,Normale,0.0,Sur chaussée,Blessé hospitalisé,Féminin,16.0,Domicile - école,2,2,0.0,2.0,8.0,19.0,200900066632B01,10,1,1.0,Cohérente,Non cohérentes
1305,200900066706,2009-11-26,2009,novembre,jeudi,20:10,38,38185,0.0,0.0,En agglomération,Intersection en T,3.0,Nuit avec éclairage public allumé,Normale,4,Bidirectionnelle,4.0,Plat,1.0,0.0,240.0,Normale,2.0,Sur chaussée,Blessé léger,Masculin,58.0,Non renseigné,3,9,0.0,2.0,1.0,0.0,200900066706B01,7,16,1.0,Cohérente,Non cohérentes
1306,200900066731,2009-12-11,2009,décembre,vendredi,14:00,38,38185,0.0,0.0,En agglomération,Intersection en X,6.0,Plein jour,Normale,4,A sens unique,3.0,Plat,1.0,0.0,110.0,Normale,0.0,Sur chaussée,Blessé hospitalisé,Masculin,31.0,Promenade - loisirs,2,2,0.0,4.0,7.0,19.0,200900066731B01,40,1,1.0,Cohérente,Non cohérentes
1307,200900066837,2009-08-12,2009,août,mercredi,18:30,38,38185,0.0,0.0,En agglomération,Intersection en X,3.0,Plein jour,Normale,4,A sens unique,1.0,Plat,1.0,0.0,50.0,Normale,0.0,Sur chaussée,Blessé léger,Masculin,37.0,Domicile - travail,3,9,0.0,2.0,1.0,1.0,200900066837B01,7,15,1.0,Cohérente,Non cohérentes
1308,200900066840,2009-08-24,2009,août,lundi,14:40,38,38185,0.0,0.0,En agglomération,Intersection en T,3.0,Plein jour,Normale,4,Bidirectionnelle,3.0,Plat,1.0,0.0,105.0,Normale,0.0,Sur chaussée,Blessé léger,Masculin,19.0,Non renseigné,3,9,0.0,2.0,1.0,1.0,200900066840A01,7,16,1.0,Cohérente,Non cohérentes
1309,200900066844,2009-08-16,2009,août,dimanche,19:10,38,38185,0.0,0.0,En agglomération,Giratoire,3.0,Plein jour,Normale,4,Bidirectionnelle,3.0,Plat,1.0,0.0,100.0,Normale,0.0,Sur chaussée,Blessé léger,Masculin,39.0,Promenade - loisirs,1,2,0.0,2.0,1.0,1.0,200900066844B01,7,9,1.0,Cohérente,Non cohérentes
1310,200900072188,2009-05-04,2009,mai,lundi,16:40,67,67482,0.0,0.0,En agglomération,Intersection en X,3.0,Plein jour,Normale,4,Bidirectionnelle,2.0,Plat,1.0,0.0,60.0,Normale,0.0,Sur piste cyclable,Blessé hospitalisé,Masculin,34.0,Courses - achats,2,2,0.0,2.0,7.0,5.0,200900072188A01,7,16,1.0,Cohérente,Non cohérentes
1311,200900072195,2009-07-23,2009,juillet,jeudi,19:45,67,67482,0.0,0.0,En agglomération,Intersection à plus de 4 branches,3.0,Plein jour,Pluie légère,4,A sens unique,1.0,Plat,-1.0,0.0,47.0,Normale,0.0,Sur chaussée,Blessé léger,Masculin,15.0,Promenade - loisirs,2,2,0.0,2.0,0.0,5.0,200900072195A01,7,23,1.0,Cohérente,Non cohérentes
1312,200900072197,2009-09-07,2009,septembre,lundi,16:30,67,67482,0.0,0.0,En agglomération,Intersection en X,6.0,Plein jour,Normale,4,Bidirectionnelle,4.0,Plat,1.0,0.0,100.0,Normale,1.0,Sur chaussée,Blessé léger,Masculin,25.0,Promenade - loisirs,3,4,0.0,2.0,7.0,11.0,200900072197A01,7,1,1.0,Cohérente,Non cohérentes
1313,200900072202,2009-10-07,2009,octobre,mercredi,18:15,67,67482,0.0,0.0,En agglomération,Hors intersection,1.0,Crépuscule ou aube,Normale,4,A sens unique,1.0,Plat,1.0,0.0,30.0,Normale,0.0,Sur piste cyclable,Blessé léger,Féminin,58.0,Promenade - loisirs,1,9,0.0,2.0,1.0,5.0,200900072202A01,1,1,1.0,Cohérente,Non cohérentes
1314,200900072202,2009-10-07,2009,octobre,mercredi,18:15,67,67482,0.0,0.0,En agglomération,Hors intersection,1.0,Crépuscule ou aube,Normale,4,A sens unique,1.0,Plat,1.0,0.0,30.0,Normale,0.0,Sur piste cyclable,Blessé léger,Masculin,27.0,Domicile - travail,1,9,0.0,2.0,1.0,1.0,200900072202B01,1,5,1.0,Cohérente,Non cohérentes
1315,200900072204,2009-10-30,2009,octobre,vendredi,19:30,67,67482,0.0,0.0,En agglomération,Intersection en T,6.0,Nuit avec éclairage public allumé,Normale,4,Bidirectionnelle,3.0,Plat,1.0,0.0,90.0,Normale,0.0,Sur chaussée,Blessé hospitalisé,Féminin,30.0,Promenade - loisirs,2,2,1.0,0.0,1.0,1.0,200900072204B01,7/ 10,1/22,2.0,Cohérente,Non cohérentes
1316,200900072206,2009-12-02,2009,décembre,mercredi,13:55,67,67482,0.0,0.0,En agglomération,Intersection en X,3.0,Plein jour,Normale,4,Bidirectionnelle,2.0,Plat,1.0,0.0,72.0,Normale,0.0,Sur chaussée,Blessé léger,Masculin,59.0,Promenade - loisirs,3,9,0.0,2.0,7.0,1.0,200900072206B01,7,1,1.0,Cohérente,Non cohérentes
1317,201000028722,2010-01-15,2010,janvier,vendredi,17:15,33,33063,0.0,0.0,En agglomération,Intersection en X,1.0,Plein jour,Normale,4,A sens unique,2.0,Plat,-1.0,0.0,70.0,Normale,0.0,Sur chaussée,Indemne,Masculin,35.0,Non renseigné,3,9,0.0,2.0,1.0,2.0,201000028722B01,2,2,1.0,Cohérente,Non cohérentes
1318,201000028727,2010-01-18,2010,janvier,lundi,15:40,33,33063,0.0,0.0,En agglomération,Intersection en T,3.0,Plein jour,Normale,4,Bidirectionnelle,4.0,Plat,1.0,0.0,56.0,Normale,0.0,Sur chaussée,Blessé léger,Masculin,44.0,Non renseigné,3,9,0.0,2.0,1.0,2.0,201000028727B01,7,2,1.0,Cohérente,Non cohérentes
1319,201000028798,2010-02-04,2010,février,jeudi,85:0,33,33063,0.0,0.0,En agglomération,Giratoire,3.0,Plein jour,Normale,4,A sens unique,1.0,Plat,1.0,0.0,0.0,Normale,0.0,Sur chaussée,Blessé léger,Féminin,20.0,Non renseigné,3,9,0.0,2.0,8.0,15.0,201000028798A01,7,15,1.0,Non cohérente,Non cohérentes
1320,201000028814,2010-02-07,2010,février,dimanche,17:30,33,33063,0.0,0.0,En agglomération,Intersection en X,3.0,Plein jour,Normale,4,A sens unique,1.0,Plat,1.0,0.0,0.0,Normale,0.0,Sur chaussée,Blessé léger,Masculin,33.0,Non renseigné,3,9,0.0,2.0,1.0,1.0,201000028814B01,7,16,1.0,Cohérente,Non cohérentes
1321,201000028822,2010-02-12,2010,février,vendredi,11:20,33,33063,0.0,0.0,En agglomération,Hors intersection,6.0,Plein jour,Normale,4,Bidirectionnelle,2.0,Plat,1.0,0.0,60.0,Normale,0.0,Sur chaussée,Blessé léger,Féminin,67.0,Non renseigné,3,9,0.0,2.0,9.0,1.0,201000028822A01,,,,Cohérente,Non cohérentes
1322,201000028827,2010-02-15,2010,février,lundi,18:10,33,33063,0.0,0.0,En agglomération,Intersection en X,5.0,Plein jour,Normale,4,Bidirectionnelle,4.0,Plat,1.0,0.0,60.0,Normale,0.0,Sur chaussée,Blessé hospitalisé,Féminin,58.0,Non renseigné,3,4,0.0,2.0,1.0,1.0,201000028827B01,7/ 33,1,2.0,Cohérente,Non cohérentes
1323,201000028830,2010-02-16,2010,février,mardi,17:00,33,33063,0.0,0.0,En agglomération,Hors intersection,1.0,Plein jour,Normale,4,Bidirectionnelle,2.0,Plat,1.0,0.0,0.0,Normale,0.0,Sur chaussée,Blessé léger,Masculin,36.0,Non renseigné,3,9,0.0,2.0,1.0,1.0,201000028830B01,7,0,1.0,Cohérente,Non cohérentes
1324,201000028840,2010-02-18,2010,février,jeudi,93:0,33,33063,0.0,0.0,En agglomération,Intersection en Y,3.0,Plein jour,Normale,4,Bidirectionnelle,2.0,Plat,1.0,0.0,0.0,Normale,0.0,Sur chaussée,Blessé léger,Féminin,16.0,Non renseigné,3,9,0.0,2.0,2.0,1.0,201000028840B01,7,15,1.0,Non cohérente,Non cohérentes
1325,201000028845,2010-02-20,2010,février,samedi,40:2,33,33063,0.0,0.0,En agglomération,Hors intersection,3.0,Nuit avec éclairage public allumé,Pluie légère,4,A chaussées séparées,4.0,Plat,1.0,40.0,57.0,Mouillée,6.0,Sur chaussée,Blessé hospitalisé,Masculin,24.0,Autre,3,4,0.0,2.0,0.0,1.0,201000028845B01,7,1,1.0,Non cohérente,Non cohérentes
1326,201000028858,2010-02-25,2010,février,jeudi,93:0,33,33063,0.0,0.0,En agglomération,Intersection en X,3.0,Plein jour,Normale,4,Bidirectionnelle,2.0,Plat,1.0,0.0,0.0,Normale,0.0,Sur chaussée,Blessé léger,Masculin,49.0,Utilisation professionnelle,1,9,0.0,2.0,1.0,1.0,201000028858B01,7,16,1.0,Non cohérente,Non cohérentes
1327,201000028870,2010-03-07,2010,mars,dimanche,5:,33,33063,0.0,0.0,En agglomération,Hors intersection,6.0,Nuit avec éclairage public allumé,Normale,4,Bidirectionnelle,2.0,Plat,1.0,0.0,0.0,Normale,0.0,Sur piste cyclable,Indemne,Masculin,50.0,Autre,3,9,0.0,1.0,1.0,1.0,201000028870A01,,,,Non cohérente,Non cohérentes
1328,201000028870,2010-03-07,2010,mars,dimanche,5:,33,33063,0.0,0.0,En agglomération,Hors intersection,6.0,Nuit avec éclairage public allumé,Normale,4,Bidirectionnelle,2.0,Plat,1.0,0.0,0.0,Normale,0.0,Sur piste cyclable,Blessé léger,Féminin,17.0,Autre,3,8,0.0,1.0,1.0,1.0,201000028870A01,,,,Non cohérente,Non cohérentes
1329,201000028880,2010-03-09,2010,mars,mardi,18:00,33,33063,0.0,0.0,En agglomération,Hors intersection,6.0,Plein jour,Normale,4,Bidirectionnelle,2.0,Plat,1.0,0.0,0.0,Normale,0.0,Sur chaussée,Blessé léger,Féminin,15.0,Autre,3,9,0.0,0.0,2.0,1.0,201000028880A01,7,1,1.0,Cohérente,Non cohérentes
1330,201000028892,2010-03-10,2010,mars,mercredi,17:38,33,33063,0.0,0.0,En agglomération,Hors intersection,2.0,Plein jour,Temps couvert,4,Non renseigné,2.0,Pente,1.0,0.0,0.0,Normale,0.0,Sur chaussée,Blessé léger,Masculin,17.0,Promenade - loisirs,1,9,0.0,2.0,1.0,2.0,201000028892A01,10,23,1.0,Cohérente,Non cohérentes
1331,201000028907,2010-03-13,2010,mars,samedi,14:40,33,33063,0.0,0.0,En agglomération,Intersection à plus de 4 branches,3.0,Plein jour,Normale,4,Bidirectionnelle,3.0,Plat,1.0,0.0,102.0,Normale,4.0,Sur chaussée,Blessé hospitalisé,Masculin,49.0,Promenade - loisirs,3,9,0.0,0.0,1.0,1.0,201000028907B01,1,1,1.0,Cohérente,Non cohérentes
1332,201000028907,2010-03-13,2010,mars,samedi,14:40,33,33063,0.0,0.0,En agglomération,Intersection à plus de 4 branches,3.0,Plein jour,Normale,4,Bidirectionnelle,3.0,Plat,1.0,0.0,102.0,Normale,4.0,Sur chaussée,Indemne,Masculin,24.0,Promenade - loisirs,3,9,0.0,2.0,7.0,1.0,201000028907A01,1,1,1.0,Cohérente,Non cohérentes
1333,201000028913,2010-03-15,2010,mars,lundi,18:15,33,33063,0.0,0.0,En agglomération,Intersection en T,3.0,Plein jour,Normale,4,A sens unique,1.0,Plat,1.0,0.0,0.0,Normale,4.0,Sur chaussée,Tué,Masculin,58.0,Autre,3,9,0.0,0.0,3.0,1.0,201000028913A01,40,1,1.0,Cohérente,Non cohérentes
1334,201000028915,2010-03-16,2010,mars,mardi,91:0,33,33063,0.0,0.0,En agglomération,Hors intersection,3.0,Plein jour,Normale,4,A sens unique,1.0,Plat,1.0,0.0,0.0,Normale,0.0,Sur chaussée,Blessé léger,Féminin,34.0,Domicile - travail,3,9,1.0,2.0,1.0,1.0,201000028915B01,7,22,1.0,Non cohérente,Non cohérentes
1335,201000028924,2010-03-17,2010,mars,mercredi,72:5,33,33063,0.0,0.0,En agglomération,Hors intersection,3.0,Plein jour,Normale,4,Bidirectionnelle,2.0,Plat,1.0,0.0,65.0,Normale,0.0,Sur chaussée,Blessé léger,Masculin,34.0,Autre,3,9,0.0,2.0,1.0,1.0,201000028924B01,7,15,1.0,Non cohérente,Non cohérentes
1336,201000028949,2010-03-25,2010,mars,jeudi,10:35,33,33063,0.0,0.0,En agglomération,Intersection en T,2.0,Plein jour,Normale,4,Bidirectionnelle,2.0,Plat,1.0,0.0,0.0,Normale,0.0,Sur chaussée,Blessé léger,Féminin,54.0,Utilisation professionnelle,3,9,0.0,2.0,1.0,1.0,201000028949A01,7,23,1.0,Cohérente,Non cohérentes
1337,201000028984,2010-04-06,2010,avril,mardi,16:25,33,33063,0.0,0.0,En agglomération,Hors intersection,6.0,Plein jour,Normale,4,Bidirectionnelle,4.0,Plat,1.0,10.0,24.0,Normale,0.0,Sur chaussée,Blessé léger,Masculin,50.0,Autre,3,9,0.0,2.0,1.0,1.0,201000028984B01,7,24,1.0,Cohérente,Non cohérentes
1338,201000028986,2010-04-07,2010,avril,mercredi,12:10,33,33063,0.0,0.0,En agglomération,Intersection en X,3.0,Plein jour,Pluie légère,4,A chaussées séparées,7.0,Plat,1.0,0.0,65.0,Mouillée,0.0,Sur chaussée,Blessé léger,Masculin,15.0,Non renseigné,3,9,0.0,2.0,1.0,1.0,201000028986A01,37,1,1.0,Cohérente,Non cohérentes
1339,201000028996,2010-04-11,2010,avril,dimanche,11:20,33,33063,0.0,0.0,En agglomération,Intersection en X,3.0,Plein jour,Normale,4,Bidirectionnelle,0.0,Plat,1.0,0.0,0.0,Normale,0.0,Sur chaussée,Blessé léger,Féminin,66.0,Non renseigné,3,9,0.0,2.0,1.0,1.0,201000028996A01,7,1,1.0,Cohérente,Non cohérentes
1340,201000028998,2010-04-11,2010,avril,dimanche,17:00,33,33063,0.0,0.0,En agglomération,Intersection en X,2.0,Plein jour,Normale,4,Bidirectionnelle,2.0,Plat,1.0,0.0,0.0,Normale,0.0,Sur chaussée,Blessé hospitalisé,Féminin,42.0,Promenade - loisirs,2,2,0.0,2.0,4.0,23.0,201000028998B01,33,1,1.0,Cohérente,Non cohérentes
1341,201000029001,2010-04-11,2010,avril,dimanche,18:00,33,33063,0.0,0.0,En agglomération,Intersection à plus de 4 branches,3.0,Plein jour,Normale,4,A chaussées séparées,0.0,Plat,2.0,0.0,92.0,Normale,0.0,Sur chaussée,Blessé léger,Masculin,16.0,Non renseigné,3,9,0.0,2.0,1.0,15.0,201000029001A01,40,1,1.0,Cohérente,Non cohérentes
1342,201000029015,2010-04-15,2010,avril,jeudi,20:15,33,33063,0.0,0.0,En agglomération,Hors intersection,3.0,Crépuscule ou aube,Normale,4,A sens unique,0.0,Plat,1.0,0.0,0.0,Normale,0.0,Sur chaussée,Blessé léger,Masculin,38.0,Non renseigné,3,9,0.0,2.0,0.0,1.0,201000029015A01,7,1,1.0,Cohérente,Non cohérentes
1343,201000029030,2010-04-11,2010,avril,dimanche,20:00,33,33063,0.0,0.0,En agglomération,Hors intersection,3.0,Plein jour,Normale,4,Bidirectionnelle,2.0,Plat,1.0,0.0,50.0,Normale,0.0,Sur chaussée,Blessé léger,Féminin,13.0,Promenade - loisirs,2,9,0.0,2.0,0.0,13.0,201000029030A01,7,1,1.0,Cohérente,Non cohérentes
1344,201000029057,2010-04-24,2010,avril,samedi,11:45,33,33063,0.0,0.0,En agglomération,Intersection à plus de 4 branches,3.0,Plein jour,Normale,4,A chaussées séparées,2.0,Plat,1.0,0.0,0.0,Normale,0.0,Sur chaussée,Blessé léger,Masculin,36.0,Non renseigné,3,9,0.0,2.0,1.0,1.0,201000029057B01,7,1,1.0,Cohérente,Non cohérentes
1345,201000029061,2010-04-27,2010,avril,mardi,12:30,33,33063,0.0,0.0,En agglomération,Intersection en X,3.0,Plein jour,Normale,4,A sens unique,1.0,Plat,1.0,0.0,0.0,Normale,0.0,Sur chaussée,Blessé hospitalisé,Féminin,24.0,Non renseigné,3,9,0.0,2.0,1.0,1.0,201000029061A01,7,1,1.0,Cohérente,Non cohérentes
1346,201000029076,2010-04-30,2010,avril,vendredi,74:5,33,33063,0.0,0.0,En agglomération,Giratoire,3.0,Plein jour,Normale,4,A sens unique,1.0,Plat,1.0,0.0,0.0,Normale,2.0,Sur chaussée,Blessé léger,Féminin,27.0,Domicile - travail,3,2,0.0,2.0,1.0,1.0,201000029076B01,7,1,1.0,Non cohérente,Non cohérentes
1347,201000029112,2010-05-15,2010,mai,samedi,23:20,33,33063,0.0,0.0,En agglomération,Intersection en T,1.0,Nuit avec éclairage public allumé,Normale,4,Bidirectionnelle,1.0,Plat,1.0,0.0,0.0,Normale,0.0,Sur chaussée,Blessé léger,Masculin,21.0,Non renseigné,3,2,0.0,2.0,1.0,0.0,201000029112A01,7,1,1.0,Cohérente,Non cohérentes
1348,201000029132,2010-05-20,2010,mai,jeudi,85:0,33,33063,0.0,0.0,En agglomération,Intersection en T,1.0,Plein jour,Normale,4,A chaussées séparées,2.0,Plat,1.0,0.0,0.0,Normale,0.0,Sur chaussée,Blessé léger,Féminin,23.0,Non renseigné,3,2,0.0,2.0,1.0,0.0,201000029132A01,7,0,1.0,Non cohérente,Non cohérentes
1349,201000029139,2010-05-22,2010,mai,samedi,20:0,33,33063,0.0,0.0,En agglomération,Intersection en X,3.0,Nuit avec éclairage public allumé,Normale,4,Bidirectionnelle,1.0,Plat,1.0,0.0,0.0,Normale,0.0,Sur chaussée,Blessé hospitalisé,Féminin,31.0,Non renseigné,3,9,0.0,2.0,1.0,1.0,201000029139B01,7,1,1.0,Cohérente,Non cohérentes
1350,201000029145,2010-05-19,2010,mai,mercredi,85:3,33,33063,0.0,0.0,En agglomération,Hors intersection,2.0,Plein jour,Normale,4,A chaussées séparées,2.0,Plat,1.0,0.0,60.0,Normale,0.0,Sur chaussée,Blessé léger,Féminin,26.0,Domicile - travail,3,9,0.0,2.0,0.0,1.0,201000029145B01,7,24,1.0,Non cohérente,Non cohérentes
1351,201000029146,2010-05-25,2010,mai,mardi,15:35,33,33063,0.0,0.0,En agglomération,Hors intersection,3.0,Plein jour,Normale,4,Bidirectionnelle,2.0,Plat,1.0,0.0,0.0,Normale,0.0,Sur chaussée,Blessé léger,Féminin,87.0,Non renseigné,3,9,0.0,2.0,7.0,1.0,201000029146A01,40,2,1.0,Cohérente,Non cohérentes
1352,201000029149,2010-05-20,2010,mai,jeudi,22:40,33,33063,0.0,0.0,En agglomération,Hors intersection,7.0,Nuit avec éclairage public allumé,Normale,4,A chaussées séparées,4.0,Plat,1.0,0.0,0.0,Normale,0.0,Sur chaussée,Blessé hospitalisé,Masculin,21.0,Non renseigné,3,9,0.0,0.0,0.0,0.0,201000029149A01,,,,Cohérente,Non cohérentes
1353,201000029152,2010-05-26,2010,mai,mercredi,16:30,33,33063,0.0,0.0,En agglomération,Hors intersection,2.0,Plein jour,Normale,4,Bidirectionnelle,5.0,Plat,-1.0,0.0,125.0,Normale,0.0,Sur chaussée,Blessé léger,Masculin,23.0,Non renseigné,3,9,0.0,2.0,4.0,1.0,201000029152A01,7,1,1.0,Cohérente,Non cohérentes
1354,201000029155,2010-05-27,2010,mai,jeudi,13:40,33,33063,0.0,0.0,En agglomération,Intersection en X,3.0,Plein jour,Normale,4,A chaussées séparées,2.0,Plat,1.0,0.0,0.0,Normale,0.0,Sur chaussée,Blessé hospitalisé,Masculin,60.0,Non renseigné,3,9,0.0,2.0,1.0,0.0,201000029155A01,7,1,1.0,Cohérente,Non cohérentes
1355,201000029157,2010-05-27,2010,mai,jeudi,90:5,33,33063,0.0,0.0,En agglomération,Hors intersection,3.0,Plein jour,Normale,4,Bidirectionnelle,2.0,Plat,1.0,0.0,40.0,Autre,0.0,Sur chaussée,Blessé léger,Masculin,33.0,Non renseigné,3,9,0.0,0.0,3.0,1.0,201000029157B01,7,17,1.0,Non cohérente,Non cohérentes
1356,201000029178,2010-06-01,2010,juin,mardi,18:45,33,33063,0.0,0.0,En agglomération,Intersection en X,3.0,Plein jour,Normale,4,Bidirectionnelle,2.0,Pente,1.0,0.0,0.0,Normale,0.0,Sur chaussée,Blessé hospitalisé,Féminin,57.0,Non renseigné,3,9,0.0,2.0,8.0,1.0,201000029178A01,7,1,1.0,Cohérente,Non cohérentes
1357,201000029185,2010-06-07,2010,juin,lundi,15:57,33,33063,0.0,0.0,En agglomération,Intersection en T,5.0,Plein jour,Normale,4,A sens unique,2.0,Plat,1.0,0.0,108.0,Normale,0.0,Sur chaussée,Blessé léger,Féminin,21.0,Promenade - loisirs,3,9,1.0,2.0,6.0,1.0,201000029185B01,10/ 37,0/17,2.0,Cohérente,Non cohérentes
1358,201000029187,2010-06-07,2010,juin,lundi,14:05,33,33063,0.0,0.0,En agglomération,Intersection en X,3.0,Plein jour,Normale,4,A chaussées séparées,5.0,Plat,-1.0,0.0,0.0,Normale,4.0,Sur chaussée,Blessé léger,Féminin,28.0,Non renseigné,3,4,0.0,2.0,1.0,19.0,201000029187A01,7,2,1.0,Cohérente,Non cohérentes
1359,201000029212,2010-06-12,2010,juin,samedi,19:45,33,33063,0.0,0.0,En agglomération,Intersection en Y,3.0,Plein jour,Normale,4,Bidirectionnelle,1.0,Plat,1.0,0.0,0.0,Normale,0.0,Sur chaussée,Blessé léger,Masculin,16.0,Autre,3,9,0.0,2.0,8.0,0.0,201000029212B01,7,1,1.0,Cohérente,Non cohérentes
1360,201000029228,2010-06-17,2010,juin,jeudi,16:25,33,33063,0.0,0.0,En agglomération,Intersection en Y,6.0,Plein jour,Normale,4,Non renseigné,1.0,Plat,1.0,0.0,0.0,Normale,0.0,Sur chaussée,Indemne,Masculin,41.0,Non renseigné,3,9,0.0,1.0,1.0,1.0,201000029228A01,,,,Cohérente,Non cohérentes
1361,201000029240,2010-06-21,2010,juin,lundi,92:0,33,33063,0.0,0.0,En agglomération,Intersection en Y,3.0,Plein jour,Normale,4,A chaussées séparées,4.0,Plat,1.0,0.0,0.0,Normale,0.0,Sur chaussée,Blessé hospitalisé,Masculin,64.0,Non renseigné,3,2,0.0,2.0,1.0,1.0,201000029240B01,10,15,1.0,Non cohérente,Non cohérentes
1362,201000029245,2010-06-22,2010,juin,mardi,84:5,33,33063,0.0,0.0,En agglomération,Hors intersection,3.0,Plein jour,Normale,4,Bidirectionnelle,1.0,Plat,2.0,0.0,0.0,Autre,0.0,Sur chaussée,Blessé léger,Masculin,56.0,Domicile - travail,3,4,0.0,2.0,2.0,13.0,201000029245B01,7,1,1.0,Non cohérente,Non cohérentes
1363,201000029253,2010-06-24,2010,juin,jeudi,18:08,33,33063,0.0,0.0,En agglomération,Intersection en Y,3.0,Plein jour,Normale,4,Bidirectionnelle,2.0,Plat,1.0,0.0,0.0,Normale,0.0,Sur chaussée,Blessé léger,Masculin,36.0,Non renseigné,3,9,0.0,2.0,8.0,1.0,201000029253B01,7,16,1.0,Cohérente,Non cohérentes
1364,201000029262,2010-06-25,2010,juin,vendredi,85:0,33,33063,0.0,0.0,En agglomération,Intersection en T,3.0,Plein jour,Normale,4,A sens unique,1.0,Plat,1.0,0.0,0.0,Normale,0.0,Sur chaussée,Blessé léger,Masculin,41.0,Non renseigné,3,9,0.0,2.0,1.0,15.0,201000029262B01,7,1,1.0,Non cohérente,Non cohérentes
1365,201000029280,2010-07-01,2010,juillet,jeudi,13:50,33,33063,0.0,0.0,En agglomération,Hors intersection,3.0,Plein jour,Normale,4,Bidirectionnelle,2.0,Plat,1.0,0.0,0.0,Normale,0.0,Sur chaussée,Blessé léger,Masculin,32.0,Domicile - travail,3,4,0.0,2.0,1.0,1.0,201000029280B01,10,15,1.0,Cohérente,Non cohérentes
1366,201000029285,2010-07-04,2010,juillet,dimanche,18:00,33,33063,0.0,0.0,En agglomération,Hors intersection,3.0,Plein jour,Normale,4,Bidirectionnelle,6.0,Plat,1.0,0.0,0.0,Normale,4.0,Sur chaussée,Blessé léger,Masculin,15.0,Non renseigné,3,4,0.0,4.0,8.0,19.0,201000029285B01,40,1,1.0,Cohérente,Non cohérentes
1367,201000029320,2010-07-10,2010,juillet,samedi,94:0,33,33063,0.0,0.0,En agglomération,Hors intersection,6.0,Plein jour,Normale,4,A chaussées séparées,2.0,Plat,1.0,0.0,0.0,Normale,0.0,Sur chaussée,Blessé hospitalisé,Masculin,77.0,Non renseigné,3,9,0.0,2.0,1.0,1.0,201000029320B01,7,1,1.0,Non cohérente,Non cohérentes
1368,201000029324,2010-07-11,2010,juillet,dimanche,11:40,33,33063,0.0,0.0,En agglomération,Intersection en X,3.0,Plein jour,Normale,4,A chaussées séparées,5.0,Plat,1.0,0.0,0.0,Normale,0.0,Sur chaussée,Blessé léger,Féminin,72.0,Non renseigné,3,9,0.0,2.0,4.0,1.0,201000029324B01,3,16,1.0,Cohérente,Non cohérentes