,Num_Acc,date,an,mois,jour,hrmn,dep,com,lat,long,agg,int,col,lum,atm,catr,circ,nbv,prof,plan,lartpc,larrout,surf,infra,situ,grav,sexe,age,trajet,secuexist,equipement,obs,obsm,choc,manv,vehiculeid,typevehicules,manoeuvehicules,numVehicules,statut_heure,statut_coord
1369,201000029341,2010-07-20,2010,juillet,mardi,22:10,33,33063,0.0,0.0,En agglomération,Intersection à plus de 4 branches,3.0,Crépuscule ou aube,Normale,4,A chaussées séparées,4.0,Non renseigné,1.0,0.0,0.0,Normale,0.0,Sur chaussée,Blessé léger,Féminin,36.0,Non renseigné,3,9,0.0,2.0,1.0,1.0,201000029341B01,7,1,1.0,Cohérente,Non cohérentes
1370,201000029361,2010-07-23,2010,juillet,vendredi,16:35,33,33063,0.0,0.0,En agglomération,Intersection en X,3.0,Plein jour,Normale,4,A sens unique,1.0,Plat,1.0,0.0,0.0,Normale,0.0,Sur chaussée,Blessé léger,Masculin,24.0,Non renseigné,3,9,0.0,2.0,1.0,1.0,201000029361A01,7,1,1.0,Cohérente,Non cohérentes
1371,201000029365,2010-07-21,2010,juillet,mercredi,16:45,33,33063,0.0,0.0,En agglomération,Hors intersection,6.0,Plein jour,Normale,4,A sens unique,1.0,Plat,3.0,0.0,59.0,Normale,0.0,Sur chaussée,Blessé léger,Masculin,33.0,Utilisation professionnelle,1,4,1.0,0.0,1.0,1.0,201000029365B01,7,22,1.0,Cohérente,Non cohérentes
1372,201000029368,2010-07-29,2010,juillet,jeudi,16:25,33,33063,0.0,0.0,En agglomération,Hors intersection,7.0,Plein jour,Normale,4,A sens unique,1.0,Plat,1.0,0.0,51.0,Normale,0.0,Sur chaussée,Blessé hospitalisé,Masculin,52.0,Non renseigné,3,9,6.0,0.0,0.0,0.0,201000029368A01,,,,Cohérente,Non cohérentes
1373,201000029397,2010-08-09,2010,août,lundi,18:20,33,33063,0.0,0.0,En agglomération,Hors intersection,6.0,Plein jour,Normale,4,A sens unique,3.0,Plat,-1.0,0.0,0.0,Normale,0.0,Sur chaussée,Blessé léger,Masculin,36.0,Promenade - loisirs,3,9,0.0,1.0,1.0,0.0,201000029397A01,,,,Cohérente,Non cohérentes
1374,201000029397,2010-08-09,2010,août,lundi,18:20,33,33063,0.0,0.0,En agglomération,Hors intersection,6.0,Plein jour,Normale,4,A sens unique,3.0,Plat,-1.0,0.0,0.0,Normale,0.0,Sur chaussée,Blessé léger,Féminin,12.0,Non renseigné,3,9,0.0,1.0,1.0,0.0,201000029397A01,,,,Cohérente,Non cohérentes
1375,201000029401,2010-08-11,2010,août,mercredi,45:,33,33063,0.0,0.0,En agglomération,Hors intersection,7.0,Nuit avec éclairage public allumé,Normale,4,A sens unique,1.0,Plat,1.0,0.0,0.0,Normale,0.0,Aucun,Blessé hospitalisé,Masculin,26.0,Promenade - loisirs,3,9,0.0,0.0,0.0,0.0,201000029401A01,,,,Non cohérente,Non cohérentes
1376,201000029406,2010-08-12,2010,août,jeudi,11:15,33,33063,0.0,0.0,En agglomération,Intersection en X,3.0,Plein jour,Normale,4,A sens unique,2.0,Plat,1.0,0.0,0.0,Normale,0.0,Sur chaussée,Indemne,Masculin,41.0,Utilisation professionnelle,1,2,0.0,2.0,8.0,0.0,201000029406B01,14,16,1.0,Cohérente,Non cohérentes
1377,201000029416,2010-08-17,2010,août,mardi,12:25,33,33063,0.0,0.0,En agglomération,Intersection en T,3.0,Plein jour,Normale,4,Bidirectionnelle,2.0,Plat,1.0,0.0,0.0,Normale,0.0,Sur chaussée,Blessé léger,Féminin,33.0,Non renseigné,3,9,0.0,2.0,1.0,6.0,201000029416A01,37,2,1.0,Cohérente,Non cohérentes
1378,201000029417,2010-08-19,2010,août,jeudi,10:,33,33063,0.0,0.0,En agglomération,Hors intersection,6.0,Nuit avec éclairage public non allumé,Normale,4,Bidirectionnelle,2.0,Plat,1.0,0.0,97.0,Normale,0.0,Sur chaussée,Blessé hospitalisé,Féminin,44.0,Non renseigné,3,4,1.0,0.0,0.0,14.0,201000029417A01,,,,Non cohérente,Non cohérentes
1379,201000029447,2010-08-31,2010,août,mardi,22:30,33,33063,0.0,0.0,En agglomération,Intersection en X,3.0,Nuit avec éclairage public allumé,Normale,4,A chaussées séparées,1.0,Plat,1.0,0.0,65.0,Normale,6.0,Sur chaussée,Blessé léger,Masculin,29.0,Promenade - loisirs,3,9,0.0,4.0,1.0,1.0,201000029447A01,40,1,1.0,Cohérente,Non cohérentes
1380,201000029498,2010-09-11,2010,septembre,samedi,18:55,33,33063,0.0,0.0,En agglomération,Intersection en X,3.0,Plein jour,Normale,4,A sens unique,2.0,Plat,1.0,0.0,0.0,Normale,0.0,Sur chaussée,Blessé léger,Masculin,52.0,Non renseigné,3,9,0.0,2.0,1.0,1.0,201000029498A01,33,1,1.0,Cohérente,Non cohérentes
1381,201000029501,2010-09-13,2010,septembre,lundi,81:5,33,33063,0.0,0.0,En agglomération,Intersection en X,6.0,Plein jour,Normale,4,A chaussées séparées,4.0,Plat,1.0,0.0,0.0,Normale,0.0,Sur chaussée,Indemne,Masculin,23.0,Domicile - travail,3,9,0.0,1.0,1.0,1.0,201000029501A01,,,,Non cohérente,Non cohérentes
1382,201000029519,2010-09-15,2010,septembre,mercredi,16:20,33,33063,0.0,0.0,En agglomération,Intersection en T,3.0,Plein jour,Normale,4,A sens unique,1.0,Plat,1.0,0.0,0.0,Normale,5.0,Aucun,Blessé léger,Masculin,41.0,Promenade - loisirs,1,2,0.0,2.0,0.0,1.0,201000029519B01,7,15,1.0,Cohérente,Non cohérentes
1383,201000029541,2010-09-17,2010,septembre,vendredi,20:10,33,33063,0.0,0.0,En agglomération,Hors intersection,3.0,Crépuscule ou aube,Normale,4,A chaussées séparées,5.0,Plat,1.0,0.0,0.0,Normale,0.0,Sur chaussée,Blessé hospitalisé,Masculin,16.0,Non renseigné,3,9,0.0,0.0,4.0,13.0,201000029541B01,7,1,1.0,Cohérente,Non cohérentes
1384,201000029545,2010-09-17,2010,septembre,vendredi,84:0,33,33063,0.0,0.0,En agglomération,Giratoire,3.0,Plein jour,Normale,4,A chaussées séparées,4.0,Plat,1.0,0.0,0.0,Normale,5.0,Sur piste cyclable,Blessé léger,Féminin,30.0,Non renseigné,3,9,0.0,0.0,0.0,1.0,201000029545B01,2,1,1.0,Non cohérente,Non cohérentes
1385,201000029575,2010-10-02,2010,octobre,samedi,13:30,33,33063,0.0,0.0,En agglomération,Hors intersection,2.0,Plein jour,Normale,4,A chaussées séparées,4.0,Plat,1.0,0.0,0.0,Normale,0.0,Sur chaussée,Blessé léger,Féminin,55.0,Non renseigné,3,9,0.0,2.0,1.0,1.0,201000029575B01,10,4,1.0,Cohérente,Non cohérentes
1386,201000029591,2010-10-05,2010,octobre,mardi,71:5,33,33063,0.0,0.0,En agglomération,Hors intersection,3.0,Crépuscule ou aube,Normale,4,Bidirectionnelle,2.0,Plat,1.0,0.0,60.0,Normale,0.0,Sur chaussée,Blessé hospitalisé,Masculin,46.0,Non renseigné,3,2,0.0,2.0,1.0,1.0,201000029591B01,7,10,1.0,Non cohérente,Non cohérentes
1387,201000029594,2010-10-06,2010,octobre,mercredi,16:00,33,33063,0.0,0.0,En agglomération,Intersection en T,3.0,Plein jour,Normale,4,Avec voies d'affectation variable,3.0,Plat,3.0,0.0,0.0,Normale,0.0,Sur chaussée,Blessé hospitalisé,Féminin,70.0,Non renseigné,3,4,0.0,2.0,1.0,1.0,201000029594B01,7,16,1.0,Cohérente,Non cohérentes
1388,201000029606,2010-10-07,2010,octobre,jeudi,15:25,33,33063,0.0,0.0,En agglomération,Intersection en X,3.0,Plein jour,Normale,4,A chaussées séparées,4.0,Plat,1.0,0.0,0.0,Normale,5.0,Aucun,Blessé léger,Féminin,14.0,Domicile - école,3,9,0.0,0.0,2.0,19.0,201000029606B01,7,16,1.0,Cohérente,Non cohérentes
1389,201000029613,2010-10-08,2010,octobre,vendredi,17:55,33,33063,0.0,0.0,En agglomération,Giratoire,3.0,Plein jour,Normale,4,Bidirectionnelle,2.0,Plat,1.0,0.0,0.0,Normale,5.0,Sur chaussée,Blessé léger,Masculin,92.0,Non renseigné,3,9,0.0,2.0,1.0,1.0,201000029613B01,7,1,1.0,Cohérente,Non cohérentes
1390,201000029624,2010-10-12,2010,octobre,mardi,14:28,33,33063,0.0,0.0,En agglomération,Intersection en X,3.0,Plein jour,Normale,4,A sens unique,2.0,Plat,1.0,0.0,70.0,Normale,4.0,Aucun,Blessé hospitalisé,Masculin,28.0,Promenade - loisirs,2,2,0.0,2.0,1.0,19.0,201000029624A01,2,1,1.0,Cohérente,Non cohérentes
1391,201000029645,2010-10-16,2010,octobre,samedi,15:50,33,33063,0.0,0.0,En agglomération,Hors intersection,3.0,Plein jour,Normale,4,Bidirectionnelle,2.0,Plat,-1.0,0.0,0.0,Normale,0.0,Sur chaussée,Blessé léger,Masculin,44.0,Non renseigné,3,9,0.0,2.0,1.0,1.0,201000029645B01,7,23,1.0,Cohérente,Non cohérentes
1392,201000029668,2010-10-26,2010,octobre,mardi,16:40,33,33063,0.0,0.0,En agglomération,Autre intersection,3.0,Plein jour,Normale,4,Bidirectionnelle,1.0,Plat,1.0,10.0,206.0,Normale,0.0,Sur chaussée,Blessé léger,Masculin,52.0,Non renseigné,3,9,0.0,2.0,8.0,15.0,201000029668A01,7,1,1.0,Cohérente,Non cohérentes
1393,201000029669,2010-10-25,2010,octobre,lundi,16:20,33,33063,0.0,0.0,En agglomération,Intersection en X,1.0,Plein jour,Normale,4,Bidirectionnelle,2.0,Plat,1.0,0.0,0.0,Normale,0.0,Sur chaussée,Blessé hospitalisé,Féminin,20.0,Non renseigné,3,4,0.0,2.0,1.0,1.0,201000029669A01,7,15,1.0,Cohérente,Non cohérentes
1394,201000029679,2010-10-28,2010,octobre,jeudi,17:15,33,33063,0.0,0.0,En agglomération,Hors intersection,6.0,Plein jour,Normale,4,Bidirectionnelle,2.0,Plat,1.0,0.0,0.0,Normale,0.0,Sur chaussée,Blessé léger,Masculin,20.0,Domicile - travail,3,9,0.0,2.0,1.0,1.0,201000029679B01,7,22,1.0,Cohérente,Non cohérentes
1395,201000029693,2010-11-02,2010,novembre,mardi,17:20,33,33063,0.0,0.0,En agglomération,Intersection en X,3.0,Nuit avec éclairage public allumé,Normale,4,Bidirectionnelle,2.0,Plat,1.0,0.0,50.0,Normale,0.0,Sur chaussée,Blessé léger,Féminin,56.0,Non renseigné,3,4,0.0,2.0,1.0,17.0,201000029693B01,7,15,1.0,Cohérente,Non cohérentes
1396,201000029703,2010-11-07,2010,novembre,dimanche,21:30,33,33063,0.0,0.0,En agglomération,Intersection en T,3.0,Nuit avec éclairage public allumé,Normale,4,Bidirectionnelle,2.0,Plat,1.0,0.0,60.0,Normale,0.0,Sur chaussée,Blessé hospitalisé,Féminin,25.0,Non renseigné,3,4,0.0,2.0,8.0,1.0,201000029703A01,7,17,1.0,Cohérente,Non cohérentes
1397,201000029722,2010-11-10,2010,novembre,mercredi,19:45,33,33063,0.0,0.0,En agglomération,Place,6.0,Nuit avec éclairage public allumé,Normale,4,A chaussées séparées,6.0,Plat,1.0,0.0,0.0,Mouillée,0.0,Sur chaussée,Indemne,Masculin,34.0,Non renseigné,3,4,0.0,1.0,1.0,1.0,201000029722A01,,,,Cohérente,Non cohérentes
1398,201000029733,2010-11-12,2010,novembre,vendredi,16:20,33,33063,0.0,0.0,En agglomération,Hors intersection,3.0,Plein jour,Normale,3,A chaussées séparées,0.0,Plat,1.0,0.0,0.0,Normale,0.0,Sur chaussée,Blessé léger,Masculin,20.0,Non renseigné,3,9,0.0,2.0,9.0,1.0,201000029733B01,7,0,1.0,Cohérente,Non cohérentes
1399,201000029756,2010-11-20,2010,novembre,samedi,12:45,33,33063,0.0,0.0,En agglomération,Hors intersection,6.0,Plein jour,Temps couvert,4,Non renseigné,1.0,Pente,1.0,0.0,100.0,Normale,0.0,Sur chaussée,Indemne,Masculin,34.0,Non renseigné,3,9,0.0,1.0,0.0,1.0,201000029756A01,,,,Cohérente,Non cohérentes
1400,201000029756,2010-11-20,2010,novembre,samedi,12:45,33,33063,0.0,0.0,En agglomération,Hors intersection,6.0,Plein jour,Temps couvert,4,Non renseigné,1.0,Pente,1.0,0.0,100.0,Normale,0.0,Sur chaussée,Blessé léger,Masculin,38.0,Non renseigné,3,9,0.0,1.0,0.0,1.0,201000029756A01,,,,Cohérente,Non cohérentes
1401,201000029789,2010-11-29,2010,novembre,lundi,82:0,33,33063,0.0,0.0,En agglomération,Intersection en T,6.0,Plein jour,Normale,4,A chaussées séparées,7.0,Plat,1.0,0.0,30.0,Mouillée,0.0,Sur chaussée,Blessé léger,Féminin,25.0,Domicile - école,3,4,0.0,2.0,1.0,19.0,201000029789B01,10,15,1.0,Non cohérente,Non cohérentes
1402,201000029801,2010-12-03,2010,décembre,vendredi,84:0,33,33063,0.0,0.0,En agglomération,Intersection en Y,3.0,Plein jour,Normale,4,A sens unique,4.0,Plat,1.0,0.0,0.0,Normale,0.0,Sur chaussée,Blessé léger,Féminin,18.0,Non renseigné,3,9,0.0,2.0,1.0,5.0,201000029801A01,7,16,1.0,Non cohérente,Non cohérentes
1403,201000029820,2010-12-12,2010,décembre,dimanche,12:35,33,33063,0.0,0.0,En agglomération,Intersection en X,6.0,Plein jour,Normale,4,Non renseigné,2.0,Plat,1.0,0.0,68.0,Normale,0.0,Aucun,Blessé léger,Féminin,35.0,Utilisation professionnelle,3,4,0.0,0.0,3.0,1.0,201000029820B01,7,15,1.0,Cohérente,Non cohérentes
1404,201000029838,2010-12-15,2010,décembre,mercredi,16:35,33,33063,0.0,0.0,En agglomération,Intersection en T,3.0,Plein jour,Normale,4,A sens unique,1.0,Plat,1.0,0.0,0.0,Normale,0.0,Sur chaussée,Blessé léger,Féminin,15.0,Non renseigné,2,2,0.0,2.0,5.0,0.0,201000029838B01,31,0,1.0,Cohérente,Non cohérentes
1405,201000029851,2010-12-18,2010,décembre,samedi,19:40,33,33063,0.0,0.0,En agglomération,Intersection en X,3.0,Nuit avec éclairage public allumé,Pluie légère,4,Bidirectionnelle,3.0,Plat,1.0,0.0,82.0,Normale,0.0,Sur chaussée,Blessé hospitalisé,Masculin,43.0,Non renseigné,3,9,0.0,2.0,0.0,1.0,201000029851B01,7,16,1.0,Cohérente,Non cohérentes
1406,201000029858,2010-12-17,2010,décembre,vendredi,81:5,33,33063,0.0,0.0,En agglomération,Intersection en X,3.0,Nuit avec éclairage public non allumé,Normale,4,Bidirectionnelle,2.0,Plat,1.0,0.0,100.0,Mouillée,0.0,Sur chaussée,Blessé léger,Féminin,25.0,Non renseigné,3,9,0.0,2.0,0.0,15.0,201000029858B01,7,0,1.0,Non cohérente,Non cohérentes
1407,201000029868,2010-12-25,2010,décembre,samedi,15:00,33,33063,0.0,0.0,En agglomération,Intersection en X,3.0,Plein jour,Normale,4,A sens unique,1.0,Plat,1.0,0.0,85.0,Normale,0.0,Sur chaussée,Blessé hospitalisé,Masculin,37.0,Non renseigné,3,4,0.0,2.0,1.0,1.0,201000029868B01,7,15,1.0,Cohérente,Non cohérentes
1408,201000032103,2010-02-11,2010,février,jeudi,10:30,38,38185,45.186,5.74646,En agglomération,Intersection en X,3.0,Plein jour,Neige - grêle,3,Bidirectionnelle,2.0,Plat,2.0,0.0,70.0,Normale,0.0,Sur chaussée,Blessé léger,Masculin,19.0,Non renseigné,1,9,0.0,2.0,1.0,1.0,201000032103B01,7,1,1.0,Cohérente,Cohérentes
1409,201000032113,2010-03-09,2010,mars,mardi,84:0,38,38185,45.1918,5.71511,En agglomération,Hors intersection,6.0,Plein jour,Normale,4,Non renseigné,2.0,Plat,1.0,0.0,70.0,Normale,0.0,Sur chaussée,Blessé léger,Masculin,32.0,Domicile - travail,2,2,0.0,1.0,1.0,1.0,201000032113A01,,,,Non cohérente,Cohérentes
1410,201000032113,2010-03-09,2010,mars,mardi,84:0,38,38185,45.1918,5.71511,En agglomération,Hors intersection,6.0,Plein jour,Normale,4,Non renseigné,2.0,Plat,1.0,0.0,70.0,Normale,0.0,Sur chaussée,Blessé léger,Masculin,23.0,Domicile - travail,3,9,0.0,1.0,1.0,1.0,201000032113A01,,,,Non cohérente,Cohérentes
1411,201000032117,2010-03-17,2010,mars,mercredi,75:5,38,38185,45.1898,5.71329,En agglomération,Intersection en X,6.0,Plein jour,Normale,3,Bidirectionnelle,2.0,Plat,1.0,0.0,20.0,Normale,0.0,Sur piste cyclable,Indemne,Masculin,26.0,Non renseigné,3,9,0.0,1.0,1.0,1.0,201000032117A01,,,,Non cohérente,Cohérentes
1412,201000032139,2010-06-04,2010,juin,vendredi,13:00,38,38185,0.0,0.0,En agglomération,Hors intersection,3.0,Plein jour,Normale,4,Bidirectionnelle,2.0,Plat,1.0,0.0,85.0,Normale,0.0,Sur piste cyclable,Blessé hospitalisé,Masculin,58.0,Non renseigné,3,9,0.0,2.0,6.0,1.0,201000032139B01,7,1,1.0,Cohérente,Non cohérentes
1413,201000032141,2010-06-07,2010,juin,lundi,90:0,38,38185,45.1914,5.72507,En agglomération,Intersection en T,3.0,Plein jour,Normale,4,A sens unique,1.0,Plat,2.0,0.0,86.0,Normale,0.0,Sur piste cyclable,Blessé léger,Féminin,27.0,Non renseigné,3,9,0.0,2.0,0.0,1.0,201000032141B01,7,1,1.0,Non cohérente,Cohérentes
1414,201000032144,2010-06-14,2010,juin,lundi,16:45,38,38185,0.0,0.0,En agglomération,Intersection en X,3.0,Plein jour,Normale,4,Bidirectionnelle,3.0,Plat,1.0,0.0,115.0,Normale,0.0,Sur chaussée,Blessé léger,Féminin,47.0,Promenade - loisirs,1,2,0.0,2.0,1.0,19.0,201000032144B01,30,1,1.0,Cohérente,Non cohérentes
1415,201000032156,2010-06-25,2010,juin,vendredi,14:00,38,38185,0.0,0.0,En agglomération,Intersection en X,3.0,Plein jour,Normale,4,Bidirectionnelle,2.0,Plat,1.0,0.0,150.0,Normale,0.0,Sur chaussée,Blessé léger,Masculin,13.0,Promenade - loisirs,2,2,0.0,2.0,5.0,19.0,201000032156B01,7,1,1.0,Cohérente,Non cohérentes
1416,201000032161,2010-06-29,2010,juin,mardi,85:0,38,38185,45.1807,5.71957,En agglomération,Intersection en X,3.0,Plein jour,Normale,2,Bidirectionnelle,4.0,Plat,1.0,0.0,210.0,Normale,0.0,Sur piste cyclable,Blessé léger,Masculin,26.0,Non renseigné,3,9,0.0,2.0,8.0,1.0,201000032161B01,7,15,1.0,Non cohérente,Cohérentes
1417,201000032166,2010-07-06,2010,juillet,mardi,22:50,38,38185,45.179,5.75102,En agglomération,Intersection en X,3.0,Nuit avec éclairage public allumé,Normale,3,Bidirectionnelle,2.0,Plat,1.0,0.0,105.0,Normale,0.0,Sur chaussée,Blessé léger,Masculin,30.0,Non renseigné,3,9,0.0,2.0,1.0,1.0,201000032166B01,7,15,1.0,Cohérente,Cohérentes
1418,201000032175,2010-08-09,2010,août,lundi,17:35,38,38185,0.0,0.0,En agglomération,Hors intersection,1.0,Plein jour,Normale,3,Bidirectionnelle,2.0,Plat,2.0,0.0,25.0,Normale,0.0,Sur chaussée,Blessé léger,Féminin,32.0,Domicile - travail,2,9,0.0,2.0,1.0,1.0,201000032175B01,32,1,1.0,Cohérente,Non cohérentes
1419,201000032178,2010-08-24,2010,août,mardi,92:0,38,38185,0.0,0.0,En agglomération,Hors intersection,6.0,Plein jour,Normale,2,Bidirectionnelle,6.0,Plat,-1.0,0.0,200.0,Normale,0.0,Sur chaussée,Blessé léger,Féminin,38.0,Domicile - travail,3,9,0.0,2.0,7.0,19.0,201000032178B01,30,1,1.0,Non cohérente,Non cohérentes
1420,201000032199,2010-10-27,2010,octobre,mercredi,16:30,38,38185,45.1636,5.71079,En agglomération,Hors intersection,3.0,Plein jour,Normale,2,A chaussées séparées,0.0,Plat,1.0,0.0,210.0,Normale,0.0,Sur chaussée,Blessé léger,Féminin,43.0,Utilisation professionnelle,1,2,0.0,2.0,1.0,1.0,201000032199B01,7,16,1.0,Cohérente,Cohérentes
1421,201000032201,2010-10-28,2010,octobre,jeudi,92:5,38,38185,45.1801,5.70815,En agglomération,Hors intersection,6.0,Plein jour,Normale,2,A chaussées séparées,4.0,Plat,1.0,0.0,0.0,Normale,0.0,Sur chaussée,Blessé hospitalisé,Féminin,26.0,Domicile - travail,3,9,0.0,2.0,1.0,19.0,201000032201B01,7,1,1.0,Non cohérente,Cohérentes
1422,201000032219,2010-12-13,2010,décembre,lundi,91:5,38,38185,45.188,5.74608,En agglomération,Intersection en X,6.0,Plein jour,Normale,2,A chaussées séparées,5.0,Plat,3.0,0.0,125.0,Normale,5.0,Sur chaussée,Blessé hospitalisé,Masculin,83.0,Promenade - loisirs,3,9,0.0,2.0,4.0,19.0,201000032219B01,7,16,1.0,Non cohérente,Cohérentes
1423,201000032226,2010-12-27,2010,décembre,lundi,18:45,38,38185,45.1704,5.73805,En agglomération,Hors intersection,2.0,Nuit avec éclairage public allumé,Pluie légère,3,Bidirectionnelle,2.0,Plat,1.0,0.0,64.0,Mouillée,0.0,Sur chaussée,Blessé léger,Masculin,32.0,Autre,1,2,0.0,2.0,4.0,1.0,201000032226B01,7,2,1.0,Cohérente,Cohérentes
1424,201000040491,2010-01-05,2010,janvier,mardi,13:50,67,67482,0.0,0.0,En agglomération,Intersection en X,3.0,Plein jour,Normale,4,Bidirectionnelle,2.0,Plat,1.0,0.0,86.0,Normale,0.0,Sur chaussée,Blessé léger,Féminin,57.0,Utilisation professionnelle,2,2,0.0,2.0,1.0,15.0,201000040491A01,1,1,1.0,Cohérente,Non cohérentes
1425,201000040491,2010-01-05,2010,janvier,mardi,13:50,67,67482,0.0,0.0,En agglomération,Intersection en X,3.0,Plein jour,Normale,4,Bidirectionnelle,2.0,Plat,1.0,0.0,86.0,Normale,0.0,Sur chaussée,Indemne,Masculin,15.0,Domicile - école,3,9,0.0,2.0,1.0,1.0,201000040491B01,1,15,1.0,Cohérente,Non cohérentes
1426,201000040494,2010-01-09,2010,janvier,samedi,18:15,67,67482,0.0,0.0,En agglomération,Hors intersection,3.0,Nuit avec éclairage public allumé,Neige - grêle,4,Bidirectionnelle,2.0,Plat,1.0,0.0,70.0,Enneigée,0.0,Sur chaussée,Blessé léger,Masculin,46.0,Domicile - travail,2,2,0.0,2.0,4.0,15.0,201000040494B01,7,1,1.0,Cohérente,Non cohérentes
1427,201000040508,2010-01-26,2010,janvier,mardi,84:0,67,67482,0.0,0.0,En agglomération,Intersection en X,6.0,Plein jour,Normale,4,Bidirectionnelle,2.0,Plat,1.0,0.0,112.0,Normale,0.0,Sur chaussée,Blessé léger,Féminin,33.0,Non renseigné,3,2,0.0,2.0,7.0,19.0,201000040508B01,7,16,1.0,Non cohérente,Non cohérentes
1428,201000040510,2010-01-28,2010,janvier,jeudi,60:0,67,67482,0.0,0.0,En agglomération,Hors intersection,2.0,Crépuscule ou aube,Neige - grêle,4,Bidirectionnelle,4.0,Plat,1.0,0.0,120.0,Enneigée,0.0,Sur chaussée,Tué,Féminin,56.0,Non renseigné,3,9,0.0,2.0,4.0,1.0,201000040510B01,7,1,1.0,Non cohérente,Non cohérentes
1429,201000040525,2010-02-19,2010,février,vendredi,13:00,67,67482,0.0,0.0,En agglomération,Hors intersection,3.0,Plein jour,Pluie légère,4,Bidirectionnelle,2.0,Plat,1.0,0.0,60.0,Mouillée,0.0,Sur chaussée,Blessé léger,Féminin,19.0,Autre,2,9,0.0,2.0,3.0,19.0,201000040525B01,7,17,1.0,Cohérente,Non cohérentes
1430,201000040525,2010-02-19,2010,février,vendredi,13:00,67,67482,0.0,0.0,En agglomération,Hors intersection,3.0,Plein jour,Pluie légère,4,Bidirectionnelle,2.0,Plat,1.0,0.0,60.0,Mouillée,0.0,Sur chaussée,Blessé léger,Féminin,9.0,Non renseigné,2,9,0.0,2.0,3.0,19.0,201000040525B01,7,17,1.0,Cohérente,Non cohérentes
1431,201000040533,2010-02-25,2010,février,jeudi,84:0,67,67482,0.0,0.0,En agglomération,Intersection en X,3.0,Plein jour,Normale,4,Bidirectionnelle,2.0,Plat,1.0,0.0,56.0,Normale,0.0,Sur chaussée,Blessé léger,Féminin,21.0,Autre,3,9,0.0,2.0,1.0,1.0,201000040533A01,7,1,1.0,Non cohérente,Non cohérentes
1432,201000040537,2010-02-27,2010,février,samedi,15:30,67,67482,0.0,0.0,En agglomération,Hors intersection,3.0,Plein jour,Normale,4,Bidirectionnelle,2.0,Plat,1.0,0.0,40.0,Normale,0.0,Sur piste cyclable,Indemne,Féminin,30.0,Autre,3,2,0.0,2.0,1.0,19.0,201000040537A01,1,1,1.0,Cohérente,Non cohérentes
1433,201000040537,2010-02-27,2010,février,samedi,15:30,67,67482,0.0,0.0,En agglomération,Hors intersection,3.0,Plein jour,Normale,4,Bidirectionnelle,2.0,Plat,1.0,0.0,40.0,Normale,0.0,Sur piste cyclable,Blessé léger,Masculin,84.0,Promenade - loisirs,3,2,0.0,2.0,1.0,1.0,201000040537B01,1,19,1.0,Cohérente,Non cohérentes
1434,201000040543,2010-03-02,2010,mars,mardi,80:5,67,67482,0.0,0.0,En agglomération,Intersection en X,3.0,Plein jour,Pluie légère,4,A sens unique,2.0,Plat,1.0,0.0,60.0,Normale,0.0,Sur bande d'arrêt d'urgence,Blessé léger,Féminin,22.0,Domicile - école,3,4,0.0,2.0,3.0,19.0,201000040543B01,7,1,1.0,Non cohérente,Non cohérentes
1435,201000040545,2010-03-02,2010,mars,mardi,13:20,67,67482,0.0,0.0,En agglomération,Intersection en X,3.0,Plein jour,Temps couvert,4,A sens unique,1.0,Plat,1.0,0.0,80.0,Normale,0.0,Sur piste cyclable,Blessé léger,Féminin,29.0,Domicile - travail,3,4,0.0,2.0,7.0,19.0,201000040545B01,7,1,1.0,Cohérente,Non cohérentes
1436,201000040548,2010-03-03,2010,mars,mercredi,15:30,67,67482,0.0,0.0,En agglomération,Hors intersection,6.0,Plein jour,Normale,4,Bidirectionnelle,2.0,Plat,1.0,0.0,62.0,Normale,0.0,Sur chaussée,Blessé léger,Féminin,38.0,Domicile - travail,2,2,1.0,0.0,3.0,1.0,201000040548B01,7,24,1.0,Cohérente,Non cohérentes
1437,201000040553,2010-03-05,2010,mars,vendredi,12:30,67,67482,0.0,0.0,En agglomération,Hors intersection,6.0,Plein jour,Normale,4,Bidirectionnelle,2.0,Plat,1.0,0.0,120.0,Normale,0.0,Sur chaussée,Blessé léger,Masculin,61.0,Domicile - travail,2,9,1.0,0.0,1.0,1.0,201000040553B01,7,24,1.0,Cohérente,Non cohérentes
1438,201000040569,2010-03-17,2010,mars,mercredi,83:0,67,67482,0.0,0.0,En agglomération,Intersection en X,3.0,Plein jour,Pluie légère,4,Bidirectionnelle,0.0,Pente,1.0,0.0,120.0,Mouillée,0.0,Sur chaussée,Blessé léger,Masculin,57.0,Domicile - travail,1,4,0.0,2.0,8.0,19.0,201000040569A01,10,1,1.0,Non cohérente,Non cohérentes
1439,201000040573,2010-03-17,2010,mars,mercredi,19:54,67,67482,0.0,0.0,En agglomération,Intersection en X,3.0,Nuit avec éclairage public allumé,Normale,4,A sens unique,3.0,Plat,1.0,0.0,70.0,Normale,0.0,Sur chaussée,Blessé léger,Masculin,23.0,Non renseigné,3,9,0.0,2.0,4.0,19.0,201000040573B01,7,1,1.0,Cohérente,Non cohérentes