,Num_Acc,date,an,mois,jour,hrmn,dep,com,lat,long,agg,int,col,lum,atm,catr,circ,nbv,prof,plan,lartpc,larrout,surf,infra,situ,grav,sexe,age,trajet,secuexist,equipement,obs,obsm,choc,manv,vehiculeid,typevehicules,manoeuvehicules,numVehicules,statut_heure,statut_coord
1440,201000040576,2010-03-19,2010,mars,vendredi,17:30,67,67482,0.0,0.0,En agglomération,Hors intersection,6.0,Plein jour,Normale,4,Bidirectionnelle,2.0,Plat,1.0,0.0,92.0,Normale,0.0,Sur chaussée,Indemne,Masculin,25.0,Autre,3,9,0.0,1.0,1.0,1.0,201000040576A01,,,,Cohérente,Non cohérentes
1441,201000040578,2010-03-22,2010,mars,lundi,84:0,67,67482,0.0,0.0,En agglomération,Intersection en T,3.0,Plein jour,Normale,4,Bidirectionnelle,2.0,Plat,1.0,0.0,60.0,Normale,0.0,Sur chaussée,Blessé léger,Masculin,66.0,Promenade - loisirs,2,2,0.0,2.0,1.0,15.0,201000040578A01,7,1,1.0,Non cohérente,Non cohérentes
1442,201000040593,2010-03-30,2010,mars,mardi,92:0,67,67482,0.0,0.0,En agglomération,Intersection en X,3.0,Plein jour,Normale,4,Bidirectionnelle,3.0,Plat,1.0,0.0,120.0,Normale,0.0,Sur chaussée,Blessé léger,Féminin,24.0,Domicile - travail,3,4,0.0,2.0,7.0,19.0,201000040593B01,7,16,1.0,Non cohérente,Non cohérentes
1443,201000040606,2010-04-08,2010,avril,jeudi,17:15,67,67482,0.0,0.0,En agglomération,Hors intersection,3.0,Plein jour,Temps couvert,4,A sens unique,2.0,Plat,1.0,25.0,127.0,Normale,0.0,Sur chaussée,Indemne,Féminin,12.0,Non renseigné,2,2,0.0,2.0,7.0,19.0,201000040606B01,7,1,1.0,Cohérente,Non cohérentes
1444,201000040606,2010-04-08,2010,avril,jeudi,17:15,67,67482,0.0,0.0,En agglomération,Hors intersection,3.0,Plein jour,Temps couvert,4,A sens unique,2.0,Plat,1.0,25.0,127.0,Normale,0.0,Sur chaussée,Blessé léger,Féminin,12.0,Non renseigné,2,2,0.0,2.0,7.0,19.0,201000040606B01,7,1,1.0,Cohérente,Non cohérentes
1445,201000040613,2010-04-13,2010,avril,mardi,14:50,67,67482,0.0,0.0,En agglomération,Hors intersection,6.0,Plein jour,Normale,4,Bidirectionnelle,2.0,Plat,1.0,0.0,80.0,Normale,0.0,Sur chaussée,Blessé léger,Féminin,52.0,Non renseigné,3,9,1.0,0.0,1.0,1.0,201000040613B01,7,22,1.0,Cohérente,Non cohérentes
1446,201000040616,2010-04-15,2010,avril,jeudi,11:50,67,67482,0.0,0.0,En agglomération,Hors intersection,3.0,Plein jour,Normale,4,Bidirectionnelle,3.0,Plat,3.0,0.0,100.0,Normale,0.0,Sur chaussée,Blessé léger,Féminin,21.0,Promenade - loisirs,1,4,0.0,2.0,1.0,7.0,201000040616A01,37,16,1.0,Cohérente,Non cohérentes
1447,201000040625,2010-04-19,2010,avril,lundi,17:30,67,67482,0.0,0.0,En agglomération,Hors intersection,3.0,Plein jour,Pluie légère,4,Bidirectionnelle,2.0,Plat,1.0,0.0,50.0,Normale,0.0,Aucun,Blessé léger,Masculin,20.0,Domicile - école,3,9,0.0,2.0,7.0,19.0,201000040625A01,7,1,1.0,Cohérente,Non cohérentes
1448,201000040626,2010-04-21,2010,avril,mercredi,14:05,67,67482,0.0,0.0,En agglomération,Hors intersection,3.0,Plein jour,Normale,4,A sens unique,4.0,Plat,2.0,0.0,80.0,Normale,0.0,Sur piste cyclable,Blessé léger,Masculin,47.0,Promenade - loisirs,3,9,0.0,2.0,7.0,1.0,201000040626B01,1,1,1.0,Cohérente,Non cohérentes
1449,201000040626,2010-04-21,2010,avril,mercredi,14:05,67,67482,0.0,0.0,En agglomération,Hors intersection,3.0,Plein jour,Normale,4,A sens unique,4.0,Plat,2.0,0.0,80.0,Normale,0.0,Sur piste cyclable,Indemne,Masculin,37.0,Utilisation professionnelle,3,9,0.0,2.0,7.0,1.0,201000040626A01,1,1,1.0,Cohérente,Non cohérentes
1450,201000040627,2010-04-21,2010,avril,mercredi,14:20,67,67482,0.0,0.0,En agglomération,Intersection en T,3.0,Plein jour,Normale,4,A sens unique,1.0,Plat,1.0,0.0,70.0,Normale,0.0,Aucun,Blessé léger,Féminin,55.0,Promenade - loisirs,3,9,0.0,2.0,8.0,15.0,201000040627B01,7,4,1.0,Cohérente,Non cohérentes
1451,201000040630,2010-04-23,2010,avril,vendredi,94:0,67,67482,0.0,0.0,En agglomération,Intersection en T,6.0,Plein jour,Normale,4,Bidirectionnelle,2.0,Plat,1.0,0.0,115.0,Normale,0.0,Sur chaussée,Blessé léger,Féminin,42.0,Domicile - travail,3,9,0.0,2.0,1.0,1.0,201000040630B01,7,16,1.0,Non cohérente,Non cohérentes
1452,201000040637,2010-04-28,2010,avril,mercredi,20:40,67,67482,0.0,0.0,En agglomération,Intersection en X,3.0,Crépuscule ou aube,Normale,4,Bidirectionnelle,3.0,Plat,-1.0,0.0,100.0,Normale,0.0,Sur chaussée,Blessé léger,Masculin,28.0,Non renseigné,3,9,0.0,2.0,4.0,0.0,201000040637B01,7,16,1.0,Cohérente,Non cohérentes
1453,201000040640,2010-04-30,2010,avril,vendredi,18:20,67,67482,0.0,0.0,En agglomération,Intersection en X,3.0,Plein jour,Normale,4,A chaussées séparées,1.0,Plat,1.0,40.0,40.0,Normale,0.0,Sur chaussée,Blessé léger,Féminin,31.0,Non renseigné,3,9,0.0,2.0,3.0,1.0,201000040640A01,7,1,1.0,Cohérente,Non cohérentes
1454,201000040648,2010-05-07,2010,mai,vendredi,26:,67,67482,0.0,0.0,En agglomération,Hors intersection,6.0,Nuit avec éclairage public allumé,Pluie légère,4,Bidirectionnelle,4.0,Pente,1.0,0.0,140.0,Mouillée,0.0,Sur chaussée,Blessé hospitalisé,Féminin,19.0,Domicile - travail,3,9,0.0,2.0,1.0,5.0,201000040648B01,3,1,1.0,Non cohérente,Non cohérentes
1455,201000040651,2010-05-09,2010,mai,dimanche,21:50,67,67482,0.0,0.0,En agglomération,Intersection en T,3.0,Nuit avec éclairage public allumé,Pluie légère,4,A chaussées séparées,4.0,Plat,1.0,0.0,40.0,Mouillée,0.0,Sur chaussée,Blessé léger,Féminin,49.0,Promenade - loisirs,3,9,0.0,2.0,8.0,19.0,201000040651B01,7,16,1.0,Cohérente,Non cohérentes
1456,201000040655,2010-05-12,2010,mai,mercredi,17:00,67,67482,0.0,0.0,En agglomération,Hors intersection,6.0,Plein jour,Normale,4,A chaussées séparées,1.0,Plat,1.0,70.0,89.0,Normale,0.0,Sur chaussée,Blessé hospitalisé,Féminin,17.0,Domicile - école,3,2,1.0,0.0,1.0,21.0,201000040655B01,7/ 37,22/17,2.0,Cohérente,Non cohérentes
1457,201000040657,2010-05-14,2010,mai,vendredi,12:30,67,67482,0.0,0.0,En agglomération,Intersection en X,1.0,Plein jour,Normale,4,A sens unique,1.0,Plat,1.0,0.0,28.0,Normale,0.0,Sur chaussée,Blessé léger,Féminin,37.0,Promenade - loisirs,3,9,0.0,2.0,1.0,15.0,201000040657A01,7,1,1.0,Cohérente,Non cohérentes
1458,201000040664,2010-05-18,2010,mai,mardi,17:00,67,67482,0.0,0.0,En agglomération,Hors intersection,1.0,Plein jour,Normale,9,Non renseigné,0.0,Plat,-1.0,0.0,0.0,Normale,0.0,Sur accotement,Blessé léger,Masculin,21.0,Non renseigné,1,9,0.0,2.0,1.0,1.0,201000040664A01,1,1,1.0,Cohérente,Non cohérentes
1459,201000040664,2010-05-18,2010,mai,mardi,17:00,67,67482,0.0,0.0,En agglomération,Hors intersection,1.0,Plein jour,Normale,9,Non renseigné,0.0,Plat,-1.0,0.0,0.0,Normale,0.0,Sur accotement,Blessé léger,Féminin,19.0,Promenade - loisirs,1,9,0.0,2.0,1.0,1.0,201000040664B01,1,1,1.0,Cohérente,Non cohérentes
1460,201000040673,2010-05-21,2010,mai,vendredi,81:0,67,67482,0.0,0.0,En agglomération,Hors intersection,6.0,Plein jour,Temps couvert,4,Non renseigné,1.0,Plat,1.0,0.0,0.0,Normale,6.0,Sur chaussée,Indemne,Masculin,21.0,Domicile - école,3,9,0.0,1.0,1.0,1.0,201000040673A01,,,,Non cohérente,Non cohérentes
1461,201000040673,2010-05-21,2010,mai,vendredi,81:0,67,67482,0.0,0.0,En agglomération,Hors intersection,6.0,Plein jour,Temps couvert,4,Non renseigné,1.0,Plat,1.0,0.0,0.0,Normale,6.0,Sur chaussée,Blessé léger,Féminin,55.0,Promenade - loisirs,3,9,0.0,1.0,1.0,1.0,201000040673A01,,,,Non cohérente,Non cohérentes
1462,201000040684,2010-05-26,2010,mai,mercredi,18:20,67,67482,0.0,0.0,En agglomération,Hors intersection,6.0,Plein jour,Pluie légère,4,Bidirectionnelle,2.0,Plat,1.0,0.0,100.0,Mouillée,0.0,Sur trottoir,Indemne,Féminin,25.0,Promenade - loisirs,2,2,0.0,1.0,1.0,1.0,201000040684A01,,,,Cohérente,Non cohérentes
1463,201000040690,2010-05-29,2010,mai,samedi,14:00,67,67482,0.0,0.0,En agglomération,Intersection en X,3.0,Plein jour,Normale,4,A sens unique,2.0,Plat,1.0,0.0,31.0,Normale,0.0,Sur chaussée,Blessé léger,Masculin,15.0,Promenade - loisirs,3,9,0.0,2.0,7.0,15.0,201000040690A01,7,1,1.0,Cohérente,Non cohérentes
1464,201000040696,2010-06-04,2010,juin,vendredi,73:0,67,67482,0.0,0.0,En agglomération,Hors intersection,3.0,Plein jour,Normale,4,A chaussées séparées,2.0,Plat,1.0,0.0,0.0,Normale,0.0,Sur trottoir,Blessé léger,Masculin,39.0,Non renseigné,3,4,0.0,2.0,1.0,1.0,201000040696B01,10,0,1.0,Non cohérente,Non cohérentes
1465,201000040698,2010-06-04,2010,juin,vendredi,94:0,67,67482,0.0,0.0,En agglomération,Hors intersection,6.0,Plein jour,Normale,4,Non renseigné,3.0,Plat,2.0,0.0,60.0,Normale,0.0,Sur chaussée,Blessé léger,Masculin,68.0,Promenade - loisirs,3,4,0.0,2.0,1.0,5.0,201000040698B01,7,0,1.0,Non cohérente,Non cohérentes
1466,201000040699,2010-06-04,2010,juin,vendredi,16:40,67,67482,0.0,0.0,En agglomération,Intersection en X,6.0,Plein jour,Normale,4,Bidirectionnelle,2.0,Plat,1.0,0.0,60.0,Normale,0.0,Sur chaussée,Blessé léger,Féminin,38.0,Domicile - travail,3,4,0.0,2.0,8.0,1.0,201000040699B01,30,16,1.0,Cohérente,Non cohérentes
1467,201000040701,2010-06-04,2010,juin,vendredi,20:15,67,67482,0.0,0.0,En agglomération,Intersection en X,6.0,Plein jour,Normale,4,Bidirectionnelle,2.0,Plat,1.0,70.0,90.0,Normale,0.0,Sur chaussée,Indemne,Masculin,24.0,Domicile - travail,3,4,0.0,2.0,1.0,1.0,201000040701A01,1,0,1.0,Cohérente,Non cohérentes
1468,201000040701,2010-06-04,2010,juin,vendredi,20:15,67,67482,0.0,0.0,En agglomération,Intersection en X,6.0,Plein jour,Normale,4,Bidirectionnelle,2.0,Plat,1.0,70.0,90.0,Normale,0.0,Sur chaussée,Blessé hospitalisé,Masculin,46.0,Promenade - loisirs,3,4,0.0,2.0,1.0,0.0,201000040701B01,1,1,1.0,Cohérente,Non cohérentes
1469,201000040702,2010-06-05,2010,juin,samedi,14:20,67,67482,0.0,0.0,En agglomération,Hors intersection,6.0,Plein jour,Normale,4,Bidirectionnelle,2.0,Plat,1.0,0.0,57.0,Normale,0.0,Sur chaussée,Blessé léger,Masculin,15.0,Promenade - loisirs,3,2,0.0,0.0,4.0,0.0,201000040702B01,7,24,1.0,Cohérente,Non cohérentes
1470,201000040708,2010-06-05,2010,juin,samedi,20:20,67,67482,0.0,0.0,En agglomération,Intersection à plus de 4 branches,6.0,Plein jour,Normale,4,Bidirectionnelle,3.0,Plat,1.0,79.0,80.0,Normale,0.0,Sur chaussée,Blessé hospitalisé,Masculin,64.0,Autre,3,9,0.0,2.0,0.0,1.0,201000040708A01,7,16,1.0,Cohérente,Non cohérentes
1471,201000040711,2010-06-07,2010,juin,lundi,12:10,67,67482,0.0,0.0,En agglomération,Hors intersection,3.0,Plein jour,Normale,4,Bidirectionnelle,2.0,Plat,1.0,0.0,50.0,Normale,0.0,Sur trottoir,Blessé léger,Masculin,41.0,Non renseigné,3,9,0.0,2.0,8.0,1.0,201000040711A01,7,1,1.0,Cohérente,Non cohérentes
1472,201000040712,2010-06-07,2010,juin,lundi,16:21,67,67482,0.0,0.0,En agglomération,Hors intersection,3.0,Plein jour,Normale,4,Bidirectionnelle,3.0,Plat,1.0,0.0,70.0,Normale,0.0,Sur chaussée,Blessé léger,Masculin,12.0,Autre,1,2,0.0,2.0,7.0,19.0,201000040712B01,7,1,1.0,Cohérente,Non cohérentes
1473,201000040717,2010-06-11,2010,juin,vendredi,12:00,67,67482,0.0,0.0,En agglomération,Hors intersection,3.0,Plein jour,Normale,4,A chaussées séparées,4.0,Plat,1.0,110.0,150.0,Normale,4.0,Sur trottoir,Blessé léger,Masculin,28.0,Domicile - travail,3,2,0.0,2.0,1.0,13.0,201000040717B01,7,20,1.0,Cohérente,Non cohérentes
1474,201000040719,2010-06-12,2010,juin,samedi,10:35,67,67482,0.0,0.0,En agglomération,Intersection en X,3.0,Plein jour,Normale,4,Bidirectionnelle,2.0,Plat,1.0,0.0,60.0,Normale,0.0,Sur chaussée,Blessé léger,Masculin,23.0,Promenade - loisirs,1,4,0.0,2.0,1.0,1.0,201000040719A01,7,1,1.0,Cohérente,Non cohérentes
1475,201000040731,2010-06-18,2010,juin,vendredi,13:45,67,67482,0.0,0.0,En agglomération,Intersection en X,3.0,Plein jour,Normale,4,Bidirectionnelle,3.0,Plat,-1.0,10.0,80.0,Normale,0.0,Sur chaussée,Blessé léger,Masculin,40.0,Non renseigné,3,9,0.0,4.0,3.0,19.0,201000040731A01,40,1,1.0,Cohérente,Non cohérentes
1476,201000040736,2010-06-21,2010,juin,lundi,74:0,67,67482,0.0,0.0,En agglomération,Intersection à plus de 4 branches,3.0,Plein jour,Normale,4,A sens unique,4.0,Plat,1.0,0.0,100.0,Normale,0.0,Sur piste cyclable,Blessé léger,Féminin,45.0,Non renseigné,2,2,0.0,2.0,0.0,1.0,201000040736B01,7,1,1.0,Non cohérente,Non cohérentes
1477,201000040741,2010-06-23,2010,juin,mercredi,14:45,67,67482,0.0,0.0,En agglomération,Intersection en X,3.0,Plein jour,Normale,4,Avec voies d'affectation variable,3.0,Plat,1.0,0.0,100.0,Normale,0.0,Sur chaussée,Blessé léger,Féminin,65.0,Promenade - loisirs,1,4,0.0,2.0,1.0,1.0,201000040741A01,14,1,1.0,Cohérente,Non cohérentes
1478,201000040746,2010-06-24,2010,juin,jeudi,92:0,67,67482,0.0,0.0,En agglomération,Intersection en X,7.0,Plein jour,Normale,4,Bidirectionnelle,2.0,Plat,1.0,0.0,77.0,Normale,0.0,Sur chaussée,Indemne,Masculin,20.0,Non renseigné,3,9,0.0,2.0,0.0,1.0,201000040746A01,33,1,1.0,Non cohérente,Non cohérentes
1479,201000040748,2010-06-25,2010,juin,vendredi,90:0,67,67482,0.0,0.0,En agglomération,Hors intersection,3.0,Plein jour,Normale,4,A sens unique,1.0,Plat,1.0,90.0,42.0,Normale,0.0,Sur piste cyclable,Blessé léger,Féminin,58.0,Promenade - loisirs,3,9,1.0,0.0,1.0,1.0,201000040748B01,7,22,1.0,Non cohérente,Non cohérentes
1480,201000040752,2010-06-25,2010,juin,vendredi,22:20,67,67482,0.0,0.0,En agglomération,Hors intersection,7.0,Nuit sans éclairage public,Normale,9,Non renseigné,0.0,Plat,1.0,0.0,0.0,Normale,0.0,Aucun,Blessé léger,Masculin,21.0,Non renseigné,3,9,0.0,0.0,0.0,0.0,201000040752A01,,,,Cohérente,Non cohérentes
1481,201000040756,2010-06-29,2010,juin,mardi,12:21,67,67482,0.0,0.0,En agglomération,Intersection en X,3.0,Plein jour,Normale,4,A chaussées séparées,2.0,Plat,1.0,0.0,50.0,Normale,0.0,Sur chaussée,Blessé hospitalisé,Masculin,37.0,Non renseigné,3,9,0.0,2.0,1.0,1.0,201000040756B01,7,1,1.0,Cohérente,Non cohérentes
1482,201000040767,2010-07-02,2010,juillet,vendredi,21:30,67,67482,0.0,0.0,En agglomération,Intersection en T,6.0,Nuit avec éclairage public allumé,Normale,4,Bidirectionnelle,2.0,Plat,1.0,0.0,50.0,Normale,0.0,Sur chaussée,Blessé léger,Masculin,2.0,Promenade - loisirs,3,9,0.0,1.0,0.0,0.0,201000040767Z01,,,,Cohérente,Non cohérentes
1483,201000040768,2010-07-02,2010,juillet,vendredi,10:00,67,67482,0.0,0.0,En agglomération,Intersection en T,3.0,Plein jour,Temps éblouissant,4,Bidirectionnelle,2.0,Plat,1.0,0.0,60.0,Normale,0.0,Sur chaussée,Blessé léger,Féminin,26.0,Domicile - travail,1,4,0.0,2.0,1.0,1.0,201000040768B01,7,15,1.0,Cohérente,Non cohérentes
1484,201000040769,2010-07-02,2010,juillet,vendredi,11:20,67,67482,0.0,0.0,En agglomération,Intersection en X,3.0,Plein jour,Normale,4,Bidirectionnelle,2.0,Plat,1.0,0.0,130.0,Normale,0.0,Sur chaussée,Blessé hospitalisé,Féminin,40.0,Non renseigné,1,4,0.0,2.0,8.0,18.0,201000040769B01,15,16,1.0,Cohérente,Non cohérentes
1485,201000040770,2010-07-02,2010,juillet,vendredi,17:00,67,67482,0.0,0.0,En agglomération,Intersection en X,3.0,Plein jour,Normale,4,Bidirectionnelle,2.0,Plat,1.0,0.0,120.0,Normale,0.0,Sur chaussée,Blessé hospitalisé,Masculin,48.0,Domicile - travail,2,2,0.0,2.0,5.0,1.0,201000040770A01,7,1,1.0,Cohérente,Non cohérentes
1486,201000040772,2010-07-04,2010,juillet,dimanche,18:20,67,67482,0.0,0.0,En agglomération,Intersection en T,3.0,Plein jour,Normale,4,Bidirectionnelle,2.0,Plat,1.0,0.0,70.0,Normale,0.0,Sur chaussée,Blessé léger,Masculin,12.0,Promenade - loisirs,3,9,0.0,2.0,8.0,15.0,201000040772B01,7,1,1.0,Cohérente,Non cohérentes
1487,201000040778,2010-07-07,2010,juillet,mercredi,11:55,67,67482,0.0,0.0,En agglomération,Hors intersection,3.0,Plein jour,Normale,4,Bidirectionnelle,1.0,Plat,1.0,0.0,46.0,Normale,6.0,Sur chaussée,Indemne,Masculin,52.0,Promenade - loisirs,2,2,0.0,2.0,1.0,1.0,201000040778B01,10,16,1.0,Cohérente,Non cohérentes
1488,201000040778,2010-07-07,2010,juillet,mercredi,11:55,67,67482,0.0,0.0,En agglomération,Hors intersection,3.0,Plein jour,Normale,4,Bidirectionnelle,1.0,Plat,1.0,0.0,46.0,Normale,6.0,Sur chaussée,Blessé léger,Féminin,5.0,Promenade - loisirs,2,2,0.0,2.0,1.0,1.0,201000040778B01,10,16,1.0,Cohérente,Non cohérentes
1489,201000040779,2010-07-07,2010,juillet,mercredi,13:20,67,67482,0.0,0.0,En agglomération,Intersection en T,3.0,Plein jour,Normale,4,Bidirectionnelle,2.0,Plat,1.0,0.0,80.0,Normale,0.0,Sur chaussée,Blessé léger,Féminin,34.0,Promenade - loisirs,3,9,0.0,2.0,1.0,1.0,201000040779A01,7,16,1.0,Cohérente,Non cohérentes
1490,201000040791,2010-07-12,2010,juillet,lundi,71:0,67,67482,0.0,0.0,En agglomération,Hors intersection,3.0,Plein jour,Normale,4,A chaussées séparées,2.0,Plat,1.0,0.0,40.0,Normale,0.0,Sur chaussée,Blessé léger,Féminin,49.0,Domicile - travail,3,4,0.0,2.0,1.0,1.0,201000040791A01,7,16,1.0,Non cohérente,Non cohérentes
1491,201000040796,2010-07-16,2010,juillet,vendredi,19:55,67,67482,0.0,0.0,En agglomération,Intersection en T,3.0,Plein jour,Normale,4,Bidirectionnelle,2.0,Plat,1.0,0.0,50.0,Normale,0.0,Sur chaussée,Blessé léger,Féminin,45.0,Non renseigné,3,9,0.0,2.0,1.0,1.0,201000040796B01,7,15,1.0,Cohérente,Non cohérentes
1492,201000040804,2010-07-21,2010,juillet,mercredi,19:35,67,67482,0.0,0.0,En agglomération,Intersection en X,2.0,Plein jour,Normale,4,Bidirectionnelle,0.0,Plat,1.0,0.0,60.0,Normale,0.0,Aucun,Blessé léger,Masculin,26.0,Promenade - loisirs,2,2,0.0,2.0,4.0,1.0,201000040804A01,7,15,1.0,Cohérente,Non cohérentes
1493,201000040807,2010-07-23,2010,juillet,vendredi,12:00,67,67482,0.0,0.0,En agglomération,Intersection en X,6.0,Plein jour,Normale,4,Bidirectionnelle,4.0,Pente,1.0,0.0,140.0,Normale,0.0,Sur chaussée,Blessé léger,Masculin,73.0,Promenade - loisirs,3,9,0.0,2.0,0.0,1.0,201000040807B01,10,1,1.0,Cohérente,Non cohérentes
1494,201000040809,2010-07-23,2010,juillet,vendredi,19:00,67,67482,0.0,0.0,En agglomération,Intersection en X,3.0,Crépuscule ou aube,Pluie légère,4,Non renseigné,1.0,Plat,1.0,0.0,70.0,Mouillée,0.0,Sur chaussée,Blessé léger,Féminin,22.0,Autre,3,9,0.0,2.0,1.0,1.0,201000040809A01,7,1,1.0,Cohérente,Non cohérentes
1495,201000040812,2010-07-28,2010,juillet,mercredi,20:25,67,67482,0.0,0.0,En agglomération,Intersection en X,3.0,Plein jour,Normale,4,Bidirectionnelle,4.0,Plat,1.0,80.0,94.0,Normale,0.0,Sur piste cyclable,Blessé léger,Masculin,58.0,Promenade - loisirs,3,9,0.0,2.0,1.0,1.0,201000040812B01,7,14,1.0,Cohérente,Non cohérentes
1496,201000040813,2010-07-29,2010,juillet,jeudi,16:48,67,67482,0.0,0.0,En agglomération,Hors intersection,6.0,Plein jour,Normale,4,A sens unique,2.0,Plat,1.0,0.0,52.0,Normale,0.0,Sur chaussée,Blessé léger,Masculin,81.0,Promenade - loisirs,3,9,0.0,2.0,7.0,19.0,201000040813A01,40,1,1.0,Cohérente,Non cohérentes
1497,201000040815,2010-07-30,2010,juillet,vendredi,18:10,67,67482,0.0,0.0,En agglomération,Hors intersection,6.0,Plein jour,Pluie légère,4,Bidirectionnelle,2.0,Plat,1.0,0.0,60.0,Normale,0.0,Sur chaussée,Blessé léger,Masculin,17.0,Promenade - loisirs,3,2,0.0,2.0,1.0,15.0,201000040815B01,7,1,1.0,Cohérente,Non cohérentes
1498,201000040817,2010-07-31,2010,juillet,samedi,17:25,67,67482,0.0,0.0,En agglomération,Intersection en X,3.0,Plein jour,Normale,4,Bidirectionnelle,2.0,Plat,1.0,0.0,60.0,Normale,0.0,Aucun,Blessé léger,Masculin,11.0,Promenade - loisirs,2,2,0.0,2.0,1.0,1.0,201000040817B01,7,1,1.0,Cohérente,Non cohérentes
1499,201000040828,2010-08-13,2010,août,vendredi,19:45,67,67482,0.0,0.0,En agglomération,Intersection en X,6.0,Plein jour,Normale,4,A sens unique,0.0,Plat,1.0,0.0,51.0,Normale,0.0,Sur chaussée,Blessé léger,Masculin,24.0,Promenade - loisirs,1,9,0.0,2.0,2.0,1.0,201000040828A01,7,1,1.0,Cohérente,Non cohérentes
1500,201000040859,2010-09-05,2010,septembre,dimanche,45:1,67,67482,0.0,0.0,En agglomération,Hors intersection,3.0,Nuit avec éclairage public allumé,Normale,4,Bidirectionnelle,2.0,Plat,1.0,0.0,50.0,Normale,0.0,Sur chaussée,Blessé léger,Masculin,24.0,Promenade - loisirs,3,9,0.0,2.0,6.0,9.0,201000040859A01,7,1,1.0,Non cohérente,Non cohérentes
1501,201000040872,2010-09-12,2010,septembre,dimanche,18:25,67,67482,0.0,0.0,En agglomération,Hors intersection,3.0,Plein jour,Normale,4,Bidirectionnelle,2.0,Plat,1.0,0.0,40.0,Normale,0.0,Sur trottoir,Blessé léger,Féminin,53.0,Promenade - loisirs,2,2,0.0,2.0,1.0,1.0,201000040872B01,7,22,1.0,Cohérente,Non cohérentes
1502,201000040874,2010-09-13,2010,septembre,lundi,18:10,67,67482,0.0,0.0,En agglomération,Intersection en T,3.0,Plein jour,Normale,4,Bidirectionnelle,3.0,Plat,1.0,0.0,80.0,Normale,0.0,Sur chaussée,Blessé léger,Masculin,53.0,Promenade - loisirs,3,9,0.0,2.0,8.0,19.0,201000040874B01,7,15,1.0,Cohérente,Non cohérentes
1503,201000040878,2010-09-16,2010,septembre,jeudi,75:0,67,67482,0.0,0.0,En agglomération,Intersection en T,3.0,Plein jour,Normale,4,Bidirectionnelle,4.0,Plat,1.0,0.0,95.0,Normale,0.0,Sur chaussée,Blessé léger,Masculin,20.0,Domicile - travail,3,9,0.0,2.0,1.0,1.0,201000040878A01,7,1,1.0,Non cohérente,Non cohérentes
1504,201000040890,2010-09-21,2010,septembre,mardi,18:40,67,67482,0.0,0.0,En agglomération,Hors intersection,3.0,Plein jour,Normale,4,Bidirectionnelle,2.0,Plat,1.0,0.0,40.0,Normale,0.0,Sur piste cyclable,Indemne,Masculin,17.0,Promenade - loisirs,3,9,0.0,2.0,1.0,9.0,201000040890A01,1,1,1.0,Cohérente,Non cohérentes
1505,201000040890,2010-09-21,2010,septembre,mardi,18:40,67,67482,0.0,0.0,En agglomération,Hors intersection,3.0,Plein jour,Normale,4,Bidirectionnelle,2.0,Plat,1.0,0.0,40.0,Normale,0.0,Sur piste cyclable,Blessé léger,Féminin,36.0,Domicile - travail,3,9,0.0,2.0,7.0,1.0,201000040890B01,1,9,1.0,Cohérente,Non cohérentes
1506,201000040904,2010-10-02,2010,octobre,samedi,85:0,67,67482,0.0,0.0,En agglomération,Intersection en T,3.0,Plein jour,Pluie légère,4,Bidirectionnelle,2.0,Plat,1.0,30.0,40.0,Mouillée,0.0,Sur chaussée,Blessé léger,Masculin,25.0,Domicile - travail,2,2,0.0,2.0,8.0,1.0,201000040904B01,7,15,1.0,Non cohérente,Non cohérentes
1507,201000040911,2010-10-04,2010,octobre,lundi,19:40,67,67482,0.0,0.0,En agglomération,Intersection en X,6.0,Nuit avec éclairage public allumé,Normale,4,Bidirectionnelle,3.0,Plat,1.0,0.0,180.0,Normale,0.0,Sur chaussée,Blessé léger,Féminin,26.0,Domicile - travail,2,2,0.0,2.0,8.0,19.0,201000040911B01,7,16,1.0,Cohérente,Non cohérentes
1508,201000040919,2010-10-06,2010,octobre,mercredi,19:35,67,67482,0.0,0.0,En agglomération,Hors intersection,3.0,Nuit avec éclairage public allumé,Normale,4,Bidirectionnelle,2.0,Plat,3.0,0.0,70.0,Normale,0.0,Sur chaussée,Blessé léger,Féminin,41.0,Non renseigné,3,9,0.0,2.0,8.0,19.0,201000040919B01,33,17,1.0,Cohérente,Non cohérentes
1509,201000040921,2010-10-08,2010,octobre,vendredi,18:00,67,67482,0.0,0.0,En agglomération,Intersection en T,3.0,Plein jour,Normale,4,Bidirectionnelle,2.0,Plat,1.0,6.0,52.0,Normale,0.0,Sur piste cyclable,Blessé léger,Féminin,56.0,Domicile - travail,2,2,0.0,2.0,7.0,1.0,201000040921B01,7,9,1.0,Cohérente,Non cohérentes
1510,201000040923,2010-10-10,2010,octobre,dimanche,12:20,67,67482,0.0,0.0,En agglomération,Intersection en T,3.0,Plein jour,Normale,4,Bidirectionnelle,3.0,Plat,1.0,0.0,100.0,Normale,0.0,Aucun,Blessé léger,Masculin,47.0,Utilisation professionnelle,3,9,0.0,2.0,8.0,1.0,201000040923B01,7,16,1.0,Cohérente,Non cohérentes