,Num_Acc,date,an,mois,jour,hrmn,dep,com,lat,long,agg,int,col,lum,atm,catr,circ,nbv,prof,plan,lartpc,larrout,surf,infra,situ,grav,sexe,age,trajet,secuexist,equipement,obs,obsm,choc,manv,vehiculeid,typevehicules,manoeuvehicules,numVehicules,statut_heure,statut_coord
1511,201000040928,2010-10-15,2010,octobre,vendredi,75:0,67,67482,0.0,0.0,En agglomération,Intersection en T,3.0,Plein jour,Normale,4,Bidirectionnelle,4.0,Plat,1.0,0.0,0.0,Normale,0.0,Sur chaussée,Blessé léger,Féminin,16.0,Non renseigné,3,2,0.0,2.0,3.0,1.0,201000040928B01,7,1,1.0,Non cohérente,Non cohérentes
1512,201000040934,2010-10-20,2010,octobre,mercredi,14:30,67,67482,0.0,0.0,En agglomération,Hors intersection,3.0,Plein jour,Pluie légère,4,Bidirectionnelle,2.0,Plat,1.0,0.0,100.0,Mouillée,0.0,Sur chaussée,Blessé léger,Masculin,17.0,Non renseigné,3,4,0.0,2.0,1.0,9.0,201000040934A01,31,1,1.0,Cohérente,Non cohérentes
1513,201000040936,2010-10-21,2010,octobre,jeudi,14:00,67,67482,0.0,0.0,En agglomération,Intersection en X,3.0,Plein jour,Normale,4,A sens unique,1.0,Plat,1.0,0.0,70.0,Normale,0.0,Sur chaussée,Blessé léger,Féminin,46.0,Promenade - loisirs,3,9,0.0,2.0,3.0,1.0,201000040936B01,7,15,1.0,Cohérente,Non cohérentes
1514,201000040939,2010-10-22,2010,octobre,vendredi,11:55,67,67482,0.0,0.0,En agglomération,Intersection en X,3.0,Plein jour,Normale,4,Bidirectionnelle,0.0,Plat,1.0,0.0,60.0,Normale,4.0,Sur chaussée,Blessé léger,Féminin,24.0,Domicile - travail,3,9,0.0,2.0,0.0,1.0,201000040939B01,7,15,1.0,Cohérente,Non cohérentes
1515,201000040946,2010-10-27,2010,octobre,mercredi,16:45,67,67482,0.0,0.0,En agglomération,Hors intersection,3.0,Plein jour,Normale,4,Bidirectionnelle,3.0,Plat,1.0,0.0,100.0,Normale,0.0,Sur chaussée,Blessé léger,Masculin,35.0,Domicile - travail,3,9,0.0,2.0,8.0,1.0,201000040946A01,7,1,1.0,Cohérente,Non cohérentes
1516,201000040952,2010-11-02,2010,novembre,mardi,16:05,67,67482,0.0,0.0,En agglomération,Hors intersection,6.0,Plein jour,Normale,4,Bidirectionnelle,2.0,Plat,1.0,0.0,90.0,Normale,0.0,Sur chaussée,Blessé léger,Masculin,34.0,Promenade - loisirs,3,9,0.0,2.0,1.0,1.0,201000040952B01,7,24,1.0,Cohérente,Non cohérentes
1517,201000040953,2010-11-02,2010,novembre,mardi,17:20,67,67482,0.0,0.0,En agglomération,Intersection en X,6.0,Nuit avec éclairage public allumé,Normale,4,Bidirectionnelle,2.0,Plat,1.0,0.0,0.0,Normale,0.0,Sur trottoir,Blessé léger,Féminin,24.0,Promenade - loisirs,3,9,0.0,2.0,1.0,1.0,201000040953B01,30,15,1.0,Cohérente,Non cohérentes
1518,201000040954,2010-11-03,2010,novembre,mercredi,14:30,67,67482,0.0,0.0,En agglomération,Hors intersection,3.0,Plein jour,Normale,4,A chaussées séparées,4.0,Plat,1.0,20.0,60.0,Normale,0.0,Sur chaussée,Blessé léger,Masculin,32.0,Non renseigné,3,9,0.0,2.0,5.0,19.0,201000040954B01,7,1,1.0,Cohérente,Non cohérentes
1519,201000040959,2010-11-05,2010,novembre,vendredi,10:10,67,67482,0.0,0.0,En agglomération,Hors intersection,3.0,Plein jour,Normale,4,A sens unique,2.0,Plat,1.0,0.0,130.0,Normale,0.0,Sur trottoir,Blessé léger,Féminin,36.0,Promenade - loisirs,1,9,0.0,2.0,1.0,1.0,201000040959B01,7,9,1.0,Cohérente,Non cohérentes
1520,201000040960,2010-11-05,2010,novembre,vendredi,13:50,67,67482,0.0,0.0,En agglomération,Intersection en X,3.0,Plein jour,Normale,4,A sens unique,2.0,Plat,1.0,0.0,40.0,Normale,0.0,Sur chaussée,Blessé léger,Masculin,25.0,Non renseigné,1,4,0.0,2.0,5.0,1.0,201000040960B01,7,9,1.0,Cohérente,Non cohérentes
1521,201000040965,2010-11-08,2010,novembre,lundi,16:30,67,67482,0.0,0.0,En agglomération,Hors intersection,6.0,Plein jour,Normale,4,Bidirectionnelle,3.0,Plat,1.0,0.0,100.0,Normale,0.0,Sur chaussée,Indemne,Masculin,23.0,Non renseigné,3,9,0.0,1.0,1.0,1.0,201000040965A01,,,,Cohérente,Non cohérentes
1522,201000040966,2010-11-08,2010,novembre,lundi,17:30,67,67482,0.0,0.0,En agglomération,Intersection en T,3.0,Plein jour,Normale,4,Non renseigné,2.0,Plat,1.0,0.0,80.0,Normale,0.0,Sur chaussée,Blessé léger,Masculin,54.0,Domicile - travail,1,2,0.0,2.0,3.0,1.0,201000040966B01,7,15,1.0,Cohérente,Non cohérentes
1523,201000040970,2010-11-10,2010,novembre,mercredi,83:0,67,67482,0.0,0.0,En agglomération,Intersection en T,6.0,Plein jour,Pluie légère,4,A sens unique,1.0,Pente,1.0,0.0,35.0,Mouillée,0.0,Sur chaussée,Indemne,Féminin,20.0,Non renseigné,3,9,0.0,1.0,1.0,1.0,201000040970A01,,,,Non cohérente,Non cohérentes
1524,201000040971,2010-11-10,2010,novembre,mercredi,91:5,67,67482,0.0,0.0,En agglomération,Hors intersection,6.0,Plein jour,Pluie légère,4,Bidirectionnelle,2.0,Plat,1.0,0.0,52.0,Mouillée,0.0,Sur trottoir,Indemne,Masculin,56.0,Non renseigné,3,9,0.0,1.0,1.0,1.0,201000040971A01,,,,Non cohérente,Non cohérentes
1525,201000040976,2010-11-13,2010,novembre,samedi,43:5,67,67482,0.0,0.0,En agglomération,Intersection en X,3.0,Nuit avec éclairage public allumé,Vent fort - tempête,4,Bidirectionnelle,2.0,Plat,2.0,0.0,66.0,Normale,0.0,Sur chaussée,Blessé hospitalisé,Féminin,34.0,Domicile - travail,3,9,0.0,2.0,6.0,1.0,201000040976B01,7,16,1.0,Non cohérente,Non cohérentes
1526,201000040981,2010-11-16,2010,novembre,mardi,18:30,67,67482,0.0,0.0,En agglomération,Intersection en X,3.0,Plein jour,Normale,4,Bidirectionnelle,2.0,Plat,1.0,0.0,80.0,Normale,0.0,Sur chaussée,Blessé léger,Masculin,53.0,Non renseigné,3,2,0.0,2.0,1.0,1.0,201000040981B01,7,1,1.0,Cohérente,Non cohérentes
1527,201000040982,2010-11-17,2010,novembre,mercredi,75:7,67,67482,0.0,0.0,En agglomération,Hors intersection,6.0,Plein jour,Normale,4,Bidirectionnelle,4.0,Plat,1.0,30.0,60.0,Normale,0.0,Sur chaussée,Blessé léger,Masculin,14.0,Domicile - école,3,2,0.0,2.0,8.0,15.0,201000040982B01,7,1,1.0,Non cohérente,Non cohérentes
1528,201000040993,2010-11-19,2010,novembre,vendredi,23:55,67,67482,0.0,0.0,En agglomération,Hors intersection,3.0,Nuit avec éclairage public allumé,Normale,4,A sens unique,1.0,Plat,1.0,0.0,0.0,Normale,0.0,Sur piste cyclable,Blessé léger,Féminin,28.0,Autre,3,4,0.0,9.0,1.0,13.0,201000040993A01,1,1,1.0,Cohérente,Non cohérentes
1529,201000040993,2010-11-19,2010,novembre,vendredi,23:55,67,67482,0.0,0.0,En agglomération,Hors intersection,3.0,Nuit avec éclairage public allumé,Normale,4,A sens unique,1.0,Plat,1.0,0.0,0.0,Normale,0.0,Sur piste cyclable,Blessé léger,Féminin,34.0,Domicile - travail,3,9,0.0,2.0,1.0,1.0,201000040993B01,1,13,1.0,Cohérente,Non cohérentes
1530,201000041012,2010-12-04,2010,décembre,samedi,15:18,67,67482,0.0,0.0,En agglomération,Intersection en X,7.0,Plein jour,Normale,4,A chaussées séparées,2.0,Plat,1.0,70.0,150.0,Normale,5.0,Aucun,Blessé léger,Féminin,26.0,Promenade - loisirs,3,9,0.0,2.0,0.0,18.0,201000041012B01,7,1,1.0,Cohérente,Non cohérentes
1531,201000041017,2010-12-07,2010,décembre,mardi,82:0,67,67482,0.0,0.0,En agglomération,Intersection en X,3.0,Plein jour,Pluie légère,4,A sens unique,2.0,Plat,1.0,0.0,45.0,Mouillée,4.0,Sur chaussée,Blessé léger,Masculin,34.0,Promenade - loisirs,3,2,0.0,2.0,7.0,1.0,201000041017B01,7,15,1.0,Non cohérente,Non cohérentes
1532,201000041020,2010-12-08,2010,décembre,mercredi,17:15,67,67482,0.0,0.0,En agglomération,Intersection en X,3.0,Nuit avec éclairage public allumé,Pluie légère,4,Bidirectionnelle,2.0,Plat,1.0,0.0,78.0,Mouillée,0.0,Sur chaussée,Blessé léger,Masculin,26.0,Non renseigné,3,9,0.0,4.0,7.0,19.0,201000041020A01,40,1,1.0,Cohérente,Non cohérentes
1533,201000041031,2010-12-16,2010,décembre,jeudi,16:10,67,67482,0.0,0.0,En agglomération,Intersection en T,3.0,Crépuscule ou aube,Vent fort - tempête,4,Bidirectionnelle,2.0,Plat,1.0,0.0,60.0,Mouillée,0.0,Sur chaussée,Blessé léger,Masculin,31.0,Promenade - loisirs,3,9,0.0,2.0,8.0,1.0,201000041031B01,7,15,1.0,Cohérente,Non cohérentes
1534,201000041035,2010-12-22,2010,décembre,mercredi,73:0,67,67482,0.0,0.0,En agglomération,Hors intersection,1.0,Crépuscule ou aube,Pluie légère,4,Bidirectionnelle,2.0,Plat,1.0,0.0,70.0,Mouillée,0.0,Sur chaussée,Indemne,Masculin,48.0,Promenade - loisirs,3,9,0.0,2.0,1.0,1.0,201000041035B01,1,1,1.0,Non cohérente,Non cohérentes
1535,201000041035,2010-12-22,2010,décembre,mercredi,73:0,67,67482,0.0,0.0,En agglomération,Hors intersection,1.0,Crépuscule ou aube,Pluie légère,4,Bidirectionnelle,2.0,Plat,1.0,0.0,70.0,Mouillée,0.0,Sur chaussée,Blessé léger,Féminin,26.0,Domicile - travail,3,9,0.0,2.0,1.0,1.0,201000041035A01,1,1,1.0,Non cohérente,Non cohérentes
1536,201000041043,2010-12-30,2010,décembre,jeudi,33:5,67,67482,0.0,0.0,En agglomération,Intersection en T,2.0,Nuit avec éclairage public allumé,Neige - grêle,4,Bidirectionnelle,2.0,Plat,1.0,0.0,0.0,Enneigée,0.0,Sur chaussée,Blessé léger,Masculin,18.0,Domicile - travail,3,9,0.0,2.0,4.0,1.0,201000041043A01,7,1,1.0,Non cohérente,Non cohérentes
1537,201000042390,2010-05-17,2010,mai,lundi,12:00,74,74010,0.0,0.0,En agglomération,Place,6.0,Plein jour,Normale,4,Bidirectionnelle,2.0,Plat,1.0,0.0,50.0,Normale,0.0,Aucun,Blessé léger,Masculin,20.0,Autre,1,2,0.0,0.0,1.0,1.0,201000042390B01,7,16,1.0,Cohérente,Non cohérentes
1538,201000042395,2010-06-23,2010,juin,mercredi,11:55,74,74010,0.0,0.0,En agglomération,Intersection en T,6.0,Plein jour,Normale,3,Bidirectionnelle,4.0,Plat,1.0,0.0,140.0,Normale,0.0,Sur chaussée,Blessé léger,Féminin,28.0,Autre,3,2,0.0,0.0,1.0,1.0,201000042395B01,7,1,1.0,Cohérente,Non cohérentes
1539,201000042402,2010-08-10,2010,août,mardi,82:0,74,74010,0.0,0.0,En agglomération,Intersection en T,6.0,Plein jour,Normale,4,Bidirectionnelle,2.0,Plat,1.0,0.0,0.0,Normale,0.0,Aucun,Blessé hospitalisé,Masculin,73.0,Courses - achats,3,9,0.0,2.0,8.0,19.0,201000042402B01,7,1,1.0,Non cohérente,Non cohérentes
1540,201100027161,2011-01-06,2011,janvier,jeudi,10:0,33,33063,0.0,0.0,En agglomération,Intersection en T,6.0,Nuit avec éclairage public allumé,Pluie légère,4,A sens unique,1.0,Plat,1.0,0.0,0.0,Mouillée,0.0,Sur chaussée,Blessé hospitalisé,Masculin,29.0,Non renseigné,3,4,0.0,2.0,2.0,19.0,201100027161A01,7,1,1.0,Cohérente,Non cohérentes
1541,201100027181,2011-01-10,2011,janvier,lundi,17:05,33,33063,0.0,0.0,En agglomération,Intersection en T,6.0,Plein jour,Normale,4,A chaussées séparées,7.0,Plat,1.0,0.0,0.0,Normale,4.0,Sur chaussée,Blessé léger,Masculin,13.0,Non renseigné,3,4,0.0,0.0,1.0,1.0,201100027181A01,7,1,1.0,Cohérente,Non cohérentes
1542,201100027215,2011-01-21,2011,janvier,vendredi,12:15,33,33063,0.0,0.0,En agglomération,Intersection en X,3.0,Plein jour,Normale,4,A sens unique,1.0,Plat,1.0,0.0,80.0,Normale,0.0,Sur chaussée,Blessé hospitalisé,Féminin,25.0,Promenade - loisirs,3,9,0.0,2.0,0.0,1.0,201100027215B01,7,15,1.0,Cohérente,Non cohérentes
1543,201100027217,2011-01-21,2011,janvier,vendredi,19:17,33,33063,0.0,0.0,En agglomération,Intersection en T,3.0,Nuit avec éclairage public allumé,Normale,4,Bidirectionnelle,2.0,Plat,1.0,0.0,50.0,Normale,0.0,Sur chaussée,Blessé léger,Masculin,40.0,Non renseigné,3,2,0.0,2.0,1.0,7.0,201100027217A01,7,15,1.0,Cohérente,Non cohérentes
1544,201100027219,2011-01-24,2011,janvier,lundi,75:5,33,33063,0.0,0.0,En agglomération,Giratoire,3.0,Plein jour,Normale,4,A chaussées séparées,4.0,Plat,1.0,0.0,0.0,Mouillée,5.0,Sur chaussée,Blessé hospitalisé,Masculin,56.0,Domicile - travail,3,2,0.0,2.0,5.0,1.0,201100027219B01,7,1,1.0,Non cohérente,Non cohérentes
1545,201100027226,2011-01-27,2011,janvier,jeudi,18:45,33,33063,0.0,0.0,En agglomération,Intersection en X,6.0,Nuit avec éclairage public allumé,Normale,4,A sens unique,3.0,Plat,1.0,0.0,0.0,Normale,5.0,Sur chaussée,Blessé léger,Masculin,18.0,Non renseigné,3,4,0.0,4.0,2.0,1.0,201100027226A01,40,1,1.0,Cohérente,Non cohérentes
1546,201100027249,2011-02-05,2011,février,samedi,42:0,33,33063,0.0,0.0,En agglomération,Intersection à plus de 4 branches,2.0,Nuit avec éclairage public allumé,Normale,4,A sens unique,0.0,Plat,1.0,0.0,0.0,Normale,0.0,Sur chaussée,Blessé hospitalisé,Masculin,19.0,Non renseigné,3,4,0.0,2.0,4.0,2.0,201100027249B01,7,2,1.0,Non cohérente,Non cohérentes
1547,201100027249,2011-02-05,2011,février,samedi,42:0,33,33063,0.0,0.0,En agglomération,Intersection à plus de 4 branches,2.0,Nuit avec éclairage public allumé,Normale,4,A sens unique,0.0,Plat,1.0,0.0,0.0,Normale,0.0,Sur chaussée,Blessé léger,Masculin,19.0,Promenade - loisirs,3,9,0.0,2.0,4.0,2.0,201100027249B01,7,2,1.0,Non cohérente,Non cohérentes
1548,201100027266,2011-02-10,2011,février,jeudi,19:00,33,33063,0.0,0.0,En agglomération,Intersection en X,3.0,Nuit avec éclairage public allumé,Normale,4,Bidirectionnelle,2.0,Plat,1.0,0.0,0.0,Normale,0.0,Sur chaussée,Blessé léger,Féminin,25.0,Non renseigné,3,2,0.0,2.0,1.0,19.0,201100027266A01,7,1,1.0,Cohérente,Non cohérentes
1549,201100027282,2011-02-16,2011,février,mercredi,15:45,33,33063,0.0,0.0,En agglomération,Intersection en X,3.0,Plein jour,Normale,4,Bidirectionnelle,2.0,Pente,1.0,0.0,95.0,Normale,0.0,Sur chaussée,Blessé léger,Masculin,55.0,Non renseigné,3,2,0.0,2.0,1.0,1.0,201100027282B01,7,1,1.0,Cohérente,Non cohérentes
1550,201100027284,2011-02-16,2011,février,mercredi,13:15,33,33063,0.0,0.0,En agglomération,Hors intersection,6.0,Plein jour,Normale,4,A sens unique,2.0,Plat,1.0,0.0,0.0,Normale,0.0,Sur chaussée,Blessé léger,Féminin,22.0,Promenade - loisirs,3,2,0.0,2.0,1.0,1.0,201100027284B01,7,23,1.0,Cohérente,Non cohérentes
1551,201100027299,2011-02-24,2011,février,jeudi,13:40,33,33063,0.0,0.0,En agglomération,Hors intersection,6.0,Plein jour,Normale,4,Bidirectionnelle,2.0,Plat,1.0,0.0,0.0,Normale,4.0,Sur chaussée,Indemne,Masculin,18.0,Domicile - école,3,2,0.0,1.0,1.0,1.0,201100027299A01,,,,Cohérente,Non cohérentes
1552,201100027299,2011-02-24,2011,février,jeudi,13:40,33,33063,0.0,0.0,En agglomération,Hors intersection,6.0,Plein jour,Normale,4,Bidirectionnelle,2.0,Plat,1.0,0.0,0.0,Normale,4.0,Sur chaussée,Blessé léger,Féminin,26.0,Non renseigné,3,9,0.0,1.0,1.0,1.0,201100027299A01,,,,Cohérente,Non cohérentes
1553,201100027325,2011-03-04,2011,mars,vendredi,81:0,33,33063,0.0,0.0,En agglomération,Intersection en X,6.0,Plein jour,Normale,4,A chaussées séparées,4.0,Plat,1.0,0.0,0.0,Normale,0.0,Sur chaussée,Blessé léger,Féminin,32.0,Domicile - travail,2,4,0.0,2.0,1.0,1.0,201100027325A01,7,2/24,2.0,Non cohérente,Non cohérentes
1554,201100027350,2011-03-11,2011,mars,vendredi,16:35,33,33063,0.0,0.0,En agglomération,Hors intersection,6.0,Plein jour,Normale,4,A chaussées séparées,4.0,Plat,1.0,0.0,0.0,Normale,0.0,Sur chaussée,Blessé léger,Féminin,25.0,Non renseigné,3,4,0.0,2.0,1.0,1.0,201100027350B01,7,10,1.0,Cohérente,Non cohérentes
1555,201100027352,2011-03-11,2011,mars,vendredi,23:40,33,33063,0.0,0.0,En agglomération,Intersection en X,3.0,Nuit avec éclairage public allumé,Normale,4,A sens unique,2.0,Plat,1.0,0.0,0.0,Normale,0.0,Sur chaussée,Blessé hospitalisé,Masculin,17.0,Non renseigné,2,4,0.0,0.0,7.0,1.0,201100027352A01,7,1,1.0,Cohérente,Non cohérentes
1556,201100027370,2011-03-18,2011,mars,vendredi,81:5,33,33063,0.0,0.0,En agglomération,Intersection en Y,3.0,Plein jour,Normale,4,A sens unique,1.0,Plat,1.0,0.0,55.0,Normale,0.0,Sur chaussée,Indemne,Masculin,15.0,Domicile - école,3,9,0.0,2.0,0.0,1.0,201100027370A01,7,16,1.0,Non cohérente,Non cohérentes
1557,201100027370,2011-03-18,2011,mars,vendredi,81:5,33,33063,0.0,0.0,En agglomération,Intersection en Y,3.0,Plein jour,Normale,4,A sens unique,1.0,Plat,1.0,0.0,55.0,Normale,0.0,Sur chaussée,Blessé léger,Masculin,15.0,Domicile - école,3,9,0.0,2.0,0.0,1.0,201100027370A01,7,16,1.0,Non cohérente,Non cohérentes
1558,201100027374,2011-03-18,2011,mars,vendredi,85:5,33,33063,0.0,0.0,En agglomération,Intersection en Y,3.0,Plein jour,Temps éblouissant,4,Bidirectionnelle,2.0,Plat,1.0,0.0,0.0,Normale,0.0,Sur chaussée,Blessé léger,Féminin,41.0,Non renseigné,3,9,0.0,2.0,0.0,1.0,201100027374B01,7,15,1.0,Non cohérente,Non cohérentes
1559,201100027400,2011-03-25,2011,mars,vendredi,19:30,33,33063,0.0,0.0,En agglomération,Hors intersection,6.0,Nuit avec éclairage public allumé,Normale,4,Bidirectionnelle,3.0,Plat,-1.0,0.0,0.0,Normale,0.0,Sur chaussée,Blessé léger,Masculin,23.0,Non renseigné,3,9,0.0,2.0,0.0,1.0,201100027400B01,7,22,1.0,Cohérente,Non cohérentes
1560,201100027407,2011-03-29,2011,mars,mardi,13:15,33,33063,0.0,0.0,En agglomération,Intersection à plus de 4 branches,6.0,Plein jour,Normale,4,Bidirectionnelle,3.0,Plat,1.0,0.0,0.0,Normale,0.0,Sur chaussée,Blessé léger,Masculin,13.0,Non renseigné,3,4,0.0,0.0,4.0,15.0,201100027407B01,7,17,1.0,Cohérente,Non cohérentes
1561,201100027409,2011-03-30,2011,mars,mercredi,10:30,33,33063,0.0,0.0,En agglomération,Intersection en X,3.0,Plein jour,Normale,4,Bidirectionnelle,2.0,Plat,1.0,0.0,0.0,Normale,0.0,Sur chaussée,Blessé léger,Masculin,10.0,Non renseigné,3,9,0.0,4.0,9.0,13.0,201100027409A01,40,1,1.0,Cohérente,Non cohérentes
1562,201100027420,2011-04-01,2011,avril,vendredi,19:45,33,33063,0.0,0.0,En agglomération,Intersection en T,6.0,Plein jour,Normale,4,Bidirectionnelle,10.0,Plat,1.0,0.0,0.0,Normale,4.0,Sur chaussée,Blessé léger,Masculin,47.0,Utilisation professionnelle,3,4,0.0,2.0,1.0,19.0,201100027420B01,7,16,1.0,Cohérente,Non cohérentes
1563,201100027466,2011-04-18,2011,avril,lundi,16:30,33,33063,0.0,0.0,En agglomération,Hors intersection,3.0,Plein jour,Normale,4,Bidirectionnelle,4.0,Plat,1.0,0.0,0.0,Normale,0.0,Sur chaussée,Blessé hospitalisé,Féminin,11.0,Non renseigné,3,9,0.0,2.0,7.0,1.0,201100027466B01,7,1,1.0,Cohérente,Non cohérentes
1564,201100027469,2011-04-19,2011,avril,mardi,19:00,33,33063,0.0,0.0,En agglomération,Intersection en Y,3.0,Plein jour,Normale,4,A sens unique,1.0,Plat,1.0,0.0,0.0,Normale,0.0,Sur chaussée,Blessé léger,Féminin,64.0,Promenade - loisirs,3,9,0.0,2.0,1.0,1.0,201100027469A01,37,1,1.0,Cohérente,Non cohérentes
1565,201100027500,2011-04-29,2011,avril,vendredi,18:00,33,33063,0.0,0.0,En agglomération,Hors intersection,3.0,Plein jour,Normale,4,A chaussées séparées,0.0,Plat,1.0,0.0,0.0,Normale,0.0,Sur chaussée,Blessé léger,Masculin,48.0,Non renseigné,1,2,0.0,2.0,1.0,1.0,201100027500B01,7,16,1.0,Cohérente,Non cohérentes
1566,201100027514,2011-05-05,2011,mai,jeudi,16:17,33,33063,0.0,0.0,En agglomération,Hors intersection,7.0,Plein jour,Normale,4,A sens unique,2.0,Plat,1.0,0.0,140.0,Normale,0.0,Sur chaussée,Blessé hospitalisé,Masculin,36.0,Non renseigné,3,2,0.0,0.0,0.0,0.0,201100027514A01,,,,Cohérente,Non cohérentes
1567,201100027519,2011-05-06,2011,mai,vendredi,17:20,33,33063,0.0,0.0,En agglomération,Intersection en X,3.0,Plein jour,Normale,4,Bidirectionnelle,4.0,Plat,1.0,0.0,150.0,Normale,0.0,Sur chaussée,Blessé hospitalisé,Féminin,18.0,Non renseigné,3,9,0.0,2.0,1.0,1.0,201100027519B01,7,15,1.0,Cohérente,Non cohérentes
1568,201100027540,2011-05-13,2011,mai,vendredi,21:30,33,33063,0.0,0.0,En agglomération,Hors intersection,6.0,Nuit avec éclairage public allumé,Normale,4,Bidirectionnelle,2.0,Plat,1.0,0.0,59.0,Normale,0.0,Sur chaussée,Blessé hospitalisé,Féminin,11.0,Non renseigné,3,4,0.0,0.0,4.0,9.0,201100027540B01,33,1,1.0,Cohérente,Non cohérentes
1569,201100027540,2011-05-13,2011,mai,vendredi,21:30,33,33063,0.0,0.0,En agglomération,Hors intersection,6.0,Nuit avec éclairage public allumé,Normale,4,Bidirectionnelle,2.0,Plat,1.0,0.0,59.0,Normale,0.0,Sur chaussée,Blessé léger,Féminin,11.0,Non renseigné,3,4,0.0,0.0,4.0,9.0,201100027540B01,33,1,1.0,Cohérente,Non cohérentes
1570,201100027541,2011-05-13,2011,mai,vendredi,18:30,33,33063,0.0,0.0,En agglomération,Intersection en X,3.0,Plein jour,Normale,4,A sens unique,2.0,Plat,1.0,0.0,60.0,Normale,0.0,Sur chaussée,Blessé léger,Masculin,16.0,Promenade - loisirs,3,4,0.0,0.0,2.0,1.0,201100027541A01,7,1,1.0,Cohérente,Non cohérentes
1571,201100027543,2011-05-13,2011,mai,vendredi,11:30,33,33063,0.0,0.0,En agglomération,Intersection à plus de 4 branches,3.0,Plein jour,Normale,4,A chaussées séparées,2.0,Plat,1.0,0.0,0.0,Normale,0.0,Sur chaussée,Blessé léger,Masculin,48.0,Domicile - travail,3,9,0.0,2.0,1.0,1.0,201100027543B01,7,5,1.0,Cohérente,Non cohérentes
1572,201100027547,2011-05-16,2011,mai,lundi,15:15,33,33063,0.0,0.0,En agglomération,Hors intersection,6.0,Plein jour,Normale,4,A sens unique,1.0,Plat,1.0,0.0,36.0,Normale,0.0,Sur chaussée,Blessé léger,Féminin,38.0,Non renseigné,3,4,1.0,2.0,1.0,1.0,201100027547B01,7,23,1.0,Cohérente,Non cohérentes
1573,201100027566,2011-05-19,2011,mai,jeudi,18:05,33,33063,0.0,0.0,En agglomération,Hors intersection,3.0,Plein jour,Normale,4,Bidirectionnelle,7.0,Plat,1.0,0.0,75.0,Normale,0.0,Sur chaussée,Blessé hospitalisé,Masculin,45.0,Domicile - travail,2,9,0.0,2.0,8.0,1.0,201100027566B01,33,1,1.0,Cohérente,Non cohérentes
1574,201100027571,2011-05-20,2011,mai,vendredi,90:0,33,33063,0.0,0.0,En agglomération,Hors intersection,1.0,Plein jour,Normale,4,Bidirectionnelle,2.0,Plat,1.0,0.0,64.0,Normale,0.0,Sur chaussée,Blessé hospitalisé,Masculin,13.0,Non renseigné,3,4,0.0,2.0,0.0,1.0,201100027571B01,7,15,1.0,Non cohérente,Non cohérentes
1575,201100027580,2011-05-24,2011,mai,mardi,17:05,33,33063,0.0,0.0,En agglomération,Hors intersection,3.0,Plein jour,Normale,4,A sens unique,1.0,Pente,1.0,0.0,51.0,Normale,0.0,Sur chaussée,Blessé hospitalisé,Masculin,39.0,Promenade - loisirs,3,4,1.0,0.0,1.0,1.0,201100027580B01,7,24,1.0,Cohérente,Non cohérentes
1576,201100027583,2011-05-24,2011,mai,mardi,12:06,33,33063,0.0,0.0,En agglomération,Intersection en X,6.0,Plein jour,Normale,4,Bidirectionnelle,2.0,Plat,1.0,0.0,0.0,Normale,0.0,Sur chaussée,Blessé léger,Féminin,79.0,Non renseigné,3,4,0.0,2.0,1.0,1.0,201100027583B01,7,9,1.0,Cohérente,Non cohérentes
1577,201100027588,2011-05-29,2011,mai,dimanche,22:22,33,33063,0.0,0.0,En agglomération,Intersection en X,6.0,Nuit avec éclairage public allumé,Normale,4,A sens unique,2.0,Plat,1.0,0.0,67.0,Normale,4.0,Sur chaussée,Blessé léger,Féminin,49.0,Non renseigné,3,4,0.0,2.0,0.0,6.0,201100027588A01,40,1,1.0,Cohérente,Non cohérentes
1578,201100027591,2011-05-28,2011,mai,samedi,12:45,33,33063,0.0,0.0,En agglomération,Intersection en X,6.0,Plein jour,Normale,4,A sens unique,1.0,Plat,1.0,0.0,0.0,Normale,0.0,Sur chaussée,Blessé hospitalisé,Masculin,29.0,Non renseigné,3,9,0.0,2.0,1.0,1.0,201100027591B01,7,15,1.0,Cohérente,Non cohérentes
1579,201100027611,2011-06-08,2011,juin,mercredi,12:15,33,33063,0.0,0.0,En agglomération,Hors intersection,2.0,Plein jour,Pluie légère,4,A chaussées séparées,8.0,Plat,1.0,0.0,0.0,Normale,0.0,Sur chaussée,Blessé hospitalisé,Masculin,19.0,Autre,3,2,0.0,2.0,1.0,2.0,201100027611A01,7,2,1.0,Cohérente,Non cohérentes
1580,201100027620,2011-06-09,2011,juin,jeudi,14:40,33,33063,0.0,0.0,En agglomération,Intersection en Y,3.0,Plein jour,Normale,4,Bidirectionnelle,3.0,Plat,1.0,0.0,0.0,Normale,0.0,Sur chaussée,Blessé hospitalisé,Féminin,55.0,Non renseigné,3,9,0.0,2.0,0.0,1.0,201100027620A01,7,1,1.0,Cohérente,Non cohérentes
1581,201100027623,2011-06-11,2011,juin,samedi,15:20,33,33063,0.0,0.0,En agglomération,Hors intersection,3.0,Plein jour,Normale,4,A chaussées séparées,4.0,Plat,1.0,0.0,0.0,Normale,0.0,Sur chaussée,Blessé léger,Masculin,27.0,Non renseigné,3,2,0.0,0.0,3.0,16.0,201100027623B01,7,16,1.0,Cohérente,Non cohérentes