,Num_Acc,date,an,mois,jour,hrmn,dep,com,lat,long,agg,int,col,lum,atm,catr,circ,nbv,prof,plan,lartpc,larrout,surf,infra,situ,grav,sexe,age,trajet,secuexist,equipement,obs,obsm,choc,manv,vehiculeid,typevehicules,manoeuvehicules,numVehicules,statut_heure,statut_coord
1582,201100027636,2011-06-16,2011,juin,jeudi,90:5,33,33063,0.0,0.0,En agglomération,Intersection en T,3.0,Plein jour,Normale,4,Bidirectionnelle,2.0,Plat,1.0,0.0,0.0,Normale,0.0,Sur chaussée,Blessé léger,Masculin,29.0,Non renseigné,3,4,0.0,0.0,0.0,1.0,201100027636B01,30,15,1.0,Non cohérente,Non cohérentes
1583,201100027649,2011-06-17,2011,juin,vendredi,17:15,33,33063,0.0,0.0,En agglomération,Intersection en Y,3.0,Plein jour,Normale,4,Bidirectionnelle,2.0,Plat,1.0,0.0,0.0,Normale,0.0,Sur chaussée,Blessé léger,Féminin,37.0,Non renseigné,3,2,0.0,2.0,0.0,1.0,201100027649B01,7,16,1.0,Cohérente,Non cohérentes
1584,201100027651,2011-06-20,2011,juin,lundi,17:30,33,33063,0.0,0.0,En agglomération,Intersection en X,3.0,Plein jour,Normale,4,Bidirectionnelle,3.0,Plat,1.0,0.0,0.0,Normale,0.0,Sur chaussée,Indemne,Masculin,33.0,Non renseigné,3,2,0.0,2.0,1.0,1.0,201100027651B01,31,15,1.0,Cohérente,Non cohérentes
1585,201100027652,2011-06-20,2011,juin,lundi,17:15,33,33063,0.0,0.0,En agglomération,Intersection en T,1.0,Plein jour,Normale,4,Bidirectionnelle,2.0,Plat,1.0,0.0,0.0,Normale,0.0,Sur chaussée,Blessé léger,Masculin,54.0,Non renseigné,3,4,0.0,0.0,0.0,1.0,201100027652B01,7,15,1.0,Cohérente,Non cohérentes
1586,201100027653,2011-06-20,2011,juin,lundi,12:15,33,33063,0.0,0.0,En agglomération,Intersection à plus de 4 branches,3.0,Plein jour,Normale,4,Non renseigné,1.0,Plat,1.0,0.0,0.0,Normale,0.0,Sur chaussée,Blessé léger,Masculin,75.0,Promenade - loisirs,3,2,0.0,2.0,1.0,15.0,201100027653A01,7,17,1.0,Cohérente,Non cohérentes
1587,201100027663,2011-06-22,2011,juin,mercredi,12:50,33,33063,0.0,0.0,En agglomération,Hors intersection,6.0,Crépuscule ou aube,Normale,4,A chaussées séparées,3.0,Plat,1.0,0.0,0.0,Normale,0.0,Sur chaussée,Blessé léger,Masculin,32.0,Promenade - loisirs,3,2,0.0,0.0,3.0,1.0,201100027663A01,37,17,1.0,Cohérente,Non cohérentes
1588,201100027696,2011-07-06,2011,juillet,mercredi,12:20,33,33063,0.0,0.0,En agglomération,Intersection en T,3.0,Plein jour,Normale,4,A sens unique,1.0,Plat,1.0,0.0,0.0,Normale,0.0,Sur chaussée,Blessé hospitalisé,Masculin,19.0,Non renseigné,3,2,0.0,2.0,3.0,1.0,201100027696B01,7,1,1.0,Cohérente,Non cohérentes
1589,201100027699,2011-07-06,2011,juillet,mercredi,75:0,33,33063,0.0,0.0,En agglomération,Intersection en X,3.0,Plein jour,Normale,4,A sens unique,2.0,Plat,1.0,0.0,0.0,Normale,0.0,Sur chaussée,Blessé léger,Masculin,59.0,Non renseigné,3,2,0.0,2.0,3.0,16.0,201100027699B01,7,16,1.0,Non cohérente,Non cohérentes
1590,201100027715,2011-07-08,2011,juillet,vendredi,72:0,33,33063,0.0,0.0,En agglomération,Intersection en T,1.0,Plein jour,Normale,4,A chaussées séparées,10.0,Pente,1.0,0.0,0.0,Normale,0.0,Sur chaussée,Blessé léger,Masculin,54.0,Non renseigné,3,2,0.0,2.0,1.0,16.0,201100027715B01,2,15,1.0,Non cohérente,Non cohérentes
1591,201100027719,2011-07-14,2011,juillet,jeudi,10:00,33,33063,0.0,0.0,En agglomération,Place,3.0,Plein jour,Normale,4,Avec voies d'affectation variable,1.0,Plat,1.0,0.0,0.0,Normale,0.0,Sur chaussée,Blessé léger,Masculin,33.0,Promenade - loisirs,3,2,0.0,2.0,1.0,1.0,201100027719B01,7,1,1.0,Cohérente,Non cohérentes
1592,201100027732,2011-07-21,2011,juillet,jeudi,19:10,33,33063,0.0,0.0,En agglomération,Intersection en X,3.0,Plein jour,Normale,4,A sens unique,1.0,Plat,1.0,0.0,0.0,Normale,0.0,Sur chaussée,Blessé léger,Masculin,34.0,Non renseigné,3,2,0.0,2.0,1.0,1.0,201100027732A01,7,1,1.0,Cohérente,Non cohérentes
1593,201100027737,2011-07-22,2011,juillet,vendredi,12:10,33,33063,0.0,0.0,En agglomération,Hors intersection,6.0,Plein jour,Normale,4,Bidirectionnelle,2.0,Plat,1.0,0.0,0.0,Mouillée,1.0,Sur chaussée,Blessé léger,Féminin,29.0,Non renseigné,3,2,0.0,2.0,1.0,1.0,201100027737B01,10,22,1.0,Cohérente,Non cohérentes
1594,201100027748,2011-07-28,2011,juillet,jeudi,11:45,33,33063,0.0,0.0,En agglomération,Intersection en T,3.0,Plein jour,Normale,4,Bidirectionnelle,3.0,Plat,1.0,0.0,0.0,Normale,0.0,Sur chaussée,Blessé léger,Féminin,47.0,Non renseigné,3,2,0.0,2.0,4.0,0.0,201100027748A01,37,1,1.0,Cohérente,Non cohérentes
1595,201100027762,2011-08-05,2011,août,vendredi,73:0,33,33063,0.0,0.0,En agglomération,Place,3.0,Crépuscule ou aube,Pluie légère,4,A chaussées séparées,4.0,Plat,2.0,0.0,0.0,Normale,4.0,Sur chaussée,Blessé léger,Masculin,62.0,Utilisation professionnelle,3,2,0.0,0.0,0.0,19.0,201100027762B01,7,1,1.0,Non cohérente,Non cohérentes
1596,201100027783,2011-08-19,2011,août,vendredi,11:10,33,33063,0.0,0.0,En agglomération,Intersection en T,3.0,Plein jour,Normale,4,A sens unique,1.0,Plat,1.0,0.0,0.0,Normale,0.0,Aucun,Blessé léger,Féminin,18.0,Domicile - travail,3,9,0.0,2.0,1.0,5.0,201100027783B01,7,15,1.0,Cohérente,Non cohérentes
1597,201100027784,2011-08-20,2011,août,samedi,30:,33,33063,0.0,0.0,En agglomération,Intersection en X,3.0,Nuit avec éclairage public allumé,Normale,4,A chaussées séparées,3.0,Plat,1.0,0.0,0.0,Mouillée,0.0,Sur chaussée,Blessé hospitalisé,Féminin,18.0,Promenade - loisirs,3,2,0.0,2.0,1.0,0.0,201100027784A01,7,0,1.0,Non cohérente,Non cohérentes
1598,201100027811,2011-08-31,2011,août,mercredi,17:30,33,33063,0.0,0.0,En agglomération,Intersection en X,6.0,Plein jour,Normale,4,A sens unique,2.0,Plat,1.0,0.0,0.0,Normale,0.0,Sur chaussée,Indemne,Masculin,52.0,Promenade - loisirs,3,2,0.0,1.0,1.0,1.0,201100027811A01,,,,Cohérente,Non cohérentes
1599,201100027849,2011-09-13,2011,septembre,mardi,18:50,33,33063,0.0,0.0,En agglomération,Intersection en T,3.0,Plein jour,Normale,4,A sens unique,1.0,Plat,1.0,0.0,0.0,Normale,0.0,Sur chaussée,Indemne,Masculin,44.0,Non renseigné,3,2,0.0,2.0,1.0,16.0,201100027849B01,1,0,1.0,Cohérente,Non cohérentes
1600,201100027849,2011-09-13,2011,septembre,mardi,18:50,33,33063,0.0,0.0,En agglomération,Intersection en T,3.0,Plein jour,Normale,4,A sens unique,1.0,Plat,1.0,0.0,0.0,Normale,0.0,Sur chaussée,Blessé léger,Féminin,23.0,Non renseigné,3,2,0.0,0.0,8.0,0.0,201100027849A01,1,16,1.0,Cohérente,Non cohérentes
1601,201100027854,2011-09-14,2011,septembre,mercredi,17:45,33,33063,0.0,0.0,En agglomération,Intersection en Y,3.0,Plein jour,Normale,4,Bidirectionnelle,3.0,Plat,-1.0,0.0,0.0,Normale,0.0,Sur chaussée,Blessé léger,Masculin,16.0,Non renseigné,3,9,0.0,2.0,1.0,15.0,201100027854B01,7,1,1.0,Cohérente,Non cohérentes
1602,201100027872,2011-09-20,2011,septembre,mardi,11:20,33,33063,0.0,0.0,En agglomération,Intersection en T,3.0,Plein jour,Pluie légère,4,A chaussées séparées,4.0,Plat,1.0,0.0,0.0,Normale,0.0,Sur chaussée,Blessé léger,Masculin,19.0,Non renseigné,3,2,0.0,2.0,3.0,1.0,201100027872B01,7,15,1.0,Cohérente,Non cohérentes
1603,201100027873,2011-09-20,2011,septembre,mardi,14:50,33,33063,0.0,0.0,En agglomération,Hors intersection,3.0,Plein jour,Normale,4,A chaussées séparées,4.0,Plat,1.0,0.0,0.0,Normale,0.0,Sur chaussée,Blessé léger,Masculin,45.0,Non renseigné,3,2,0.0,2.0,3.0,13.0,201100027873A01,37,1,1.0,Cohérente,Non cohérentes
1604,201100027886,2011-09-22,2011,septembre,jeudi,18:45,33,33063,0.0,0.0,En agglomération,Intersection en T,3.0,Plein jour,Normale,4,Bidirectionnelle,2.0,Plat,1.0,0.0,0.0,Normale,0.0,Sur chaussée,Blessé léger,Féminin,16.0,Promenade - loisirs,3,2,0.0,2.0,1.0,1.0,201100027886A01,7,15,1.0,Cohérente,Non cohérentes
1605,201100027894,2011-09-23,2011,septembre,vendredi,10:15,33,33063,0.0,0.0,En agglomération,Intersection à plus de 4 branches,3.0,Plein jour,Normale,4,A sens unique,1.0,Plat,1.0,0.0,0.0,Normale,4.0,Sur chaussée,Blessé léger,Masculin,20.0,Non renseigné,3,2,0.0,2.0,1.0,1.0,201100027894A01,10,1,1.0,Cohérente,Non cohérentes
1606,201100027899,2011-09-26,2011,septembre,lundi,91:0,33,33063,0.0,0.0,En agglomération,Intersection à plus de 4 branches,3.0,Plein jour,Normale,4,A sens unique,2.0,Plat,1.0,0.0,0.0,Normale,0.0,Sur chaussée,Blessé léger,Féminin,36.0,Non renseigné,3,2,0.0,0.0,8.0,19.0,201100027899A01,30,1,1.0,Non cohérente,Non cohérentes
1607,201100027909,2011-09-27,2011,septembre,mardi,12:00,33,33063,0.0,0.0,En agglomération,Hors intersection,3.0,Plein jour,Normale,4,Bidirectionnelle,2.0,Plat,1.0,0.0,0.0,Normale,0.0,Sur chaussée,Blessé léger,Masculin,49.0,Non renseigné,3,9,1.0,0.0,3.0,1.0,201100027909A01,7,24,1.0,Cohérente,Non cohérentes
1608,201100027910,2011-09-29,2011,septembre,jeudi,18:13,33,33063,0.0,0.0,En agglomération,Intersection en X,3.0,Plein jour,Normale,4,Bidirectionnelle,2.0,Plat,1.0,0.0,0.0,Normale,0.0,Sur chaussée,Blessé léger,Féminin,13.0,Non renseigné,3,2,0.0,0.0,7.0,1.0,201100027910A01,7,1,1.0,Cohérente,Non cohérentes
1609,201100027917,2011-09-30,2011,septembre,vendredi,75:5,33,33063,0.0,0.0,En agglomération,Intersection en T,3.0,Plein jour,Pluie légère,4,Bidirectionnelle,2.0,Plat,1.0,0.0,0.0,Normale,0.0,Sur chaussée,Blessé hospitalisé,Masculin,19.0,Utilisation professionnelle,3,2,0.0,2.0,7.0,15.0,201100027917A01,33,1,1.0,Non cohérente,Non cohérentes
1610,201100027965,2011-10-12,2011,octobre,mercredi,13:40,33,33063,0.0,0.0,En agglomération,Hors intersection,6.0,Plein jour,Normale,4,A sens unique,2.0,Plat,1.0,0.0,0.0,Normale,0.0,Sur chaussée,Blessé hospitalisé,Féminin,18.0,Non renseigné,3,9,0.0,2.0,0.0,1.0,201100027965B01,7,22,1.0,Cohérente,Non cohérentes
1611,201100027966,2011-10-13,2011,octobre,jeudi,13:15,33,33063,0.0,0.0,En agglomération,Giratoire,3.0,Plein jour,Normale,4,Bidirectionnelle,2.0,Plat,3.0,0.0,0.0,Normale,0.0,Sur chaussée,Blessé léger,Masculin,13.0,Non renseigné,3,9,0.0,2.0,8.0,9.0,201100027966B01,7,9,1.0,Cohérente,Non cohérentes
1612,201100027972,2011-10-14,2011,octobre,vendredi,15:45,33,33063,0.0,0.0,En agglomération,Intersection en X,3.0,Plein jour,Normale,4,A sens unique,1.0,Plat,1.0,0.0,0.0,Normale,0.0,Sur chaussée,Blessé léger,Masculin,16.0,Non renseigné,3,2,0.0,0.0,2.0,1.0,201100027972A01,7,1,1.0,Cohérente,Non cohérentes
1613,201100027978,2011-10-17,2011,octobre,lundi,14:50,33,33063,0.0,0.0,En agglomération,Hors intersection,3.0,Plein jour,Normale,4,Avec voies d'affectation variable,1.0,Plat,1.0,0.0,0.0,Normale,0.0,Sur chaussée,Blessé léger,Féminin,66.0,Promenade - loisirs,3,2,0.0,2.0,0.0,3.0,201100027978B01,1,1,1.0,Cohérente,Non cohérentes
1614,201100027978,2011-10-17,2011,octobre,lundi,14:50,33,33063,0.0,0.0,En agglomération,Hors intersection,3.0,Plein jour,Normale,4,Avec voies d'affectation variable,1.0,Plat,1.0,0.0,0.0,Normale,0.0,Sur chaussée,Indemne,Masculin,25.0,Non renseigné,3,2,0.0,2.0,0.0,1.0,201100027978A01,1,3,1.0,Cohérente,Non cohérentes
1615,201100027996,2011-10-21,2011,octobre,vendredi,65:0,33,33063,0.0,0.0,En agglomération,Intersection en X,3.0,Nuit avec éclairage public allumé,Normale,4,A sens unique,1.0,Plat,1.0,0.0,0.0,Normale,0.0,Sur chaussée,Blessé léger,Féminin,43.0,Non renseigné,1,4,0.0,0.0,7.0,1.0,201100027996B01,7,1,1.0,Non cohérente,Non cohérentes
1616,201100027998,2011-10-21,2011,octobre,vendredi,10:20,33,33063,0.0,0.0,En agglomération,Intersection en T,3.0,Plein jour,Normale,4,A sens unique,1.0,Plat,1.0,0.0,0.0,Normale,0.0,Sur chaussée,Blessé léger,Féminin,23.0,Non renseigné,3,2,0.0,2.0,1.0,5.0,201100027998A01,7,16,1.0,Cohérente,Non cohérentes
1617,201100028001,2011-10-24,2011,octobre,lundi,94:0,33,33063,0.0,0.0,En agglomération,Intersection à plus de 4 branches,3.0,Plein jour,Normale,4,A chaussées séparées,4.0,Plat,1.0,0.0,0.0,Normale,0.0,Sur chaussée,Blessé hospitalisé,Féminin,27.0,Utilisation professionnelle,3,2,0.0,2.0,9.0,1.0,201100028001B01,14,16,1.0,Non cohérente,Non cohérentes
1618,201100028031,2011-10-30,2011,octobre,dimanche,60:0,33,33063,0.0,0.0,En agglomération,Intersection en T,6.0,Nuit avec éclairage public allumé,Normale,4,Bidirectionnelle,0.0,Plat,1.0,0.0,0.0,Normale,0.0,Sur chaussée,Blessé hospitalisé,Masculin,21.0,Promenade - loisirs,3,9,0.0,0.0,4.0,1.0,201100028031B01,7,2,1.0,Non cohérente,Non cohérentes
1619,201100028098,2011-11-21,2011,novembre,lundi,83:0,33,33063,0.0,0.0,En agglomération,Intersection en X,3.0,Plein jour,Normale,4,Bidirectionnelle,2.0,Plat,1.0,0.0,0.0,Normale,0.0,Sur chaussée,Blessé léger,Masculin,41.0,Non renseigné,3,2,0.0,0.0,0.0,1.0,201100028098B01,7,16,1.0,Non cohérente,Non cohérentes
1620,201100028104,2011-11-22,2011,novembre,mardi,16:38,33,33063,0.0,0.0,En agglomération,Autre intersection,3.0,Plein jour,Normale,4,Bidirectionnelle,0.0,Plat,1.0,0.0,0.0,Normale,0.0,Sur chaussée,Blessé léger,Masculin,38.0,Non renseigné,3,9,0.0,2.0,0.0,1.0,201100028104A01,7,0,1.0,Cohérente,Non cohérentes
1621,201100028123,2011-11-28,2011,novembre,lundi,10:00,33,33063,0.0,0.0,En agglomération,Intersection en X,3.0,Plein jour,Normale,4,A sens unique,1.0,Plat,1.0,0.0,0.0,Mouillée,0.0,Sur chaussée,Blessé léger,Féminin,27.0,Non renseigné,3,2,0.0,2.0,0.0,5.0,201100028123A01,7,1,1.0,Cohérente,Non cohérentes
1622,201100028138,2011-11-30,2011,novembre,mercredi,18:05,33,33063,0.0,0.0,En agglomération,Hors intersection,3.0,Nuit avec éclairage public allumé,Normale,4,Bidirectionnelle,2.0,Plat,2.0,0.0,0.0,Normale,0.0,Sur chaussée,Blessé hospitalisé,Féminin,39.0,Domicile - travail,3,4,0.0,2.0,2.0,2.0,201100028138B01,30,2,1.0,Cohérente,Non cohérentes
1623,201100028176,2011-12-08,2011,décembre,jeudi,21:50,33,33063,0.0,0.0,En agglomération,Intersection en Y,3.0,Nuit avec éclairage public allumé,Temps couvert,4,Non renseigné,1.0,Non renseigné,-1.0,0.0,0.0,Non renseigné,1.0,Sur chaussée,Blessé léger,Féminin,33.0,Non renseigné,3,4,0.0,2.0,2.0,1.0,201100028176A01,10,1,1.0,Cohérente,Non cohérentes
1624,201100028180,2011-12-11,2011,décembre,dimanche,53:0,33,33063,0.0,0.0,En agglomération,Hors intersection,7.0,Nuit avec éclairage public allumé,Normale,4,Avec voies d'affectation variable,8.0,Plat,1.0,0.0,60.0,Normale,4.0,Sur chaussée,Blessé hospitalisé,Féminin,30.0,Non renseigné,3,4,0.0,0.0,1.0,0.0,201100028180A01,,,,Non cohérente,Non cohérentes
1625,201100028208,2011-12-16,2011,décembre,vendredi,21:30,33,33063,0.0,0.0,En agglomération,Intersection à plus de 4 branches,3.0,Nuit avec éclairage public allumé,Pluie forte,4,Bidirectionnelle,2.0,Plat,3.0,0.0,0.0,Mouillée,4.0,Sur chaussée,Blessé léger,Masculin,23.0,Non renseigné,3,9,0.0,2.0,4.0,19.0,201100028208A01,7,16,1.0,Cohérente,Non cohérentes
1626,201100028212,2011-12-19,2011,décembre,lundi,21:15,33,33063,0.0,0.0,En agglomération,Intersection en X,3.0,Nuit avec éclairage public allumé,Normale,4,Bidirectionnelle,2.0,Plat,1.0,0.0,0.0,Mouillée,0.0,Sur chaussée,Blessé hospitalisé,Féminin,31.0,Non renseigné,3,4,0.0,0.0,0.0,1.0,201100028212A01,7,1,1.0,Cohérente,Non cohérentes
1627,201100030341,2011-01-04,2011,janvier,mardi,16:00,38,38185,45.1899,5.71801,En agglomération,Intersection en X,3.0,Plein jour,Normale,4,Bidirectionnelle,4.0,Plat,1.0,0.0,200.0,Normale,0.0,Sur chaussée,Blessé hospitalisé,Féminin,63.0,Promenade - loisirs,2,2,0.0,4.0,1.0,15.0,201100030341B01,40,1,1.0,Cohérente,Cohérentes
1628,201100030345,2011-01-06,2011,janvier,jeudi,81:5,38,38185,45.176,5.71763,En agglomération,Hors intersection,3.0,Plein jour,Normale,4,Bidirectionnelle,2.0,Plat,1.0,0.0,0.0,Normale,0.0,Sur chaussée,Blessé léger,Masculin,29.0,Domicile - travail,1,2,0.0,2.0,8.0,0.0,201100030345B01,7,17,1.0,Non cohérente,Cohérentes
1629,201100030361,2011-01-31,2011,janvier,lundi,14:00,38,38185,45.1897,5.72465,En agglomération,Intersection en X,3.0,Plein jour,Normale,4,Non renseigné,2.0,Plat,1.0,0.0,0.0,Normale,5.0,Sur chaussée,Blessé hospitalisé,Masculin,65.0,Domicile - travail,3,9,0.0,2.0,1.0,1.0,201100030361B01,37,1,1.0,Cohérente,Cohérentes
1630,201100030371,2011-03-03,2011,mars,jeudi,64:0,38,38185,45.1902,5.73214,En agglomération,Intersection en X,3.0,Crépuscule ou aube,Normale,4,A sens unique,1.0,Plat,1.0,0.0,64.0,Normale,0.0,Sur chaussée,Blessé léger,Masculin,35.0,Domicile - travail,1,2,0.0,2.0,1.0,1.0,201100030371B01,7,1,1.0,Non cohérente,Cohérentes
1631,201100030373,2011-03-10,2011,mars,jeudi,19:45,38,38185,45.1779,5.7276,En agglomération,Intersection en X,6.0,Crépuscule ou aube,Normale,4,Non renseigné,0.0,Non renseigné,-1.0,0.0,0.0,Non renseigné,0.0,Aucun,Blessé hospitalisé,Masculin,23.0,Promenade - loisirs,2,2,0.0,2.0,8.0,15.0,201100030373B01,7,1,1.0,Cohérente,Cohérentes
1632,201100030375,2011-03-15,2011,mars,mardi,18:30,38,38185,45.1895,5.729,En agglomération,Hors intersection,6.0,Plein jour,Normale,4,Bidirectionnelle,2.0,Plat,1.0,0.0,0.0,Normale,0.0,Sur chaussée,Indemne,Féminin,68.0,Promenade - loisirs,1,2,0.0,1.0,1.0,1.0,201100030375A01,,,,Cohérente,Cohérentes
1633,201100030378,2011-03-21,2011,mars,lundi,18:00,38,38185,45.2054,5.70045,En agglomération,Giratoire,3.0,Plein jour,Normale,3,Bidirectionnelle,2.0,Plat,1.0,0.0,0.0,Normale,2.0,Sur chaussée,Blessé hospitalisé,Masculin,35.0,Domicile - travail,1,2,0.0,2.0,1.0,1.0,201100030378B01,7,16,1.0,Cohérente,Cohérentes
1634,201100030381,2011-03-23,2011,mars,mercredi,15:10,38,38185,45.1884,5.71448,En agglomération,Intersection en T,6.0,Plein jour,Normale,4,A sens unique,1.0,Non renseigné,-1.0,0.0,0.0,Normale,0.0,Aucun,Blessé léger,Féminin,35.0,Domicile - travail,2,2,0.0,4.0,7.0,16.0,201100030381B01,40,1,1.0,Cohérente,Cohérentes
1635,201100030393,2011-04-21,2011,avril,jeudi,18:35,38,38185,45.1887,5.72582,En agglomération,Intersection en X,3.0,Plein jour,Normale,3,Bidirectionnelle,3.0,Plat,1.0,0.0,103.0,Normale,0.0,Sur chaussée,Blessé léger,Masculin,31.0,Domicile - travail,2,2,0.0,2.0,1.0,1.0,201100030393B01,33,1,1.0,Cohérente,Cohérentes
1636,201100030413,2011-06-08,2011,juin,mercredi,70:0,38,38185,0.0,0.0,En agglomération,Intersection en X,6.0,Plein jour,Pluie légère,4,Bidirectionnelle,3.0,Plat,1.0,0.0,95.0,Mouillée,0.0,Sur chaussée,Blessé léger,Féminin,33.0,Domicile - travail,2,2,0.0,2.0,8.0,1.0,201100030413B01,7,15,1.0,Non cohérente,Non cohérentes
1637,201100030416,2011-06-17,2011,juin,vendredi,13:40,38,38185,0.0,0.0,En agglomération,Intersection en X,6.0,Plein jour,Normale,4,Bidirectionnelle,2.0,Plat,1.0,0.0,68.0,Normale,0.0,Sur chaussée,Blessé léger,Masculin,31.0,Promenade - loisirs,2,2,0.0,2.0,8.0,1.0,201100030416B01,10,16,1.0,Cohérente,Non cohérentes
1638,201100030425,2011-06-27,2011,juin,lundi,18:50,38,38185,0.0,0.0,En agglomération,Hors intersection,3.0,Plein jour,Normale,4,A sens unique,1.0,Plat,1.0,0.0,30.0,Normale,0.0,Sur chaussée,Blessé léger,Féminin,60.0,Domicile - travail,2,2,0.0,2.0,7.0,0.0,201100030425B01,7,15,1.0,Cohérente,Non cohérentes
1639,201100030432,2011-07-02,2011,juillet,samedi,10:00,38,38185,0.0,0.0,En agglomération,Intersection en X,3.0,Plein jour,Normale,4,Bidirectionnelle,2.0,Plat,1.0,0.0,0.0,Normale,0.0,Sur chaussée,Blessé léger,Masculin,82.0,Promenade - loisirs,2,2,0.0,2.0,2.0,1.0,201100030432B01,7,15,1.0,Cohérente,Non cohérentes
1640,201100030437,2011-07-22,2011,juillet,vendredi,23:25,38,38185,0.0,0.0,En agglomération,Hors intersection,6.0,Nuit avec éclairage public allumé,Normale,4,A sens unique,1.0,Plat,1.0,0.0,0.0,Normale,0.0,Sur chaussée,Blessé léger,Masculin,20.0,Non renseigné,2,2,0.0,2.0,8.0,19.0,201100030437A01,7,1,1.0,Cohérente,Non cohérentes
1641,201100030444,2011-08-15,2011,août,lundi,83:0,38,38185,0.0,0.0,En agglomération,Intersection en X,3.0,Plein jour,Normale,4,Bidirectionnelle,2.0,Plat,1.0,0.0,126.0,Normale,0.0,Sur chaussée,Blessé léger,Masculin,38.0,Autre,2,2,0.0,2.0,7.0,1.0,201100030444B01,7,1,1.0,Non cohérente,Non cohérentes
1642,201100030454,2011-09-09,2011,septembre,vendredi,10:45,38,38185,0.0,0.0,En agglomération,Hors intersection,6.0,Plein jour,Normale,4,Bidirectionnelle,3.0,Plat,1.0,0.0,0.0,Normale,0.0,Sur chaussée,Blessé léger,Féminin,29.0,Domicile - travail,2,2,1.0,0.0,1.0,1.0,201100030454B01,7,22,1.0,Cohérente,Non cohérentes
1643,201100030461,2011-09-16,2011,septembre,vendredi,12:00,38,38185,0.0,0.0,En agglomération,Hors intersection,6.0,Plein jour,Normale,4,Bidirectionnelle,2.0,Plat,1.0,0.0,98.0,Normale,0.0,Sur chaussée,Blessé léger,Féminin,22.0,Promenade - loisirs,3,9,0.0,2.0,1.0,1.0,201100030461B01,7,1,1.0,Cohérente,Non cohérentes
1644,201100030467,2011-10-03,2011,octobre,lundi,19:00,38,38185,0.0,0.0,En agglomération,Intersection en X,3.0,Plein jour,Normale,4,A sens unique,2.0,Plat,1.0,0.0,100.0,Normale,0.0,Sur chaussée,Blessé léger,Féminin,55.0,Promenade - loisirs,3,9,0.0,2.0,8.0,1.0,201100030467B01,7,15,1.0,Cohérente,Non cohérentes
1645,201100030472,2011-10-07,2011,octobre,vendredi,15:20,38,38185,0.0,0.0,En agglomération,Intersection en X,3.0,Plein jour,Normale,4,Bidirectionnelle,3.0,Plat,1.0,0.0,0.0,Normale,0.0,Sur chaussée,Blessé léger,Masculin,63.0,Promenade - loisirs,1,2,0.0,2.0,1.0,1.0,201100030472A01,37,1,1.0,Cohérente,Non cohérentes
1646,201100030474,2011-10-17,2011,octobre,lundi,14:25,38,38185,0.0,0.0,En agglomération,Hors intersection,6.0,Plein jour,Normale,4,Avec voies d'affectation variable,2.0,Plat,1.0,0.0,0.0,Normale,6.0,Sur chaussée,Indemne,Masculin,15.0,Promenade - loisirs,2,2,0.0,1.0,1.0,0.0,201100030474A01,,,,Cohérente,Non cohérentes
1647,201100030474,2011-10-17,2011,octobre,lundi,14:25,38,38185,0.0,0.0,En agglomération,Hors intersection,6.0,Plein jour,Normale,4,Avec voies d'affectation variable,2.0,Plat,1.0,0.0,0.0,Normale,6.0,Sur chaussée,Blessé hospitalisé,Féminin,82.0,Promenade - loisirs,3,9,0.0,1.0,1.0,0.0,201100030474A01,,,,Cohérente,Non cohérentes
1648,201100030476,2011-10-26,2011,octobre,mercredi,10:10,38,38185,45.162,5.71591,En agglomération,Hors intersection,3.0,Plein jour,Normale,3,A chaussées séparées,4.0,Plat,1.0,0.0,0.0,Normale,0.0,Sur chaussée,Tué,Féminin,17.0,Promenade - loisirs,2,9,0.0,2.0,1.0,1.0,201100030476B01,14,16,1.0,Cohérente,Cohérentes
1649,201100030486,2011-11-18,2011,novembre,vendredi,15:50,38,38185,0.0,0.0,En agglomération,Intersection en X,3.0,Plein jour,Normale,4,A sens unique,3.0,Plat,1.0,0.0,110.0,Normale,0.0,Sur chaussée,Blessé léger,Masculin,39.0,Promenade - loisirs,3,9,0.0,2.0,1.0,1.0,201100030486A01,7,15,1.0,Cohérente,Non cohérentes
1650,201100030489,2011-11-21,2011,novembre,lundi,13:50,38,38185,0.0,0.0,En agglomération,Intersection en X,3.0,Plein jour,Normale,4,Bidirectionnelle,2.0,Plat,1.0,0.0,220.0,Normale,0.0,Sur chaussée,Blessé léger,Féminin,22.0,Domicile - école,3,9,0.0,2.0,7.0,1.0,201100030489B01,7,15,1.0,Cohérente,Non cohérentes
1651,201100030492,2011-11-23,2011,novembre,mercredi,82:0,38,38185,0.0,0.0,En agglomération,Intersection en X,3.0,Plein jour,Normale,4,Bidirectionnelle,2.0,Plat,1.0,0.0,0.0,Normale,0.0,Sur chaussée,Blessé léger,Féminin,26.0,Promenade - loisirs,2,2,0.0,2.0,1.0,1.0,201100030492B01,7,16,1.0,Non cohérente,Non cohérentes
1652,201100030505,2011-12-09,2011,décembre,vendredi,17:05,38,38185,0.0,0.0,En agglomération,Intersection en T,3.0,Crépuscule ou aube,Normale,4,Bidirectionnelle,2.0,Plat,1.0,0.0,70.0,Normale,0.0,Sur chaussée,Blessé léger,Masculin,73.0,Promenade - loisirs,3,9,0.0,2.0,1.0,1.0,201100030505B01,7,15,1.0,Cohérente,Non cohérentes