,Num_Acc,date,an,mois,jour,hrmn,dep,com,lat,long,agg,int,col,lum,atm,catr,circ,nbv,prof,plan,lartpc,larrout,surf,infra,situ,grav,sexe,age,trajet,secuexist,equipement,obs,obsm,choc,manv,vehiculeid,typevehicules,manoeuvehicules,numVehicules,statut_heure,statut_coord
1653,201100030514,2011-12-21,2011,décembre,mercredi,16:15,38,38185,0.0,0.0,En agglomération,Intersection en X,3.0,Plein jour,Pluie légère,4,Bidirectionnelle,2.0,Plat,1.0,0.0,0.0,Mouillée,0.0,Sur chaussée,Blessé léger,Masculin,87.0,Promenade - loisirs,3,9,0.0,2.0,7.0,1.0,201100030514B01,7,1,1.0,Cohérente,Non cohérentes
1654,201100030518,2011-12-24,2011,décembre,samedi,19:00,38,38185,0.0,0.0,En agglomération,Hors intersection,6.0,Nuit avec éclairage public allumé,Normale,4,Bidirectionnelle,2.0,Plat,1.0,0.0,0.0,Normale,0.0,Sur chaussée,Blessé léger,Féminin,60.0,Autre,3,9,0.0,2.0,1.0,1.0,201100030518B01,10,22,1.0,Cohérente,Non cohérentes
1655,201100038751,2011-01-08,2011,janvier,samedi,75:0,67,67482,0.0,0.0,En agglomération,Intersection en X,3.0,Plein jour,Pluie légère,4,Bidirectionnelle,2.0,Plat,1.0,0.0,70.0,Mouillée,0.0,Sur chaussée,Blessé léger,Masculin,17.0,Domicile - école,3,9,0.0,2.0,7.0,19.0,201100038751B01,7,1,1.0,Non cohérente,Non cohérentes
1656,201100038758,2011-01-14,2011,janvier,vendredi,19:50,67,67482,0.0,0.0,En agglomération,Intersection en X,3.0,Nuit avec éclairage public allumé,Normale,4,Bidirectionnelle,2.0,Plat,1.0,0.0,60.0,Normale,0.0,Sur chaussée,Blessé léger,Masculin,47.0,Promenade - loisirs,3,9,0.0,2.0,1.0,1.0,201100038758B01,7,15,1.0,Cohérente,Non cohérentes
1657,201100038768,2011-01-21,2011,janvier,vendredi,19:50,67,67482,0.0,0.0,En agglomération,Hors intersection,6.0,Nuit avec éclairage public allumé,Normale,4,A chaussées séparées,2.0,Plat,-1.0,0.0,50.0,Normale,0.0,Sur trottoir,Indemne,Féminin,38.0,Domicile - travail,3,9,0.0,1.0,1.0,1.0,201100038768A01,,,,Cohérente,Non cohérentes
1658,201100038782,2011-02-04,2011,février,vendredi,13:50,67,67482,0.0,0.0,En agglomération,Hors intersection,6.0,Plein jour,Normale,4,A sens unique,1.0,Plat,1.0,0.0,60.0,Normale,0.0,Sur chaussée,Blessé léger,Féminin,21.0,Non renseigné,3,2,1.0,1.0,1.0,1.0,201100038782A01,,,,Cohérente,Non cohérentes
1659,201100038782,2011-02-04,2011,février,vendredi,13:50,67,67482,0.0,0.0,En agglomération,Hors intersection,6.0,Plein jour,Normale,4,A sens unique,1.0,Plat,1.0,0.0,60.0,Normale,0.0,Sur chaussée,Indemne,Masculin,19.0,Non renseigné,3,9,1.0,1.0,1.0,1.0,201100038782A01,,,,Cohérente,Non cohérentes
1660,201100038785,2011-02-10,2011,février,jeudi,82:0,67,67482,0.0,0.0,En agglomération,Intersection en T,3.0,Plein jour,Normale,4,A sens unique,1.0,Plat,1.0,0.0,25.0,Normale,0.0,Sur chaussée,Blessé léger,Féminin,59.0,Domicile - travail,3,9,0.0,2.0,1.0,1.0,201100038785B01,10,1,1.0,Non cohérente,Non cohérentes
1661,201100038790,2011-02-14,2011,février,lundi,70:5,67,67482,0.0,0.0,En agglomération,Intersection en T,6.0,Crépuscule ou aube,Normale,4,Bidirectionnelle,2.0,Plat,1.0,24.0,96.0,Normale,0.0,Sur chaussée,Blessé léger,Masculin,40.0,Domicile - travail,2,2,0.0,2.0,2.0,1.0,201100038790A01,7,15,1.0,Non cohérente,Non cohérentes
1662,201100038791,2011-02-14,2011,février,lundi,10:55,67,67482,0.0,0.0,En agglomération,Hors intersection,6.0,Plein jour,Normale,4,A chaussées séparées,5.0,Plat,1.0,32.0,160.0,Normale,0.0,Sur chaussée,Blessé léger,Masculin,55.0,Non renseigné,2,2,0.0,2.0,2.0,1.0,201100038791A01,7,16,1.0,Cohérente,Non cohérentes
1663,201100038797,2011-02-16,2011,février,mercredi,15:45,67,67482,0.0,0.0,En agglomération,Hors intersection,3.0,Plein jour,Normale,4,Bidirectionnelle,2.0,Plat,1.0,80.0,120.0,Normale,0.0,Sur piste cyclable,Blessé léger,Masculin,43.0,Domicile - travail,3,9,1.0,0.0,1.0,1.0,201100038797B01,7,22,1.0,Cohérente,Non cohérentes
1664,201100038800,2011-02-20,2011,février,dimanche,55:0,67,67482,0.0,0.0,En agglomération,Hors intersection,1.0,Nuit avec éclairage public allumé,Normale,4,A sens unique,2.0,Plat,-1.0,0.0,69.0,Normale,0.0,Sur chaussée,Blessé léger,Féminin,21.0,Domicile - travail,3,9,0.0,2.0,1.0,1.0,201100038800B01,7,1,1.0,Non cohérente,Non cohérentes
1665,201100038835,2011-03-23,2011,mars,mercredi,12:50,67,67482,0.0,0.0,En agglomération,Intersection en T,6.0,Plein jour,Normale,4,Bidirectionnelle,2.0,Plat,1.0,0.0,130.0,Normale,0.0,Sur chaussée,Blessé léger,Masculin,11.0,Promenade - loisirs,3,2,0.0,2.0,2.0,1.0,201100038835B01,7,1,1.0,Cohérente,Non cohérentes
1666,201100038848,2011-04-03,2011,avril,dimanche,17:25,67,67482,0.0,0.0,En agglomération,Hors intersection,3.0,Plein jour,Normale,4,Bidirectionnelle,2.0,Plat,3.0,0.0,80.0,Normale,0.0,Sur chaussée,Blessé hospitalisé,Masculin,7.0,Non renseigné,3,9,0.0,2.0,1.0,16.0,201100038848B01,7,1,1.0,Cohérente,Non cohérentes
1667,201100038850,2011-04-04,2011,avril,lundi,10:30,67,67482,0.0,0.0,En agglomération,Hors intersection,6.0,Plein jour,Normale,4,A sens unique,2.0,Plat,2.0,0.0,70.0,Normale,4.0,Sur chaussée,Blessé léger,Féminin,20.0,Non renseigné,3,9,0.0,4.0,3.0,23.0,201100038850A01,40,1,1.0,Cohérente,Non cohérentes
1668,201100038857,2011-04-07,2011,avril,jeudi,16:08,67,67482,0.0,0.0,En agglomération,Intersection en T,3.0,Plein jour,Normale,4,A chaussées séparées,3.0,Plat,1.0,30.0,101.0,Normale,0.0,Sur chaussée,Blessé léger,Masculin,52.0,Promenade - loisirs,3,9,0.0,2.0,2.0,1.0,201100038857A01,40,1,1.0,Cohérente,Non cohérentes
1669,201100038858,2011-04-07,2011,avril,jeudi,16:15,67,67482,0.0,0.0,En agglomération,Intersection en X,5.0,Plein jour,Pluie légère,4,Bidirectionnelle,2.0,Plat,1.0,0.0,81.0,Normale,0.0,Sur chaussée,Blessé léger,Féminin,52.0,Promenade - loisirs,3,9,0.0,2.0,8.0,19.0,201100038858C01,7/ 10,16/23,2.0,Cohérente,Non cohérentes
1670,201100038866,2011-04-11,2011,avril,lundi,11:35,67,67482,0.0,0.0,En agglomération,Hors intersection,3.0,Plein jour,Normale,4,A sens unique,1.0,Plat,1.0,0.0,60.0,Normale,0.0,Sur chaussée,Blessé léger,Masculin,27.0,Non renseigné,3,9,1.0,0.0,1.0,1.0,201100038866B01,7,22,1.0,Cohérente,Non cohérentes
1671,201100038869,2011-04-12,2011,avril,mardi,19:05,67,67482,0.0,0.0,En agglomération,Intersection en T,3.0,Plein jour,Normale,4,Bidirectionnelle,2.0,Plat,1.0,0.0,55.0,Normale,0.0,Sur piste cyclable,Blessé léger,Masculin,70.0,Non renseigné,3,9,0.0,1.0,1.0,1.0,201100038869B01,7,15,1.0,Cohérente,Non cohérentes
1672,201100038873,2011-04-15,2011,avril,vendredi,85:0,67,67482,0.0,0.0,En agglomération,Hors intersection,6.0,Plein jour,Normale,4,A sens unique,1.0,Plat,-1.0,0.0,34.0,Normale,0.0,Sur piste cyclable,Blessé hospitalisé,Féminin,21.0,Domicile - école,3,9,0.0,1.0,1.0,1.0,201100038873A01,,,,Non cohérente,Non cohérentes
1673,201100038874,2011-04-15,2011,avril,vendredi,13:15,67,67482,0.0,0.0,En agglomération,Hors intersection,6.0,Plein jour,Normale,4,Bidirectionnelle,2.0,Plat,1.0,0.0,100.0,Normale,0.0,Sur chaussée,Blessé léger,Féminin,34.0,Non renseigné,3,9,0.0,2.0,1.0,13.0,201100038874A01,7,1,1.0,Cohérente,Non cohérentes
1674,201100038876,2011-04-19,2011,avril,mardi,10:35,67,67482,0.0,0.0,En agglomération,Hors intersection,6.0,Plein jour,Normale,4,Bidirectionnelle,2.0,Plat,1.0,0.0,80.0,Normale,0.0,Sur chaussée,Blessé léger,Masculin,17.0,Promenade - loisirs,2,2,0.0,2.0,1.0,1.0,201100038876B01,7,24,1.0,Cohérente,Non cohérentes
1675,201100038888,2011-04-29,2011,avril,vendredi,80:0,67,67482,0.0,0.0,En agglomération,Hors intersection,6.0,Plein jour,Normale,4,A sens unique,1.0,Plat,1.0,15.0,50.0,Normale,0.0,Sur piste cyclable,Indemne,Masculin,25.0,Domicile - travail,1,9,0.0,1.0,1.0,1.0,201100038888A01,,,,Non cohérente,Non cohérentes
1676,201100038901,2011-05-09,2011,mai,lundi,13:50,67,67482,0.0,0.0,En agglomération,Intersection en X,3.0,Plein jour,Normale,4,A chaussées séparées,4.0,Plat,1.0,80.0,170.0,Normale,0.0,Sur chaussée,Blessé léger,Féminin,61.0,Non renseigné,3,9,0.0,2.0,8.0,1.0,201100038901B01,34,1,1.0,Cohérente,Non cohérentes
1677,201100038910,2011-05-14,2011,mai,samedi,10:40,67,67482,0.0,0.0,En agglomération,Hors intersection,3.0,Plein jour,Normale,4,Bidirectionnelle,2.0,Plat,1.0,18.0,66.0,Normale,0.0,Sur chaussée,Blessé léger,Féminin,52.0,Non renseigné,3,9,0.0,2.0,2.0,1.0,201100038910B01,7,1,1.0,Cohérente,Non cohérentes
1678,201100038911,2011-05-16,2011,mai,lundi,85:0,67,67482,0.0,0.0,En agglomération,Hors intersection,1.0,Plein jour,Normale,4,Bidirectionnelle,2.0,Plat,4.0,0.0,30.0,Normale,0.0,Sur piste cyclable,Blessé léger,Masculin,49.0,Domicile - travail,3,9,0.0,2.0,1.0,5.0,201100038911A01,1,1,1.0,Non cohérente,Non cohérentes
1679,201100038911,2011-05-16,2011,mai,lundi,85:0,67,67482,0.0,0.0,En agglomération,Hors intersection,1.0,Plein jour,Normale,4,Bidirectionnelle,2.0,Plat,4.0,0.0,30.0,Normale,0.0,Sur piste cyclable,Blessé léger,Masculin,42.0,Promenade - loisirs,1,2,0.0,2.0,1.0,1.0,201100038911B01,1,5,1.0,Non cohérente,Non cohérentes
1680,201100038914,2011-05-19,2011,mai,jeudi,21:47,67,67482,0.0,0.0,En agglomération,Intersection en T,3.0,Nuit avec éclairage public allumé,Normale,4,Bidirectionnelle,2.0,Plat,1.0,0.0,70.0,Normale,0.0,Sur chaussée,Blessé léger,Féminin,28.0,Promenade - loisirs,1,4,0.0,2.0,7.0,15.0,201100038914A01,10,1,1.0,Cohérente,Non cohérentes
1681,201100038918,2011-05-20,2011,mai,vendredi,20:45,67,67482,0.0,0.0,En agglomération,Giratoire,3.0,Plein jour,Normale,4,Bidirectionnelle,3.0,Plat,1.0,0.0,120.0,Non renseigné,0.0,Sur chaussée,Blessé léger,Féminin,47.0,Domicile - travail,3,9,0.0,2.0,1.0,19.0,201100038918B01,7,16,1.0,Cohérente,Non cohérentes
1682,201100038921,2011-05-24,2011,mai,mardi,19:40,67,67482,0.0,0.0,En agglomération,Hors intersection,6.0,Plein jour,Normale,4,Bidirectionnelle,2.0,Plat,1.0,0.0,44.0,Normale,0.0,Sur chaussée,Blessé léger,Masculin,40.0,Promenade - loisirs,2,9,0.0,2.0,1.0,1.0,201100038921B01,7,24,1.0,Cohérente,Non cohérentes
1683,201100038928,2011-05-30,2011,mai,lundi,93:0,67,67482,0.0,0.0,En agglomération,Intersection en T,3.0,Plein jour,Normale,4,Bidirectionnelle,2.0,Plat,1.0,0.0,70.0,Normale,0.0,Aucun,Blessé léger,Masculin,57.0,Promenade - loisirs,3,9,0.0,2.0,1.0,1.0,201100038928B01,7,15,1.0,Non cohérente,Non cohérentes
1684,201100038931,2011-05-30,2011,mai,lundi,14:06,67,67482,0.0,0.0,En agglomération,Hors intersection,6.0,Plein jour,Normale,4,Bidirectionnelle,4.0,Plat,1.0,0.0,200.0,Normale,0.0,Sur chaussée,Blessé léger,Féminin,41.0,Promenade - loisirs,3,9,0.0,2.0,7.0,19.0,201100038931B01,7,1,1.0,Cohérente,Non cohérentes
1685,201100038933,2011-05-30,2011,mai,lundi,23:10,67,67482,0.0,0.0,En agglomération,Intersection en X,3.0,Nuit avec éclairage public allumé,Normale,4,Bidirectionnelle,1.0,Plat,1.0,0.0,40.0,Normale,0.0,Sur chaussée,Blessé léger,Masculin,27.0,Autre,3,9,0.0,2.0,1.0,1.0,201100038933B01,7,15,1.0,Cohérente,Non cohérentes
1686,201100038938,2011-06-01,2011,juin,mercredi,19:09,67,67482,0.0,0.0,En agglomération,Hors intersection,3.0,Plein jour,Normale,4,Bidirectionnelle,2.0,Plat,1.0,0.0,60.0,Normale,0.0,Sur chaussée,Blessé léger,Masculin,10.0,Promenade - loisirs,3,9,0.0,2.0,8.0,19.0,201100038938B01,7,1,1.0,Cohérente,Non cohérentes
1687,201100038945,2011-06-06,2011,juin,lundi,18:00,67,67482,0.0,0.0,En agglomération,Hors intersection,3.0,Plein jour,Normale,4,Bidirectionnelle,1.0,Plat,1.0,0.0,50.0,Normale,0.0,Sur chaussée,Blessé léger,Féminin,12.0,Promenade - loisirs,3,9,0.0,2.0,1.0,19.0,201100038945B01,7,1,1.0,Cohérente,Non cohérentes
1688,201100038946,2011-06-06,2011,juin,lundi,18:10,67,67482,0.0,0.0,En agglomération,Hors intersection,6.0,Plein jour,Normale,4,Bidirectionnelle,2.0,Plat,1.0,0.0,60.0,Normale,0.0,Sur chaussée,Blessé léger,Féminin,30.0,Non renseigné,3,2,0.0,2.0,1.0,18.0,201100038946B01,7,23,1.0,Cohérente,Non cohérentes
1689,201100038954,2011-06-10,2011,juin,vendredi,11:20,67,67482,0.0,0.0,En agglomération,Hors intersection,6.0,Plein jour,Normale,4,A sens unique,2.0,Plat,1.0,0.0,102.0,Normale,6.0,Sur chaussée,Indemne,Masculin,29.0,Non renseigné,3,2,0.0,1.0,1.0,1.0,201100038954A01,,,,Cohérente,Non cohérentes
1690,201100038954,2011-06-10,2011,juin,vendredi,11:20,67,67482,0.0,0.0,En agglomération,Hors intersection,6.0,Plein jour,Normale,4,A sens unique,2.0,Plat,1.0,0.0,102.0,Normale,6.0,Sur chaussée,Blessé léger,Féminin,72.0,Promenade - loisirs,3,9,0.0,1.0,1.0,1.0,201100038954A01,,,,Cohérente,Non cohérentes
1691,201100038957,2011-06-11,2011,juin,samedi,18:25,67,67482,0.0,0.0,En agglomération,Hors intersection,6.0,Plein jour,Normale,4,A sens unique,2.0,Plat,1.0,0.0,72.0,Normale,0.0,Sur chaussée,Indemne,Masculin,47.0,Non renseigné,3,2,0.0,1.0,1.0,1.0,201100038957A01,,,,Cohérente,Non cohérentes
1692,201100038960,2011-06-14,2011,juin,mardi,73:0,67,67482,0.0,0.0,En agglomération,Intersection à plus de 4 branches,3.0,Plein jour,Normale,4,Bidirectionnelle,2.0,Plat,1.0,0.0,52.0,Normale,4.0,Sur chaussée,Blessé léger,Féminin,15.0,Domicile - école,3,9,0.0,4.0,1.0,0.0,201100038960A01,40,1,1.0,Non cohérente,Non cohérentes
1693,201100038963,2011-06-14,2011,juin,mardi,20:50,67,67482,0.0,0.0,En agglomération,Hors intersection,1.0,Plein jour,Normale,4,Bidirectionnelle,2.0,Pente,2.0,0.0,100.0,Normale,0.0,Sur piste cyclable,Blessé léger,Masculin,33.0,Promenade - loisirs,3,9,0.0,2.0,1.0,1.0,201100038963A01,1,1,1.0,Cohérente,Non cohérentes
1694,201100038963,2011-06-14,2011,juin,mardi,20:50,67,67482,0.0,0.0,En agglomération,Hors intersection,1.0,Plein jour,Normale,4,Bidirectionnelle,2.0,Pente,2.0,0.0,100.0,Normale,0.0,Sur piste cyclable,Indemne,Masculin,31.0,Promenade - loisirs,3,9,0.0,2.0,1.0,1.0,201100038963B01,1,1,1.0,Cohérente,Non cohérentes
1695,201100038968,2011-06-23,2011,juin,jeudi,83:5,67,67482,0.0,0.0,En agglomération,Place,3.0,Plein jour,Normale,4,Bidirectionnelle,2.0,Plat,1.0,40.0,60.0,Normale,0.0,Sur chaussée,Blessé hospitalisé,Féminin,32.0,Domicile - travail,2,2,0.0,2.0,7.0,19.0,201100038968B01,7,1,1.0,Non cohérente,Non cohérentes
1696,201100038970,2011-06-23,2011,juin,jeudi,19:00,67,67482,0.0,0.0,En agglomération,Intersection en T,3.0,Plein jour,Normale,4,Bidirectionnelle,2.0,Plat,3.0,0.0,80.0,Mouillée,0.0,Aucun,Blessé léger,Féminin,28.0,Domicile - travail,3,9,0.0,2.0,8.0,1.0,201100038970B01,7,1,1.0,Cohérente,Non cohérentes
1697,201100038973,2011-06-24,2011,juin,vendredi,16:25,67,67482,0.0,0.0,En agglomération,Hors intersection,2.0,Plein jour,Normale,4,A sens unique,2.0,Plat,1.0,0.0,68.0,Normale,0.0,Sur chaussée,Blessé léger,Masculin,18.0,Promenade - loisirs,3,9,1.0,2.0,1.0,1.0,201100038973A01,7,1,1.0,Cohérente,Non cohérentes
1698,201100038974,2011-06-24,2011,juin,vendredi,21:40,67,67482,0.0,0.0,En agglomération,Intersection en T,3.0,Crépuscule ou aube,Normale,4,A sens unique,1.0,Plat,1.0,0.0,31.0,Normale,0.0,Sur chaussée,Blessé léger,Masculin,30.0,Promenade - loisirs,3,9,0.0,2.0,1.0,1.0,201100038974B01,7,1,1.0,Cohérente,Non cohérentes
1699,201100038975,2011-06-25,2011,juin,samedi,10:40,67,67482,0.0,0.0,En agglomération,Intersection en X,3.0,Plein jour,Normale,4,Bidirectionnelle,2.0,Plat,1.0,0.0,50.0,Normale,0.0,Sur chaussée,Blessé léger,Masculin,1.0,Promenade - loisirs,3,9,0.0,2.0,1.0,1.0,201100038975A01,7,1,1.0,Cohérente,Non cohérentes
1700,201100038976,2011-06-26,2011,juin,dimanche,18:59,67,67482,0.0,0.0,En agglomération,Intersection en X,3.0,Plein jour,Normale,4,A sens unique,2.0,Plat,1.0,0.0,60.0,Normale,0.0,Sur chaussée,Blessé léger,Masculin,62.0,Promenade - loisirs,3,9,0.0,2.0,1.0,1.0,201100038976B01,7,15,1.0,Cohérente,Non cohérentes
1701,201100038984,2011-07-01,2011,juillet,vendredi,17:45,67,67482,0.0,0.0,En agglomération,Hors intersection,6.0,Plein jour,Normale,4,Bidirectionnelle,2.0,Plat,1.0,0.0,50.0,Normale,0.0,Sur piste cyclable,Indemne,Masculin,72.0,Promenade - loisirs,3,9,0.0,1.0,1.0,1.0,201100038984A01,,,,Cohérente,Non cohérentes
1702,201100038987,2011-07-04,2011,juillet,lundi,16:25,67,67482,0.0,0.0,En agglomération,Hors intersection,3.0,Plein jour,Normale,4,Bidirectionnelle,2.0,Plat,1.0,0.0,60.0,Normale,0.0,Sur chaussée,Blessé léger,Masculin,23.0,Autre,3,9,0.0,2.0,1.0,19.0,201100038987A01,7,1,1.0,Cohérente,Non cohérentes
1703,201100038994,2011-07-07,2011,juillet,jeudi,16:35,67,67482,0.0,0.0,En agglomération,Intersection en T,3.0,Plein jour,Pluie légère,4,A chaussées séparées,2.0,Plat,1.0,30.0,150.0,Normale,0.0,Sur chaussée,Blessé hospitalisé,Masculin,15.0,Promenade - loisirs,3,2,0.0,2.0,3.0,1.0,201100038994A01,7,1,1.0,Cohérente,Non cohérentes
1704,201100038997,2011-07-09,2011,juillet,samedi,91:7,67,67482,0.0,0.0,En agglomération,Hors intersection,3.0,Plein jour,Normale,4,A chaussées séparées,4.0,Plat,1.0,45.0,120.0,Normale,4.0,Sur chaussée,Blessé hospitalisé,Féminin,62.0,Non renseigné,3,9,0.0,4.0,1.0,19.0,201100038997A01,40,1,1.0,Non cohérente,Non cohérentes
1705,201100039000,2011-07-11,2011,juillet,lundi,17:10,67,67482,0.0,0.0,En agglomération,Hors intersection,6.0,Plein jour,Normale,4,Bidirectionnelle,1.0,Plat,1.0,0.0,11.0,Normale,0.0,Sur piste cyclable,Blessé léger,Masculin,44.0,Autre,3,9,0.0,1.0,1.0,1.0,201100039000A01,,,,Cohérente,Non cohérentes
1706,201100039009,2011-07-15,2011,juillet,vendredi,20:50,67,67482,0.0,0.0,En agglomération,Intersection en X,3.0,Plein jour,Normale,4,A chaussées séparées,2.0,Plat,1.0,15.0,70.0,Normale,0.0,Sur chaussée,Blessé léger,Masculin,17.0,Promenade - loisirs,3,9,0.0,2.0,7.0,1.0,201100039009A01,7,16,1.0,Cohérente,Non cohérentes
1707,201100039017,2011-07-29,2011,juillet,vendredi,74:0,67,67482,0.0,0.0,En agglomération,Hors intersection,3.0,Crépuscule ou aube,Normale,4,Bidirectionnelle,2.0,Plat,1.0,0.0,60.0,Normale,0.0,Sur chaussée,Blessé hospitalisé,Masculin,42.0,Domicile - travail,1,9,0.0,0.0,0.0,0.0,201100039017B01,7,1,1.0,Non cohérente,Non cohérentes
1708,201100039023,2011-08-05,2011,août,vendredi,18:01,67,67482,0.0,0.0,En agglomération,Hors intersection,6.0,Plein jour,Normale,4,Bidirectionnelle,2.0,Plat,1.0,0.0,70.0,Normale,0.0,Sur trottoir,Indemne,Masculin,21.0,Non renseigné,3,9,0.0,1.0,1.0,1.0,201100039023Z01,,,,Cohérente,Non cohérentes
1709,201100039032,2011-08-12,2011,août,vendredi,18:00,67,67482,0.0,0.0,En agglomération,Intersection en X,3.0,Plein jour,Normale,4,A chaussées séparées,3.0,Plat,1.0,20.0,80.0,Normale,0.0,Sur chaussée,Blessé léger,Féminin,82.0,Non renseigné,3,2,0.0,2.0,2.0,19.0,201100039032B01,30,1,1.0,Cohérente,Non cohérentes
1710,201100039041,2011-08-19,2011,août,vendredi,19:07,67,67482,0.0,0.0,En agglomération,Intersection en X,3.0,Plein jour,Normale,4,Bidirectionnelle,2.0,Pente,1.0,0.0,60.0,Normale,0.0,Sur chaussée,Blessé léger,Masculin,20.0,Promenade - loisirs,3,2,0.0,2.0,1.0,1.0,201100039041B01,7,1,1.0,Cohérente,Non cohérentes
1711,201100039049,2011-08-25,2011,août,jeudi,17:57,67,67482,0.0,0.0,En agglomération,Intersection en X,3.0,Plein jour,Normale,4,Bidirectionnelle,6.0,Plat,1.0,20.0,70.0,Normale,0.0,Sur chaussée,Blessé léger,Masculin,19.0,Promenade - loisirs,3,4,0.0,2.0,8.0,1.0,201100039049A01,30,1,1.0,Cohérente,Non cohérentes
1712,201100039055,2011-08-29,2011,août,lundi,14:10,67,67482,0.0,0.0,En agglomération,Hors intersection,3.0,Plein jour,Normale,4,Bidirectionnelle,2.0,Plat,1.0,0.0,61.0,Normale,4.0,Sur chaussée,Blessé léger,Masculin,47.0,Autre,3,9,0.0,4.0,1.0,1.0,201100039055A01,39,1,1.0,Cohérente,Non cohérentes
1713,201100039057,2011-08-30,2011,août,mardi,90:0,67,67482,0.0,0.0,En agglomération,Intersection en X,3.0,Plein jour,Normale,4,Bidirectionnelle,3.0,Plat,-1.0,0.0,110.0,Normale,0.0,Sur chaussée,Blessé léger,Masculin,72.0,Promenade - loisirs,3,2,0.0,2.0,3.0,1.0,201100039057B01,7,16,1.0,Non cohérente,Non cohérentes
1714,201100039064,2011-09-03,2011,septembre,samedi,40:0,67,67482,0.0,0.0,En agglomération,Intersection en X,3.0,Nuit avec éclairage public allumé,Normale,4,A sens unique,2.0,Plat,3.0,0.0,56.0,Normale,0.0,Sur chaussée,Blessé hospitalisé,Masculin,19.0,Promenade - loisirs,3,9,0.0,2.0,3.0,19.0,201100039064B01,7,1,1.0,Non cohérente,Non cohérentes
1715,201100039064,2011-09-03,2011,septembre,samedi,40:0,67,67482,0.0,0.0,En agglomération,Intersection en X,3.0,Nuit avec éclairage public allumé,Normale,4,A sens unique,2.0,Plat,3.0,0.0,56.0,Normale,0.0,Sur chaussée,Blessé hospitalisé,Masculin,18.0,Promenade - loisirs,3,9,0.0,2.0,3.0,19.0,201100039064B01,7,1,1.0,Non cohérente,Non cohérentes
1716,201100039068,2011-09-06,2011,septembre,mardi,82:5,67,67482,0.0,0.0,En agglomération,Hors intersection,2.0,Plein jour,Normale,4,Bidirectionnelle,3.0,Plat,1.0,0.0,90.0,Normale,0.0,Sur chaussée,Blessé léger,Féminin,37.0,Domicile - travail,3,9,0.0,2.0,1.0,18.0,201100039068A01,37,1,1.0,Non cohérente,Non cohérentes
1717,201100039069,2011-09-06,2011,septembre,mardi,10:00,67,67482,0.0,0.0,En agglomération,Intersection en T,3.0,Plein jour,Normale,4,A sens unique,2.0,Plat,3.0,0.0,100.0,Normale,0.0,Sur chaussée,Blessé léger,Féminin,62.0,Promenade - loisirs,3,9,0.0,2.0,7.0,1.0,201100039069A01,3,16,1.0,Cohérente,Non cohérentes
1718,201100039073,2011-09-08,2011,septembre,jeudi,84:5,67,67482,0.0,0.0,En agglomération,Intersection en X,3.0,Plein jour,Normale,4,Bidirectionnelle,3.0,Plat,1.0,0.0,100.0,Normale,0.0,Sur chaussée,Blessé léger,Féminin,64.0,Non renseigné,3,2,0.0,2.0,1.0,1.0,201100039073B01,7,15,1.0,Non cohérente,Non cohérentes
1719,201100039074,2011-09-08,2011,septembre,jeudi,13:35,67,67482,0.0,0.0,En agglomération,Intersection en X,3.0,Plein jour,Normale,4,A sens unique,1.0,Plat,1.0,0.0,60.0,Normale,0.0,Sur chaussée,Blessé léger,Féminin,51.0,Domicile - travail,3,9,0.0,2.0,8.0,15.0,201100039074B01,7,16,1.0,Cohérente,Non cohérentes
1720,201100039078,2011-09-12,2011,septembre,lundi,61:0,67,67482,0.0,0.0,En agglomération,Intersection en X,3.0,Crépuscule ou aube,Normale,4,Bidirectionnelle,3.0,Plat,2.0,0.0,165.0,Normale,0.0,Sur chaussée,Blessé léger,Féminin,27.0,Domicile - travail,3,9,0.0,2.0,7.0,19.0,201100039078A01,7,16,1.0,Non cohérente,Non cohérentes
1721,201100039083,2011-09-14,2011,septembre,mercredi,12:05,67,67482,0.0,0.0,En agglomération,Intersection en T,3.0,Plein jour,Normale,4,Bidirectionnelle,3.0,Plat,1.0,0.0,90.0,Normale,0.0,Sur chaussée,Blessé léger,Féminin,19.0,Domicile - école,2,9,0.0,2.0,8.0,15.0,201100039083A01,7,1,1.0,Cohérente,Non cohérentes
1722,201100039085,2011-09-16,2011,septembre,vendredi,94:0,67,67482,0.0,0.0,En agglomération,Intersection en X,3.0,Plein jour,Normale,4,Bidirectionnelle,6.0,Plat,1.0,0.0,100.0,Normale,0.0,Sur chaussée,Blessé hospitalisé,Masculin,29.0,Domicile - travail,3,4,0.0,2.0,1.0,19.0,201100039085A01,7,1,1.0,Non cohérente,Non cohérentes
1723,201100039086,2011-09-16,2011,septembre,vendredi,12:50,67,67482,0.0,0.0,En agglomération,Intersection en X,3.0,Plein jour,Normale,4,Bidirectionnelle,2.0,Plat,1.0,0.0,69.0,Normale,0.0,Sur chaussée,Blessé léger,Féminin,62.0,Non renseigné,3,2,0.0,2.0,1.0,1.0,201100039086A01,7,1,1.0,Cohérente,Non cohérentes
1724,201100039093,2011-09-23,2011,septembre,vendredi,10:35,67,67482,0.0,0.0,En agglomération,Hors intersection,2.0,Plein jour,Normale,4,Bidirectionnelle,2.0,Plat,1.0,0.0,60.0,Normale,0.0,Sur chaussée,Blessé hospitalisé,Masculin,26.0,Non renseigné,3,4,0.0,2.0,1.0,2.0,201100039093A01,7,2,1.0,Cohérente,Non cohérentes