,Num_Acc,date,an,mois,jour,hrmn,dep,com,lat,long,agg,int,col,lum,atm,catr,circ,nbv,prof,plan,lartpc,larrout,surf,infra,situ,grav,sexe,age,trajet,secuexist,equipement,obs,obsm,choc,manv,vehiculeid,typevehicules,manoeuvehicules,numVehicules,statut_heure,statut_coord
1725,201100039094,2011-09-23,2011,septembre,vendredi,15:40,67,67482,0.0,0.0,En agglomération,Place,3.0,Plein jour,Normale,4,A sens unique,2.0,Plat,1.0,0.0,220.0,Normale,5.0,Sur chaussée,Blessé léger,Masculin,14.0,Promenade - loisirs,2,2,0.0,2.0,1.0,1.0,201100039094B01,7,1,1.0,Cohérente,Non cohérentes
1726,201100039099,2011-09-25,2011,septembre,dimanche,18:35,67,67482,0.0,0.0,En agglomération,Intersection en T,3.0,Plein jour,Normale,4,Bidirectionnelle,2.0,Plat,1.0,0.0,32.0,Normale,0.0,Sur chaussée,Blessé léger,Masculin,7.0,Promenade - loisirs,3,9,0.0,2.0,1.0,1.0,201100039099B01,7,1,1.0,Cohérente,Non cohérentes
1727,201100039106,2011-09-28,2011,septembre,mercredi,17:08,67,67482,0.0,0.0,En agglomération,Hors intersection,3.0,Plein jour,Normale,4,A chaussées séparées,4.0,Plat,1.0,0.0,120.0,Normale,4.0,Sur accotement,Blessé léger,Masculin,67.0,Promenade - loisirs,3,2,0.0,4.0,1.0,19.0,201100039106A01,40,1,1.0,Cohérente,Non cohérentes
1728,201100039110,2011-09-29,2011,septembre,jeudi,18:38,67,67482,0.0,0.0,En agglomération,Hors intersection,3.0,Plein jour,Normale,4,Bidirectionnelle,2.0,Plat,1.0,0.0,60.0,Normale,0.0,Sur piste cyclable,Blessé hospitalisé,Féminin,26.0,Domicile - travail,3,2,0.0,2.0,8.0,16.0,201100039110B01,32,1,1.0,Cohérente,Non cohérentes
1729,201100039111,2011-09-29,2011,septembre,jeudi,20:10,67,67482,0.0,0.0,En agglomération,Hors intersection,6.0,Nuit avec éclairage public allumé,Normale,4,A sens unique,1.0,Plat,1.0,0.0,60.0,Normale,0.0,Sur chaussée,Blessé hospitalisé,Masculin,31.0,Promenade - loisirs,1,4,1.0,0.0,1.0,5.0,201100039111B01,7,22,1.0,Cohérente,Non cohérentes
1730,201100039116,2011-10-01,2011,octobre,samedi,95:8,67,67482,0.0,0.0,En agglomération,Intersection en X,3.0,Plein jour,Normale,4,Bidirectionnelle,3.0,Plat,1.0,0.0,50.0,Normale,0.0,Sur chaussée,Blessé léger,Féminin,20.0,Utilisation professionnelle,3,9,0.0,2.0,8.0,1.0,201100039116B01,7,1,1.0,Non cohérente,Non cohérentes
1731,201100039118,2011-10-05,2011,octobre,mercredi,13:27,67,67482,0.0,0.0,En agglomération,Hors intersection,6.0,Plein jour,Normale,4,A sens unique,1.0,Plat,1.0,0.0,60.0,Normale,0.0,Sur chaussée,Blessé léger,Féminin,52.0,Domicile - travail,3,2,0.0,2.0,1.0,1.0,201100039118B01,7,24,1.0,Cohérente,Non cohérentes
1732,201100039120,2011-10-06,2011,octobre,jeudi,84:5,67,67482,0.0,0.0,En agglomération,Hors intersection,3.0,Plein jour,Normale,4,Bidirectionnelle,2.0,Plat,1.0,0.0,80.0,Normale,0.0,Sur chaussée,Blessé léger,Féminin,32.0,Non renseigné,3,9,1.0,0.0,1.0,1.0,201100039120B01,7,22,1.0,Non cohérente,Non cohérentes
1733,201100039122,2011-10-06,2011,octobre,jeudi,19:30,67,67482,0.0,0.0,En agglomération,Intersection en T,3.0,Nuit avec éclairage public allumé,Pluie forte,4,Bidirectionnelle,2.0,Plat,1.0,0.0,115.0,Mouillée,0.0,Sur chaussée,Blessé hospitalisé,Masculin,27.0,Domicile - travail,1,4,0.0,2.0,1.0,1.0,201100039122B01,7,15,1.0,Cohérente,Non cohérentes
1734,201100039127,2011-10-10,2011,octobre,lundi,18:50,67,67482,0.0,0.0,En agglomération,Hors intersection,3.0,Plein jour,Normale,4,A sens unique,1.0,Plat,2.0,0.0,36.0,Normale,0.0,Sur piste cyclable,Blessé léger,Masculin,29.0,Promenade - loisirs,3,9,0.0,2.0,1.0,1.0,201100039127B01,7,16,1.0,Cohérente,Non cohérentes
1735,201100039129,2011-10-11,2011,octobre,mardi,17:00,67,67482,0.0,0.0,En agglomération,Hors intersection,3.0,Plein jour,Normale,4,Bidirectionnelle,3.0,Plat,1.0,0.0,70.0,Normale,0.0,Sur chaussée,Blessé léger,Masculin,11.0,Domicile - école,3,2,0.0,2.0,1.0,19.0,201100039129A01,7,1,1.0,Cohérente,Non cohérentes
1736,201100039141,2011-10-19,2011,octobre,mercredi,16:52,67,67482,0.0,0.0,En agglomération,Intersection en X,3.0,Plein jour,Normale,4,Bidirectionnelle,3.0,Plat,1.0,0.0,80.0,Normale,0.0,Sur chaussée,Blessé léger,Masculin,29.0,Autre,3,9,0.0,2.0,7.0,19.0,201100039141B01,7,1,1.0,Cohérente,Non cohérentes
1737,201100039144,2011-10-20,2011,octobre,jeudi,95:0,67,67482,0.0,0.0,En agglomération,Intersection en T,3.0,Plein jour,Normale,4,Bidirectionnelle,2.0,Plat,1.0,0.0,60.0,Normale,0.0,Sur chaussée,Blessé léger,Masculin,41.0,Domicile - travail,2,9,0.0,2.0,1.0,5.0,201100039144A01,7,16,1.0,Non cohérente,Non cohérentes
1738,201100039165,2011-11-05,2011,novembre,samedi,12:00,67,67482,0.0,0.0,En agglomération,Hors intersection,6.0,Plein jour,Normale,4,A sens unique,2.0,Plat,1.0,0.0,0.0,Normale,0.0,Sur chaussée,Blessé léger,Féminin,52.0,Promenade - loisirs,3,2,0.0,1.0,1.0,1.0,201100039165A01,,,,Cohérente,Non cohérentes
1739,201100039166,2011-11-05,2011,novembre,samedi,12:50,67,67482,0.0,0.0,En agglomération,Hors intersection,1.0,Plein jour,Normale,4,Bidirectionnelle,2.0,Plat,3.0,0.0,20.0,Normale,0.0,Sur piste cyclable,Blessé léger,Féminin,16.0,Domicile - école,3,9,0.0,2.0,1.0,13.0,201100039166A01,1,1,1.0,Cohérente,Non cohérentes
1740,201100039166,2011-11-05,2011,novembre,samedi,12:50,67,67482,0.0,0.0,En agglomération,Hors intersection,1.0,Plein jour,Normale,4,Bidirectionnelle,2.0,Plat,3.0,0.0,20.0,Normale,0.0,Sur piste cyclable,Indemne,Masculin,23.0,Promenade - loisirs,3,9,0.0,2.0,1.0,1.0,201100039166B01,1,13,1.0,Cohérente,Non cohérentes
1741,201100039167,2011-11-06,2011,novembre,dimanche,13:10,67,67482,0.0,0.0,En agglomération,Hors intersection,3.0,Plein jour,Normale,4,A chaussées séparées,2.0,Plat,1.0,10.0,154.0,Normale,0.0,Sur chaussée,Blessé léger,Masculin,9.0,Promenade - loisirs,3,9,0.0,2.0,1.0,19.0,201100039167B01,7,1,1.0,Cohérente,Non cohérentes
1742,201100039185,2011-11-16,2011,novembre,mercredi,11:30,67,67482,0.0,0.0,En agglomération,Hors intersection,6.0,Plein jour,Normale,4,Bidirectionnelle,2.0,Plat,1.0,120.0,65.0,Normale,0.0,Sur piste cyclable,Indemne,Masculin,20.0,Domicile - école,3,4,0.0,1.0,1.0,1.0,201100039185A01,,,,Cohérente,Non cohérentes
1743,201100039197,2011-11-24,2011,novembre,jeudi,14:15,67,67482,0.0,0.0,En agglomération,Intersection en X,3.0,Plein jour,Temps couvert,4,A sens unique,1.0,Plat,1.0,0.0,50.0,Normale,0.0,Sur chaussée,Blessé léger,Masculin,43.0,Autre,3,2,0.0,2.0,1.0,1.0,201100039197A01,7,1,1.0,Cohérente,Non cohérentes
1744,201100039213,2011-12-05,2011,décembre,lundi,85:5,67,67482,0.0,0.0,En agglomération,Intersection en X,3.0,Plein jour,Normale,4,Non renseigné,1.0,Plat,1.0,0.0,35.0,Normale,0.0,Sur chaussée,Blessé léger,Féminin,23.0,Autre,3,9,0.0,2.0,1.0,1.0,201100039213B01,7,14,1.0,Non cohérente,Non cohérentes
1745,201100039216,2011-12-05,2011,décembre,lundi,13:50,67,67482,0.0,0.0,En agglomération,Hors intersection,3.0,Plein jour,Normale,4,A sens unique,2.0,Plat,1.0,0.0,55.0,Normale,0.0,Sur trottoir,Blessé léger,Féminin,15.0,Domicile - école,3,9,0.0,0.0,7.0,1.0,201100039216A01,7,1,1.0,Cohérente,Non cohérentes
1746,201100039218,2011-12-06,2011,décembre,mardi,94:5,67,67482,0.0,0.0,Hors agglomération,Intersection en X,3.0,Crépuscule ou aube,Pluie légère,4,Bidirectionnelle,2.0,Plat,-1.0,0.0,50.0,Mouillée,0.0,Sur chaussée,Blessé hospitalisé,Féminin,33.0,Non renseigné,3,2,0.0,2.0,1.0,1.0,201100039218A01,7,1,1.0,Non cohérente,Non cohérentes
1747,201100039219,2011-12-06,2011,décembre,mardi,16:23,67,67482,0.0,0.0,En agglomération,Hors intersection,6.0,Crépuscule ou aube,Pluie légère,4,Bidirectionnelle,2.0,Plat,1.0,0.0,50.0,Mouillée,0.0,Sur piste cyclable,Blessé léger,Masculin,51.0,Non renseigné,3,9,0.0,2.0,1.0,1.0,201100039219B01,7,1,1.0,Cohérente,Non cohérentes
1748,201100039226,2011-12-09,2011,décembre,vendredi,18:45,67,67482,0.0,0.0,En agglomération,Intersection en X,3.0,Nuit avec éclairage public allumé,Pluie forte,4,Bidirectionnelle,2.0,Plat,1.0,0.0,126.0,Mouillée,5.0,Sur chaussée,Blessé léger,Féminin,23.0,Promenade - loisirs,3,9,0.0,2.0,1.0,1.0,201100039226A01,7,16,1.0,Cohérente,Non cohérentes
1749,201100039229,2011-12-12,2011,décembre,lundi,16:20,67,67482,0.0,0.0,En agglomération,Hors intersection,3.0,Plein jour,Normale,4,Bidirectionnelle,2.0,Plat,1.0,0.0,70.0,Normale,0.0,Sur chaussée,Blessé léger,Masculin,59.0,Autre,3,9,0.0,2.0,7.0,19.0,201100039229A01,37,1,1.0,Cohérente,Non cohérentes
1750,201100039243,2011-12-28,2011,décembre,mercredi,14:15,67,67482,0.0,0.0,En agglomération,Hors intersection,6.0,Plein jour,Normale,4,Bidirectionnelle,2.0,Plat,1.0,0.0,90.0,Normale,0.0,Sur chaussée,Blessé léger,Masculin,57.0,Promenade - loisirs,3,2,1.0,0.0,1.0,1.0,201100039243B01,7,24,1.0,Cohérente,Non cohérentes
1751,201100039245,2011-12-28,2011,décembre,mercredi,21:10,67,67482,0.0,0.0,En agglomération,Intersection en X,3.0,Nuit avec éclairage public allumé,Normale,4,Bidirectionnelle,3.0,Plat,1.0,0.0,90.0,Normale,0.0,Sur chaussée,Blessé léger,Féminin,23.0,Promenade - loisirs,3,2,0.0,2.0,1.0,16.0,201100039245B01,7,1,1.0,Cohérente,Non cohérentes
1752,201100040518,2011-02-08,2011,février,mardi,10:05,74,74010,0.0,0.0,En agglomération,Intersection en T,6.0,Plein jour,Normale,4,Bidirectionnelle,3.0,Plat,1.0,0.0,120.0,Normale,0.0,Sur chaussée,Blessé hospitalisé,Masculin,64.0,Autre,2,2,0.0,0.0,1.0,1.0,201100040518B01,7,15,1.0,Cohérente,Non cohérentes
1753,201100040523,2011-04-21,2011,avril,jeudi,14:25,74,74010,0.0,0.0,En agglomération,Giratoire,6.0,Plein jour,Normale,4,A chaussées séparées,0.0,Plat,1.0,0.0,0.0,Normale,0.0,Sur chaussée,Blessé hospitalisé,Féminin,69.0,Autre,3,2,0.0,0.0,1.0,16.0,201100040523B01,13,16,1.0,Cohérente,Non cohérentes
1754,201100040528,2011-06-06,2011,juin,lundi,16:15,74,74010,0.0,0.0,En agglomération,Giratoire,6.0,Plein jour,Normale,4,A chaussées séparées,0.0,Plat,-1.0,0.0,0.0,Normale,0.0,Sur chaussée,Blessé hospitalisé,Féminin,72.0,Promenade - loisirs,3,2,0.0,0.0,1.0,0.0,201100040528B01,7,9,1.0,Cohérente,Non cohérentes
1755,201100040529,2011-06-14,2011,juin,mardi,20:10,74,74010,0.0,0.0,En agglomération,Giratoire,6.0,Plein jour,Normale,4,A chaussées séparées,0.0,Plat,1.0,0.0,0.0,Normale,0.0,Sur chaussée,Blessé hospitalisé,Féminin,54.0,Utilisation professionnelle,3,2,0.0,0.0,1.0,19.0,201100040529B01,7,0,1.0,Cohérente,Non cohérentes
1756,201100040544,2011-10-17,2011,octobre,lundi,71:0,74,74010,0.0,0.0,En agglomération,Intersection en T,6.0,Crépuscule ou aube,Normale,4,Bidirectionnelle,2.0,Plat,1.0,0.0,65.0,Normale,0.0,Sur chaussée,Blessé hospitalisé,Masculin,48.0,Autre,3,2,0.0,2.0,0.0,0.0,201100040544A01,33,1,1.0,Non cohérente,Non cohérentes
1757,201200024710,2012-12-31,2012,décembre,lundi,18:45,33,33063,0.0,0.0,En agglomération,Hors intersection,3.0,Nuit avec éclairage public allumé,Normale,4,A sens unique,3.0,Plat,1.0,0.0,0.0,Normale,0.0,Sur chaussée,Blessé léger,Masculin,38.0,Domicile - travail,3,4,1.0,0.0,8.0,1.0,201200024710B01,7,1,1.0,Cohérente,Non cohérentes
1758,201200024719,2012-01-01,2012,janvier,dimanche,35:5,33,33063,0.0,0.0,En agglomération,Intersection en X,6.0,Nuit avec éclairage public allumé,Pluie légère,4,A sens unique,2.0,Plat,4.0,60.0,60.0,Mouillée,5.0,Sur chaussée,Blessé léger,Masculin,20.0,Non renseigné,3,9,0.0,2.0,1.0,1.0,201200024719A01,7,1,1.0,Non cohérente,Non cohérentes
1759,201200024800,2012-01-27,2012,janvier,vendredi,21:45,33,33063,0.0,0.0,En agglomération,Intersection en X,3.0,Nuit avec éclairage public allumé,Normale,4,Bidirectionnelle,3.0,Plat,1.0,0.0,0.0,Normale,5.0,Sur chaussée,Blessé hospitalisé,Masculin,20.0,Non renseigné,3,4,0.0,2.0,1.0,2.0,201200024800B01,7,15,1.0,Cohérente,Non cohérentes
1760,201200024809,2012-01-31,2012,janvier,mardi,15:05,33,33063,0.0,0.0,En agglomération,Intersection en T,6.0,Plein jour,Normale,4,Bidirectionnelle,2.0,Non renseigné,-1.0,0.0,0.0,Non renseigné,0.0,Aucun,Blessé léger,Masculin,23.0,Non renseigné,3,4,0.0,1.0,1.0,1.0,201200024809A01,,,,Cohérente,Non cohérentes
1761,201200024858,2012-02-20,2012,février,lundi,12:40,33,33063,0.0,0.0,En agglomération,Intersection en X,1.0,Plein jour,Normale,4,A chaussées séparées,2.0,Plat,1.0,0.0,0.0,Normale,0.0,Sur chaussée,Blessé léger,Masculin,54.0,Non renseigné,3,9,0.0,2.0,1.0,5.0,201200024858A01,7,1,1.0,Cohérente,Non cohérentes
1762,201200024884,2012-03-01,2012,mars,jeudi,10:00,33,33063,0.0,0.0,En agglomération,Hors intersection,6.0,Plein jour,Normale,4,A sens unique,0.0,Plat,1.0,0.0,0.0,Normale,0.0,Sur piste cyclable,Blessé léger,Féminin,26.0,Non renseigné,3,9,0.0,2.0,1.0,1.0,201200024884A01,7,0,1.0,Cohérente,Non cohérentes
1763,201200024910,2012-03-13,2012,mars,mardi,12:50,33,33063,0.0,0.0,En agglomération,Hors intersection,3.0,Plein jour,Normale,4,Bidirectionnelle,2.0,Plat,1.0,0.0,0.0,Normale,0.0,Sur chaussée,Blessé léger,Féminin,47.0,Promenade - loisirs,3,9,0.0,2.0,1.0,19.0,201200024910A01,37,1,1.0,Cohérente,Non cohérentes
1764,201200024919,2012-03-16,2012,mars,vendredi,16:20,33,33063,0.0,0.0,En agglomération,Intersection en X,3.0,Plein jour,Normale,4,Bidirectionnelle,2.0,Plat,1.0,0.0,0.0,Normale,0.0,Sur chaussée,Blessé léger,Masculin,12.0,Non renseigné,3,9,0.0,0.0,5.0,1.0,201200024919B01,7,15,1.0,Cohérente,Non cohérentes
1765,201200024952,2012-03-19,2012,mars,lundi,90:5,33,33063,0.0,0.0,En agglomération,Hors intersection,3.0,Plein jour,Normale,4,A chaussées séparées,1.0,Plat,1.0,0.0,101.0,Normale,0.0,Sur chaussée,Blessé léger,Féminin,26.0,Non renseigné,3,9,0.0,2.0,3.0,2.0,201200024952B01,7,16,1.0,Non cohérente,Non cohérentes
1766,201200024956,2012-03-28,2012,mars,mercredi,18:40,33,33063,0.0,0.0,En agglomération,Hors intersection,6.0,Plein jour,Normale,4,Bidirectionnelle,2.0,Plat,1.0,0.0,0.0,Normale,0.0,Sur chaussée,Blessé léger,Féminin,26.0,Domicile - travail,3,4,0.0,2.0,1.0,1.0,201200024956A01,7,1,1.0,Cohérente,Non cohérentes
1767,201200024959,2012-03-29,2012,mars,jeudi,74:0,33,33063,0.0,0.0,En agglomération,Hors intersection,6.0,Plein jour,Normale,4,A sens unique,1.0,Plat,1.0,0.0,0.0,Normale,0.0,Sur chaussée,Blessé léger,Masculin,12.0,Non renseigné,3,4,1.0,0.0,1.0,21.0,201200024959B01,7,23,1.0,Non cohérente,Non cohérentes
1768,201200024997,2012-04-13,2012,avril,vendredi,81:5,33,33063,0.0,0.0,En agglomération,Hors intersection,3.0,Plein jour,Normale,4,A chaussées séparées,8.0,Plat,3.0,0.0,0.0,Normale,0.0,Sur chaussée,Blessé léger,Masculin,47.0,Domicile - travail,3,9,0.0,2.0,1.0,1.0,201200024997B01,7,16,1.0,Non cohérente,Non cohérentes
1769,201200025015,2012-04-21,2012,avril,samedi,20:20,33,33063,0.0,0.0,En agglomération,Hors intersection,6.0,Plein jour,Pluie légère,4,A sens unique,1.0,Plat,1.0,0.0,0.0,Mouillée,0.0,Sur chaussée,Blessé léger,Masculin,39.0,Non renseigné,3,9,1.0,0.0,1.0,1.0,201200025015A01,,,,Cohérente,Non cohérentes
1770,201200025021,2012-04-25,2012,avril,mercredi,10:00,33,33063,0.0,0.0,En agglomération,Hors intersection,3.0,Plein jour,Normale,4,A sens unique,1.0,Plat,1.0,0.0,0.0,Normale,4.0,Sur chaussée,Blessé léger,Masculin,41.0,Non renseigné,3,9,1.0,0.0,2.0,2.0,201200025021B01,7,20,1.0,Cohérente,Non cohérentes
1771,201200025041,2012-05-04,2012,mai,vendredi,14:40,33,33063,0.0,0.0,En agglomération,Hors intersection,2.0,Plein jour,Normale,4,A sens unique,1.0,Plat,1.0,0.0,0.0,Normale,0.0,Sur chaussée,Blessé léger,Masculin,51.0,Non renseigné,3,9,0.0,0.0,0.0,14.0,201200025041A01,7,4,1.0,Cohérente,Non cohérentes
1772,201200025049,2012-05-09,2012,mai,mercredi,16:10,33,33063,0.0,0.0,En agglomération,Intersection en T,3.0,Plein jour,Normale,4,Non renseigné,1.0,Plat,1.0,0.0,0.0,Normale,0.0,Aucun,Blessé léger,Féminin,46.0,Non renseigné,3,9,0.0,2.0,1.0,19.0,201200025049B01,7,1,1.0,Cohérente,Non cohérentes
1773,201200025050,2012-05-09,2012,mai,mercredi,18:35,33,33063,0.0,0.0,En agglomération,Hors intersection,3.0,Plein jour,Normale,4,A chaussées séparées,3.0,Plat,1.0,0.0,0.0,Normale,4.0,Sur chaussée,Blessé léger,Féminin,54.0,Non renseigné,3,9,0.0,2.0,1.0,13.0,201200025050B01,7,1,1.0,Cohérente,Non cohérentes
1774,201200025052,2012-05-11,2012,mai,vendredi,91:0,33,33063,0.0,0.0,En agglomération,Hors intersection,3.0,Plein jour,Normale,4,Bidirectionnelle,2.0,Plat,1.0,0.0,0.0,Normale,0.0,Sur chaussée,Blessé léger,Féminin,23.0,Non renseigné,3,9,0.0,0.0,8.0,19.0,201200025052A01,33,1,1.0,Non cohérente,Non cohérentes
1775,201200025061,2012-05-14,2012,mai,lundi,19:00,33,33063,0.0,0.0,En agglomération,Hors intersection,6.0,Plein jour,Normale,4,A sens unique,1.0,Plat,1.0,0.0,93.0,Normale,0.0,Sur chaussée,Blessé hospitalisé,Masculin,39.0,Non renseigné,3,9,0.0,2.0,1.0,1.0,201200025061B01,7,12,1.0,Cohérente,Non cohérentes
1776,201200025078,2012-05-16,2012,mai,mercredi,84:0,33,33063,0.0,0.0,En agglomération,Intersection en X,3.0,Plein jour,Normale,4,A sens unique,1.0,Plat,1.0,0.0,0.0,Normale,0.0,Aucun,Indemne,Masculin,71.0,Promenade - loisirs,3,9,0.0,0.0,6.0,13.0,201200025078B01,33,1,1.0,Non cohérente,Non cohérentes
1777,201200025102,2012-05-23,2012,mai,mercredi,12:10,33,33063,0.0,0.0,En agglomération,Intersection en T,3.0,Plein jour,Normale,4,Non renseigné,1.0,Plat,1.0,0.0,0.0,Normale,0.0,Sur chaussée,Blessé léger,Féminin,18.0,Domicile - école,3,4,0.0,2.0,1.0,1.0,201200025102A01,7,1,1.0,Cohérente,Non cohérentes
1778,201200025106,2012-05-24,2012,mai,jeudi,85:7,33,33063,0.0,0.0,En agglomération,Hors intersection,3.0,Plein jour,Normale,4,A chaussées séparées,5.0,Pente,1.0,0.0,0.0,Normale,0.0,Sur chaussée,Blessé léger,Féminin,20.0,Non renseigné,3,2,0.0,2.0,1.0,1.0,201200025106B01,7,19,1.0,Non cohérente,Non cohérentes
1779,201200025111,2012-05-25,2012,mai,vendredi,13:37,33,33063,0.0,0.0,En agglomération,Intersection en T,3.0,Plein jour,Normale,4,Non renseigné,1.0,Plat,1.0,0.0,0.0,Normale,1.0,Aucun,Blessé léger,Féminin,53.0,Non renseigné,3,9,0.0,2.0,1.0,1.0,201200025111B01,10,16,1.0,Cohérente,Non cohérentes
1780,201200025129,2012-05-30,2012,mai,mercredi,16:50,33,33063,0.0,0.0,En agglomération,Intersection en X,3.0,Plein jour,Normale,4,A chaussées séparées,4.0,Plat,1.0,0.0,0.0,Normale,0.0,Sur chaussée,Blessé léger,Masculin,56.0,Non renseigné,3,9,0.0,2.0,1.0,1.0,201200025129B01,7,15,1.0,Cohérente,Non cohérentes
1781,201200025130,2012-06-01,2012,juin,vendredi,95:0,33,33063,0.0,0.0,En agglomération,Intersection à plus de 4 branches,3.0,Plein jour,Normale,4,A sens unique,3.0,Plat,1.0,0.0,0.0,Normale,4.0,Sur chaussée,Blessé léger,Féminin,27.0,Non renseigné,3,9,0.0,2.0,1.0,1.0,201200025130B01,7,1,1.0,Non cohérente,Non cohérentes
1782,201200025132,2012-06-03,2012,juin,dimanche,16:09,33,33063,0.0,0.0,En agglomération,Hors intersection,3.0,Plein jour,Normale,4,A chaussées séparées,4.0,Plat,1.0,0.0,0.0,Normale,0.0,Sur chaussée,Blessé hospitalisé,Masculin,58.0,Non renseigné,3,9,0.0,0.0,4.0,19.0,201200025132A01,7,1,1.0,Cohérente,Non cohérentes
1783,201200025147,2012-06-07,2012,juin,jeudi,17:25,33,33063,0.0,0.0,En agglomération,Hors intersection,6.0,Plein jour,Normale,4,Bidirectionnelle,4.0,Plat,1.0,0.0,0.0,Normale,4.0,Sur chaussée,Blessé hospitalisé,Féminin,19.0,Non renseigné,3,9,0.0,0.0,2.0,19.0,201200025147A01,7,1,1.0,Cohérente,Non cohérentes
1784,201200025162,2012-06-11,2012,juin,lundi,85:0,33,33063,0.0,0.0,En agglomération,Hors intersection,3.0,Plein jour,Normale,4,A sens unique,1.0,Plat,1.0,0.0,0.0,Normale,0.0,Sur chaussée,Blessé léger,Masculin,30.0,Domicile - travail,3,9,1.0,0.0,1.0,1.0,201200025162B01,7,24,1.0,Non cohérente,Non cohérentes
1785,201200025171,2012-06-14,2012,juin,jeudi,83:0,33,33063,0.0,0.0,En agglomération,Giratoire,3.0,Plein jour,Normale,4,Bidirectionnelle,2.0,Plat,1.0,0.0,0.0,Normale,0.0,Aucun,Blessé hospitalisé,Féminin,48.0,Non renseigné,3,9,0.0,2.0,0.0,1.0,201200025171B01,15,16,1.0,Non cohérente,Non cohérentes
1786,201200025181,2012-06-18,2012,juin,lundi,90:7,33,33063,0.0,0.0,En agglomération,Passage à niveau,3.0,Plein jour,Normale,3,A chaussées séparées,9.0,Pente,1.0,0.0,0.0,Normale,4.0,Sur chaussée,Blessé léger,Masculin,48.0,Non renseigné,3,9,0.0,4.0,1.0,1.0,201200025181A01,40,1,1.0,Non cohérente,Non cohérentes
1787,201200025225,2012-06-28,2012,juin,jeudi,18:45,33,33063,0.0,0.0,En agglomération,Hors intersection,3.0,Plein jour,Normale,4,A sens unique,1.0,Plat,1.0,0.0,0.0,Normale,0.0,Sur chaussée,Blessé hospitalisé,Féminin,28.0,Non renseigné,1,9,0.0,0.0,5.0,2.0,201200025225B01,7,2,1.0,Cohérente,Non cohérentes
1788,201200025228,2012-07-01,2012,juillet,dimanche,18:00,33,33063,0.0,0.0,En agglomération,Intersection en Y,3.0,Plein jour,Normale,4,A chaussées séparées,6.0,Plat,1.0,0.0,0.0,Normale,4.0,Sur chaussée,Blessé léger,Masculin,22.0,Non renseigné,3,9,0.0,4.0,1.0,1.0,201200025228B01,40,1,1.0,Cohérente,Non cohérentes
1789,201200025260,2012-07-13,2012,juillet,vendredi,15:45,33,33063,0.0,0.0,En agglomération,Intersection en X,3.0,Plein jour,Normale,4,A sens unique,1.0,Plat,1.0,0.0,0.0,Normale,0.0,Aucun,Blessé léger,Masculin,29.0,Non renseigné,3,4,0.0,2.0,1.0,1.0,201200025260A01,10,1,1.0,Cohérente,Non cohérentes
1790,201200025279,2012-07-21,2012,juillet,samedi,31:0,33,33063,0.0,0.0,En agglomération,Intersection en Y,7.0,Nuit avec éclairage public allumé,Normale,4,A chaussées séparées,4.0,Plat,1.0,0.0,0.0,Normale,0.0,Sur chaussée,Blessé léger,Masculin,43.0,Non renseigné,3,9,8.0,0.0,1.0,1.0,201200025279A01,,,,Non cohérente,Non cohérentes
1791,201200025309,2012-08-08,2012,août,mercredi,19:50,33,33063,0.0,0.0,En agglomération,Intersection en X,3.0,Plein jour,Normale,4,Non renseigné,1.0,Non renseigné,1.0,0.0,0.0,Normale,0.0,Sur chaussée,Blessé hospitalisé,Féminin,24.0,Autre,3,4,0.0,2.0,0.0,1.0,201200025309B01,7,15,1.0,Cohérente,Non cohérentes
1792,201200025321,2012-08-17,2012,août,vendredi,12:20,33,33063,0.0,0.0,En agglomération,Intersection en X,3.0,Plein jour,Normale,4,A sens unique,1.0,Plat,1.0,0.0,0.0,Normale,0.0,Sur chaussée,Blessé léger,Masculin,17.0,Autre,3,9,0.0,2.0,0.0,1.0,201200025321B01,7,1,1.0,Cohérente,Non cohérentes
1793,201200025333,2012-08-23,2012,août,jeudi,10:30,33,33063,0.0,0.0,En agglomération,Intersection en T,3.0,Plein jour,Normale,4,Non renseigné,1.0,Non renseigné,-1.0,0.0,0.0,Non renseigné,0.0,Aucun,Blessé léger,Masculin,25.0,Non renseigné,3,4,0.0,2.0,3.0,7.0,201200025333B01,37,17,1.0,Cohérente,Non cohérentes
1794,201200025338,2012-08-27,2012,août,lundi,20:35,33,33063,0.0,0.0,En agglomération,Intersection en X,3.0,Plein jour,Normale,4,Non renseigné,1.0,Plat,1.0,0.0,0.0,Normale,0.0,Sur chaussée,Blessé léger,Masculin,22.0,Non renseigné,3,4,1.0,2.0,3.0,1.0,201200025338B01,7,1,1.0,Cohérente,Non cohérentes
1795,201200025350,2012-08-31,2012,août,vendredi,75:0,33,33063,0.0,0.0,En agglomération,Hors intersection,6.0,Plein jour,Normale,4,Bidirectionnelle,4.0,Plat,1.0,0.0,75.0,Normale,0.0,Sur chaussée,Blessé léger,Masculin,32.0,Utilisation professionnelle,1,2,0.0,2.0,1.0,1.0,201200025350B01,7,15,1.0,Non cohérente,Non cohérentes
1796,201200025352,2012-08-31,2012,août,vendredi,17:50,33,33063,0.0,0.0,En agglomération,Hors intersection,6.0,Plein jour,Normale,4,A sens unique,1.0,Plat,1.0,0.0,0.0,Normale,6.0,Sur chaussée,Indemne,Masculin,62.0,Non renseigné,3,9,0.0,1.0,0.0,1.0,201200025352A01,,,,Cohérente,Non cohérentes