,Num_Acc,date,an,mois,jour,hrmn,dep,com,lat,long,agg,int,col,lum,atm,catr,circ,nbv,prof,plan,lartpc,larrout,surf,infra,situ,grav,sexe,age,trajet,secuexist,equipement,obs,obsm,choc,manv,vehiculeid,typevehicules,manoeuvehicules,numVehicules,statut_heure,statut_coord
1797,201200025352,2012-08-31,2012,août,vendredi,17:50,33,33063,0.0,0.0,En agglomération,Hors intersection,6.0,Plein jour,Normale,4,A sens unique,1.0,Plat,1.0,0.0,0.0,Normale,6.0,Sur chaussée,Blessé hospitalisé,Masculin,5.0,Non renseigné,3,9,0.0,1.0,0.0,1.0,201200025352A01,,,,Cohérente,Non cohérentes
1798,201200025363,2012-09-06,2012,septembre,jeudi,17:15,33,33063,0.0,0.0,En agglomération,Intersection à plus de 4 branches,6.0,Plein jour,Normale,4,Non renseigné,1.0,Plat,1.0,0.0,0.0,Normale,5.0,Sur chaussée,Blessé léger,Masculin,56.0,Non renseigné,3,9,0.0,2.0,1.0,1.0,201200025363B01,7,16,1.0,Cohérente,Non cohérentes
1799,201200025381,2012-09-12,2012,septembre,mercredi,18:10,33,33063,0.0,0.0,En agglomération,Hors intersection,2.0,Plein jour,Normale,4,A sens unique,1.0,Plat,1.0,0.0,0.0,Normale,0.0,Sur chaussée,Blessé léger,Masculin,26.0,Non renseigné,3,4,1.0,0.0,1.0,1.0,201200025381A01,7,23,1.0,Cohérente,Non cohérentes
1800,201200025396,2012-09-18,2012,septembre,mardi,12:15,33,33063,0.0,0.0,En agglomération,Intersection en T,3.0,Plein jour,Pluie légère,4,A sens unique,1.0,Plat,1.0,0.0,0.0,Mouillée,0.0,Sur chaussée,Blessé léger,Masculin,20.0,Non renseigné,3,9,0.0,2.0,0.0,1.0,201200025396A01,10,1,1.0,Cohérente,Non cohérentes
1801,201200025401,2012-09-19,2012,septembre,mercredi,11:25,33,33063,0.0,0.0,En agglomération,Intersection en T,6.0,Plein jour,Normale,4,Bidirectionnelle,2.0,Plat,1.0,0.0,0.0,Normale,5.0,Sur chaussée,Blessé léger,Masculin,15.0,Domicile - école,3,9,0.0,0.0,1.0,1.0,201200025401A01,16,1,1.0,Cohérente,Non cohérentes
1802,201200025420,2012-09-26,2012,septembre,mercredi,51:5,33,33063,0.0,0.0,En agglomération,Intersection en T,6.0,Nuit avec éclairage public allumé,Pluie légère,4,A sens unique,6.0,Plat,1.0,0.0,0.0,Mouillée,5.0,Sur chaussée,Blessé léger,Masculin,33.0,Non renseigné,3,9,0.0,2.0,8.0,1.0,201200025420A01,10,16,1.0,Non cohérente,Non cohérentes
1803,201200025421,2012-09-26,2012,septembre,mercredi,17:30,33,33063,0.0,0.0,En agglomération,Hors intersection,3.0,Plein jour,Pluie légère,4,A sens unique,2.0,Sommet de côte,1.0,0.0,109.0,Mouillée,0.0,Sur chaussée,Blessé léger,Féminin,63.0,Non renseigné,3,4,0.0,0.0,4.0,15.0,201200025421B01,7,1,1.0,Cohérente,Non cohérentes
1804,201200025424,2012-09-26,2012,septembre,mercredi,17:50,33,33063,0.0,0.0,En agglomération,Intersection en T,3.0,Plein jour,Pluie forte,4,A sens unique,1.0,Plat,1.0,0.0,0.0,Mouillée,0.0,Sur chaussée,Blessé léger,Masculin,31.0,Autre,3,9,0.0,2.0,0.0,1.0,201200025424A01,7,16,1.0,Cohérente,Non cohérentes
1805,201200025447,2012-09-26,2012,septembre,mercredi,13:00,33,33063,0.0,0.0,En agglomération,Intersection en T,3.0,Plein jour,Normale,4,Bidirectionnelle,2.0,Plat,-1.0,0.0,0.0,Normale,0.0,Sur chaussée,Indemne,Masculin,23.0,Autre,3,2,0.0,2.0,7.0,15.0,201200025447A01,7,1,1.0,Cohérente,Non cohérentes
1806,201200025449,2012-10-02,2012,octobre,mardi,18:05,33,33063,0.0,0.0,En agglomération,Hors intersection,3.0,Plein jour,Temps couvert,4,A chaussées séparées,9.0,Pente,1.0,0.0,0.0,Normale,0.0,Sur piste cyclable,Blessé léger,Masculin,33.0,Domicile - travail,3,4,0.0,2.0,1.0,1.0,201200025449B01,7,1,1.0,Cohérente,Non cohérentes
1807,201200025461,2012-10-05,2012,octobre,vendredi,22:45,33,33063,0.0,0.0,En agglomération,Intersection en X,6.0,Nuit avec éclairage public allumé,Normale,4,A sens unique,0.0,Plat,3.0,0.0,0.0,Normale,0.0,Sur piste cyclable,Blessé léger,Féminin,50.0,Autre,3,9,0.0,0.0,3.0,16.0,201200025461A01,,,,Cohérente,Non cohérentes
1808,201200025493,2012-10-09,2012,octobre,mardi,11:00,33,33063,0.0,0.0,En agglomération,Hors intersection,6.0,Plein jour,Normale,4,A chaussées séparées,4.0,Plat,1.0,0.0,0.0,Normale,0.0,Sur chaussée,Blessé léger,Féminin,30.0,Non renseigné,3,4,0.0,0.0,1.0,0.0,201200025493A01,,,,Cohérente,Non cohérentes
1809,201200025502,2012-10-17,2012,octobre,mercredi,12:10,33,33063,0.0,0.0,En agglomération,Hors intersection,5.0,Plein jour,Temps couvert,4,A chaussées séparées,4.0,Plat,1.0,0.0,0.0,Normale,0.0,Sur chaussée,Blessé léger,Masculin,53.0,Autre,3,9,0.0,2.0,3.0,21.0,201200025502A01,10,24/1,2.0,Cohérente,Non cohérentes
1810,201200025508,2012-10-18,2012,octobre,jeudi,11:50,33,33063,0.0,0.0,En agglomération,Giratoire,3.0,Plein jour,Normale,4,Bidirectionnelle,2.0,Pente,2.0,0.0,0.0,Normale,0.0,Aucun,Blessé hospitalisé,Féminin,51.0,Domicile - travail,3,4,0.0,2.0,0.0,1.0,201200025508A01,7,1,1.0,Cohérente,Non cohérentes
1811,201200025545,2012-10-29,2012,octobre,lundi,22:55,33,33063,0.0,0.0,En agglomération,Intersection en X,3.0,Nuit avec éclairage public allumé,Normale,4,Bidirectionnelle,2.0,Plat,1.0,0.0,10.0,Normale,0.0,Sur chaussée,Blessé léger,Féminin,21.0,Autre,3,9,0.0,4.0,9.0,1.0,201200025545B01,40,1,1.0,Cohérente,Non cohérentes
1812,201200025573,2012-11-07,2012,novembre,mercredi,19:00,33,33063,0.0,0.0,En agglomération,Intersection en Y,3.0,Nuit avec éclairage public allumé,Normale,4,A chaussées séparées,2.0,Pente,1.0,0.0,0.0,Normale,0.0,Sur chaussée,Blessé léger,Féminin,22.0,Autre,3,9,0.0,2.0,9.0,1.0,201200025573B01,7,16,1.0,Cohérente,Non cohérentes
1813,201200025589,2012-11-09,2012,novembre,vendredi,82:5,33,33063,0.0,0.0,En agglomération,Giratoire,2.0,Plein jour,Normale,4,Non renseigné,1.0,Non renseigné,-1.0,0.0,0.0,Non renseigné,0.0,Aucun,Blessé léger,Féminin,55.0,Non renseigné,3,9,0.0,0.0,4.0,1.0,201200025589B01,7,2,1.0,Non cohérente,Non cohérentes
1814,201200025622,2012-11-20,2012,novembre,mardi,75:0,33,33063,0.0,0.0,En agglomération,Intersection en X,3.0,Plein jour,Normale,4,A sens unique,0.0,Plat,1.0,0.0,0.0,Normale,0.0,Sur chaussée,Blessé léger,Masculin,21.0,Autre,3,9,0.0,2.0,4.0,1.0,201200025622B01,7,15,1.0,Non cohérente,Non cohérentes
1815,201200025623,2012-11-20,2012,novembre,mardi,94:7,33,33063,0.0,0.0,En agglomération,Intersection en X,2.0,Plein jour,Normale,4,Bidirectionnelle,2.0,Plat,1.0,0.0,0.0,Normale,0.0,Sur chaussée,Blessé léger,Masculin,16.0,Non renseigné,3,9,0.0,2.0,1.0,1.0,201200025623A01,7,1,1.0,Non cohérente,Non cohérentes
1816,201200025625,2012-11-20,2012,novembre,mardi,83:5,33,33063,0.0,0.0,En agglomération,Intersection en X,3.0,Plein jour,Normale,4,Bidirectionnelle,4.0,Plat,1.0,0.0,0.0,Normale,0.0,Sur chaussée,Blessé léger,Masculin,15.0,Non renseigné,3,9,0.0,2.0,1.0,1.0,201200025625B01,7,16,1.0,Non cohérente,Non cohérentes
1817,201200025636,2012-11-26,2012,novembre,lundi,10:25,33,33063,0.0,0.0,En agglomération,Intersection en X,3.0,Plein jour,Normale,4,A chaussées séparées,4.0,Plat,1.0,0.0,0.0,Mouillée,0.0,Sur chaussée,Blessé hospitalisé,Masculin,18.0,Non renseigné,3,9,0.0,2.0,1.0,1.0,201200025636B01,7,1,1.0,Cohérente,Non cohérentes
1818,201200025667,2012-12-04,2012,décembre,mardi,18:00,33,33063,0.0,0.0,En agglomération,Intersection en T,3.0,Nuit avec éclairage public allumé,Pluie légère,4,Bidirectionnelle,4.0,Plat,1.0,0.0,0.0,Mouillée,0.0,Sur chaussée,Blessé léger,Féminin,46.0,Utilisation professionnelle,3,9,0.0,2.0,6.0,1.0,201200025667A01,1,15,1.0,Cohérente,Non cohérentes
1819,201200025667,2012-12-04,2012,décembre,mardi,18:00,33,33063,0.0,0.0,En agglomération,Intersection en T,3.0,Nuit avec éclairage public allumé,Pluie légère,4,Bidirectionnelle,4.0,Plat,1.0,0.0,0.0,Mouillée,0.0,Sur chaussée,Indemne,Féminin,23.0,Autre,3,9,0.0,2.0,1.0,15.0,201200025667B01,1,1,1.0,Cohérente,Non cohérentes
1820,201200025675,2012-12-06,2012,décembre,jeudi,91:0,33,33063,0.0,0.0,En agglomération,Intersection en X,6.0,Plein jour,Normale,4,A sens unique,1.0,Plat,1.0,0.0,50.0,Normale,0.0,Sur chaussée,Blessé léger,Féminin,40.0,Non renseigné,3,9,0.0,2.0,0.0,1.0,201200025675A01,7,1,1.0,Non cohérente,Non cohérentes
1821,201200025681,2012-12-07,2012,décembre,vendredi,81:5,33,33063,0.0,0.0,En agglomération,Hors intersection,3.0,Plein jour,Normale,4,A chaussées séparées,4.0,Plat,1.0,0.0,0.0,Normale,0.0,Sur chaussée,Blessé léger,Féminin,53.0,Autre,3,9,0.0,2.0,3.0,1.0,201200025681B01,10,16,1.0,Non cohérente,Non cohérentes
1822,201200025686,2012-12-07,2012,décembre,vendredi,18:30,33,33063,0.0,0.0,En agglomération,Hors intersection,6.0,Nuit avec éclairage public allumé,Normale,4,A sens unique,1.0,Plat,1.0,0.0,0.0,Normale,0.0,Sur chaussée,Indemne,Féminin,64.0,Autre,3,9,0.0,1.0,1.0,1.0,201200025686A01,,,,Cohérente,Non cohérentes
1823,201200025694,2012-12-12,2012,décembre,mercredi,15:25,33,33063,0.0,0.0,En agglomération,Hors intersection,6.0,Plein jour,Normale,4,A chaussées séparées,8.0,Plat,1.0,0.0,0.0,Normale,0.0,Sur piste cyclable,Blessé léger,Féminin,18.0,Non renseigné,3,9,0.0,2.0,1.0,1.0,201200025694B01,7,16,1.0,Cohérente,Non cohérentes
1824,201200025721,2012-12-18,2012,décembre,mardi,17:00,33,33063,0.0,0.0,En agglomération,Intersection en X,3.0,Nuit avec éclairage public allumé,Normale,4,Bidirectionnelle,2.0,Plat,1.0,0.0,0.0,Normale,0.0,Sur chaussée,Blessé hospitalisé,Masculin,77.0,Non renseigné,3,9,0.0,2.0,1.0,1.0,201200025721B01,7,16,1.0,Cohérente,Non cohérentes
1825,201200025725,2012-12-19,2012,décembre,mercredi,18:05,33,33063,0.0,0.0,En agglomération,Hors intersection,3.0,Nuit avec éclairage public allumé,Normale,4,Bidirectionnelle,2.0,Plat,1.0,0.0,0.0,Mouillée,0.0,Sur chaussée,Indemne,Masculin,19.0,Non renseigné,3,4,0.0,2.0,7.0,19.0,201200025725A01,2,1,1.0,Cohérente,Non cohérentes
1826,201200025730,2012-12-21,2012,décembre,vendredi,81:0,33,33063,0.0,0.0,En agglomération,Intersection en T,3.0,Nuit avec éclairage public allumé,Pluie forte,4,A sens unique,1.0,Plat,1.0,0.0,0.0,Mouillée,5.0,Sur chaussée,Blessé hospitalisé,Masculin,39.0,Domicile - travail,1,4,0.0,2.0,1.0,1.0,201200025730B01,7,15,1.0,Non cohérente,Non cohérentes
1827,201200025734,2012-12-19,2012,décembre,mercredi,20:35,33,33063,0.0,0.0,En agglomération,Intersection en X,3.0,Nuit avec éclairage public allumé,Normale,4,Bidirectionnelle,2.0,Plat,1.0,0.0,0.0,Normale,0.0,Sur chaussée,Blessé léger,Masculin,26.0,Non renseigné,3,4,0.0,2.0,1.0,1.0,201200025734B01,7,22,1.0,Cohérente,Non cohérentes
1828,201200025746,2012-12-26,2012,décembre,mercredi,16:50,33,33063,0.0,0.0,En agglomération,Hors intersection,6.0,Plein jour,Normale,4,A sens unique,2.0,Plat,1.0,0.0,0.0,Normale,0.0,Sur chaussée,Blessé léger,Masculin,44.0,Domicile - travail,3,9,1.0,0.0,2.0,1.0,201200025746B01,7,22,1.0,Cohérente,Non cohérentes
1829,201200025757,2012-12-29,2012,décembre,samedi,19:00,33,33063,0.0,0.0,En agglomération,Hors intersection,3.0,Nuit avec éclairage public non allumé,Pluie légère,4,A sens unique,1.0,Plat,1.0,0.0,0.0,Mouillée,0.0,Sur trottoir,Blessé léger,Masculin,32.0,Promenade - loisirs,3,4,0.0,2.0,1.0,1.0,201200025757A01,7,9,1.0,Cohérente,Non cohérentes
1830,201200027771,2012-01-27,2012,janvier,vendredi,75:0,38,38185,45.1861,5.717,En agglomération,Intersection en X,3.0,Plein jour,Pluie légère,4,Bidirectionnelle,3.0,Plat,1.0,0.0,65.0,Mouillée,0.0,Sur chaussée,Blessé hospitalisé,Masculin,16.0,Autre,3,9,0.0,2.0,1.0,1.0,201200027771B01,7,15,1.0,Non cohérente,Cohérentes
1831,201200027775,2012-02-08,2012,février,mercredi,20:,38,38185,0.0,0.0,En agglomération,Intersection en X,3.0,Nuit avec éclairage public allumé,Normale,4,A sens unique,2.0,Plat,1.0,0.0,70.0,Normale,0.0,Sur chaussée,Blessé léger,Masculin,22.0,Promenade - loisirs,3,9,0.0,2.0,1.0,1.0,201200027775B01,7,1,1.0,Non cohérente,Non cohérentes
1832,201200027776,2012-02-14,2012,février,mardi,16:35,38,38185,0.0,0.0,En agglomération,Intersection en T,3.0,Plein jour,Normale,4,Bidirectionnelle,2.0,Plat,1.0,0.0,110.0,Normale,0.0,Sur chaussée,Blessé léger,Masculin,41.0,Non renseigné,3,9,0.0,2.0,1.0,1.0,201200027776B01,7,1,1.0,Cohérente,Non cohérentes
1833,201200027788,2012-03-12,2012,mars,lundi,16:50,38,38185,0.0,0.0,En agglomération,Intersection en X,6.0,Plein jour,Normale,4,Bidirectionnelle,3.0,Plat,1.0,0.0,20.0,Normale,0.0,Sur chaussée,Blessé léger,Féminin,28.0,Promenade - loisirs,3,9,0.0,2.0,8.0,1.0,201200027788B01,7,1,1.0,Cohérente,Non cohérentes
1834,201200027789,2012-03-12,2012,mars,lundi,14:20,38,38185,45.1629,5.72853,En agglomération,Hors intersection,6.0,Plein jour,Normale,3,Bidirectionnelle,2.0,Plat,1.0,0.0,0.0,Normale,2.0,Sur piste cyclable,Indemne,Masculin,23.0,Domicile - école,2,2,0.0,2.0,1.0,5.0,201200027789A01,1,19,1.0,Cohérente,Cohérentes
1835,201200027789,2012-03-12,2012,mars,lundi,14:20,38,38185,45.1629,5.72853,En agglomération,Hors intersection,6.0,Plein jour,Normale,3,Bidirectionnelle,2.0,Plat,1.0,0.0,0.0,Normale,2.0,Sur piste cyclable,Blessé hospitalisé,Féminin,41.0,Autre,2,2,0.0,2.0,7.0,19.0,201200027789B01,1,5,1.0,Cohérente,Cohérentes
1836,201200027820,2012-05-22,2012,mai,mardi,90:5,38,38185,45.1807,5.71957,En agglomération,Intersection en X,3.0,Plein jour,Pluie légère,2,A chaussées séparées,0.0,Plat,1.0,0.0,250.0,Normale,0.0,Sur chaussée,Blessé léger,Féminin,51.0,Non renseigné,3,9,0.0,2.0,1.0,1.0,201200027820B01,7,16,1.0,Non cohérente,Cohérentes
1837,201200027825,2012-05-30,2012,mai,mercredi,18:30,38,38185,45.1867,5.74396,En agglomération,Intersection en X,3.0,Plein jour,Normale,3,Bidirectionnelle,2.0,Plat,1.0,0.0,100.0,Normale,0.0,Sur chaussée,Blessé léger,Masculin,50.0,Domicile - travail,3,9,0.0,2.0,2.0,1.0,201200027825B01,7,15,1.0,Cohérente,Cohérentes
1838,201200027826,2012-05-31,2012,mai,jeudi,83:5,38,38185,0.0,0.0,En agglomération,Hors intersection,6.0,Plein jour,Normale,4,Bidirectionnelle,2.0,Plat,1.0,0.0,100.0,Normale,0.0,Sur chaussée,Blessé léger,Masculin,22.0,Promenade - loisirs,3,9,0.0,2.0,1.0,1.0,201200027826B01,7,16,1.0,Non cohérente,Non cohérentes
1839,201200027829,2012-06-01,2012,juin,vendredi,83:5,38,38185,45.1599,5.71375,En agglomération,Intersection en X,3.0,Plein jour,Normale,4,Bidirectionnelle,3.0,Plat,1.0,0.0,123.0,Normale,0.0,Sur chaussée,Blessé hospitalisé,Féminin,26.0,Domicile - école,3,9,0.0,2.0,0.0,1.0,201200027829B01,15,16,1.0,Non cohérente,Cohérentes
1840,201200027832,2012-06-05,2012,juin,mardi,17:05,38,38185,0.0,0.0,En agglomération,Hors intersection,6.0,Plein jour,Normale,4,A sens unique,3.0,Plat,3.0,0.0,150.0,Normale,5.0,Sur chaussée,Blessé léger,Masculin,59.0,Domicile - travail,2,2,0.0,2.0,1.0,1.0,201200027832B01,7,9,1.0,Cohérente,Non cohérentes
1841,201200027836,2012-06-12,2012,juin,mardi,17:15,38,38185,45.1837,5.73356,En agglomération,Intersection en X,3.0,Plein jour,Pluie légère,3,Bidirectionnelle,6.0,Plat,1.0,0.0,150.0,Mouillée,0.0,Sur chaussée,Blessé hospitalisé,Masculin,19.0,Promenade - loisirs,3,9,0.0,2.0,4.0,19.0,201200027836B01,7,1,1.0,Cohérente,Cohérentes
1842,201200027844,2012-06-21,2012,juin,jeudi,14:55,38,38185,0.0,0.0,En agglomération,Intersection en X,3.0,Plein jour,Normale,4,A chaussées séparées,4.0,Plat,1.0,0.0,200.0,Normale,0.0,Sur chaussée,Blessé léger,Féminin,67.0,Promenade - loisirs,3,9,0.0,2.0,8.0,1.0,201200027844B01,14,16,1.0,Cohérente,Non cohérentes
1843,201200027863,2012-08-08,2012,août,mercredi,16:45,38,38185,0.0,0.0,En agglomération,Hors intersection,1.0,Plein jour,Normale,4,Bidirectionnelle,2.0,Plat,1.0,0.0,220.0,Normale,0.0,Sur chaussée,Blessé léger,Masculin,82.0,Promenade - loisirs,3,9,0.0,2.0,7.0,1.0,201200027863B01,7,15,1.0,Cohérente,Non cohérentes
1844,201200027866,2012-08-14,2012,août,mardi,17:00,38,38185,0.0,0.0,En agglomération,Intersection en X,3.0,Plein jour,Normale,4,A sens unique,1.0,Plat,1.0,0.0,70.0,Normale,0.0,Sur chaussée,Blessé léger,Masculin,30.0,Utilisation professionnelle,1,2,0.0,2.0,1.0,1.0,201200027866B01,10,1,1.0,Cohérente,Non cohérentes
1845,201200027876,2012-09-07,2012,septembre,vendredi,19:40,38,38185,0.0,0.0,En agglomération,Intersection en X,3.0,Plein jour,Normale,4,A sens unique,1.0,Plat,1.0,0.0,35.0,Normale,0.0,Sur chaussée,Blessé léger,Féminin,21.0,Promenade - loisirs,2,9,0.0,2.0,1.0,1.0,201200027876A01,7,15,1.0,Cohérente,Non cohérentes
1846,201200027879,2012-09-19,2012,septembre,mercredi,94:0,38,38185,0.0,0.0,En agglomération,Intersection en X,6.0,Plein jour,Normale,4,Bidirectionnelle,4.0,Plat,1.0,0.0,62.0,Normale,0.0,Sur chaussée,Blessé léger,Féminin,23.0,Utilisation professionnelle,3,9,0.0,2.0,1.0,1.0,201200027879A01,7,1,1.0,Non cohérente,Non cohérentes
1847,201200027880,2012-09-20,2012,septembre,jeudi,18:00,38,38185,0.0,0.0,En agglomération,Hors intersection,7.0,Plein jour,Normale,4,Bidirectionnelle,3.0,Plat,1.0,0.0,140.0,Normale,0.0,Sur chaussée,Blessé hospitalisé,Féminin,64.0,Promenade - loisirs,2,9,0.0,2.0,1.0,1.0,201200027880B01,7,23,1.0,Cohérente,Non cohérentes
1848,201200027881,2012-09-22,2012,septembre,samedi,14:19,38,38185,0.0,0.0,En agglomération,Hors intersection,6.0,Plein jour,Normale,4,A sens unique,1.0,Plat,1.0,0.0,59.0,Normale,0.0,Sur chaussée,Indemne,Masculin,20.0,Promenade - loisirs,3,9,0.0,1.0,1.0,1.0,201200027881A01,,,,Cohérente,Non cohérentes
1849,201200027891,2012-10-16,2012,octobre,mardi,15:15,38,38185,0.0,0.0,En agglomération,Intersection en X,3.0,Plein jour,Normale,4,Bidirectionnelle,2.0,Plat,1.0,0.0,100.0,Normale,0.0,Sur chaussée,Blessé léger,Masculin,63.0,Promenade - loisirs,3,9,0.0,2.0,8.0,1.0,201200027891B01,7,16,1.0,Cohérente,Non cohérentes
1850,201200027893,2012-10-17,2012,octobre,mercredi,11:55,38,38185,0.0,0.0,En agglomération,Hors intersection,3.0,Plein jour,Normale,4,Bidirectionnelle,4.0,Plat,1.0,0.0,200.0,Normale,0.0,Sur chaussée,Blessé léger,Féminin,54.0,Promenade - loisirs,3,9,0.0,2.0,8.0,1.0,201200027893B01,7,15,1.0,Cohérente,Non cohérentes
1851,201200027896,2012-11-06,2012,novembre,mardi,17:55,38,38185,0.0,0.0,En agglomération,Hors intersection,6.0,Nuit avec éclairage public allumé,Pluie légère,4,A sens unique,1.0,Plat,1.0,0.0,65.0,Normale,0.0,Sur chaussée,Indemne,Masculin,26.0,Promenade - loisirs,3,9,0.0,1.0,1.0,1.0,201200027896A01,,,,Cohérente,Non cohérentes
1852,201200027904,2012-11-21,2012,novembre,mercredi,14:30,38,38185,0.0,0.0,En agglomération,Hors intersection,3.0,Plein jour,Normale,4,Bidirectionnelle,4.0,Plat,1.0,0.0,165.0,Normale,0.0,Sur chaussée,Blessé léger,Masculin,30.0,Domicile - travail,3,9,0.0,2.0,1.0,1.0,201200027904B01,7,16,1.0,Cohérente,Non cohérentes
1853,201200035363,2012-01-03,2012,janvier,mardi,14:10,67,67482,0.0,0.0,En agglomération,Intersection en X,6.0,Plein jour,Normale,4,A sens unique,1.0,Plat,1.0,0.0,500.0,Normale,0.0,Sur chaussée,Blessé hospitalisé,Féminin,54.0,Domicile - travail,3,4,0.0,2.0,1.0,1.0,201200035363B01,7,15,1.0,Cohérente,Non cohérentes
1854,201200035372,2012-01-11,2012,janvier,mercredi,20:0,67,67482,0.0,0.0,En agglomération,Intersection en T,6.0,Nuit avec éclairage public allumé,Normale,4,A chaussées séparées,6.0,Plat,1.0,0.0,196.0,Normale,0.0,Sur chaussée,Blessé léger,Féminin,20.0,Promenade - loisirs,3,2,0.0,2.0,0.0,1.0,201200035372B01,7,1,1.0,Cohérente,Non cohérentes
1855,201200035374,2012-01-11,2012,janvier,mercredi,18:30,67,67482,0.0,0.0,En agglomération,Hors intersection,3.0,Nuit avec éclairage public allumé,Normale,4,Bidirectionnelle,2.0,Plat,1.0,0.0,80.0,Normale,0.0,Aucun,Blessé léger,Féminin,48.0,Domicile - travail,3,9,0.0,2.0,7.0,1.0,201200035374B01,7,22,1.0,Cohérente,Non cohérentes
1856,201200035381,2012-01-16,2012,janvier,lundi,83:0,67,67482,0.0,0.0,En agglomération,Intersection en X,3.0,Plein jour,Normale,4,Bidirectionnelle,2.0,Plat,1.0,0.0,65.0,Normale,2.0,Aucun,Indemne,Masculin,15.0,Domicile - école,1,2,0.0,2.0,1.0,1.0,201200035381A01,1,1,1.0,Non cohérente,Non cohérentes
1857,201200035381,2012-01-16,2012,janvier,lundi,83:0,67,67482,0.0,0.0,En agglomération,Intersection en X,3.0,Plein jour,Normale,4,Bidirectionnelle,2.0,Plat,1.0,0.0,65.0,Normale,2.0,Aucun,Blessé hospitalisé,Féminin,45.0,Domicile - travail,3,4,0.0,9.0,7.0,1.0,201200035381B01,1,1,1.0,Non cohérente,Non cohérentes
1858,201200035386,2012-01-19,2012,janvier,jeudi,18:20,67,67482,0.0,0.0,En agglomération,Intersection en X,3.0,Nuit avec éclairage public allumé,Pluie légère,4,Bidirectionnelle,3.0,Plat,1.0,0.0,120.0,Mouillée,2.0,Sur chaussée,Blessé hospitalisé,Masculin,44.0,Domicile - travail,1,4,0.0,2.0,8.0,19.0,201200035386B01,7,15,1.0,Cohérente,Non cohérentes
1859,201200035393,2012-01-24,2012,janvier,mardi,83:5,67,67482,0.0,0.0,En agglomération,Hors intersection,3.0,Plein jour,Normale,4,Non renseigné,1.0,Plat,1.0,0.0,40.0,Normale,0.0,Sur trottoir,Blessé léger,Masculin,41.0,Domicile - travail,1,2,0.0,2.0,1.0,1.0,201200035393A01,7,20,1.0,Non cohérente,Non cohérentes
1860,201200035401,2012-02-01,2012,février,mercredi,16:15,67,67482,0.0,0.0,En agglomération,Hors intersection,6.0,Plein jour,Normale,4,A sens unique,1.0,Plat,1.0,0.0,40.0,Normale,0.0,Sur piste cyclable,Blessé léger,Féminin,20.0,Promenade - loisirs,3,9,1.0,0.0,1.0,5.0,201200035401A01,7,24,1.0,Cohérente,Non cohérentes
1861,201200035404,2012-02-07,2012,février,mardi,14:50,67,67482,0.0,0.0,En agglomération,Hors intersection,3.0,Plein jour,Normale,4,Bidirectionnelle,2.0,Plat,1.0,0.0,95.0,Normale,0.0,Sur chaussée,Blessé léger,Féminin,53.0,Domicile - travail,3,9,0.0,2.0,8.0,9.0,201200035404A01,38,1,1.0,Cohérente,Non cohérentes
1862,201200035407,2012-02-08,2012,février,mercredi,19:50,67,67482,0.0,0.0,En agglomération,Hors intersection,3.0,Nuit avec éclairage public allumé,Normale,4,A chaussées séparées,6.0,Plat,1.0,50.0,65.0,Normale,0.0,Sur chaussée,Blessé hospitalisé,Masculin,17.0,Promenade - loisirs,3,4,0.0,2.0,1.0,19.0,201200035407A01,7,15,1.0,Cohérente,Non cohérentes
1863,201200035409,2012-02-11,2012,février,samedi,16:50,67,67482,0.0,0.0,En agglomération,Hors intersection,6.0,Plein jour,Normale,4,A sens unique,2.0,Plat,1.0,0.0,60.0,Normale,0.0,Sur chaussée,Blessé léger,Masculin,68.0,Courses - achats,3,4,0.0,2.0,1.0,5.0,201200035409A01,7,1,1.0,Cohérente,Non cohérentes
1864,201200035410,2012-02-12,2012,février,dimanche,11:20,67,67482,0.0,0.0,En agglomération,Intersection en X,6.0,Plein jour,Normale,4,Avec voies d'affectation variable,0.0,Plat,1.0,0.0,0.0,Normale,6.0,Sur chaussée,Blessé léger,Féminin,23.0,Promenade - loisirs,3,4,0.0,2.0,1.0,19.0,201200035410A01,7,1,1.0,Cohérente,Non cohérentes
1865,201200035415,2012-02-15,2012,février,mercredi,18:10,67,67482,0.0,0.0,En agglomération,Intersection en X,3.0,Nuit avec éclairage public allumé,Normale,4,Bidirectionnelle,2.0,Plat,1.0,0.0,60.0,Normale,0.0,Sur piste cyclable,Blessé léger,Masculin,27.0,Domicile - travail,1,4,0.0,2.0,1.0,1.0,201200035415B01,7,15,1.0,Cohérente,Non cohérentes
1866,201200035419,2012-02-17,2012,février,vendredi,18:50,67,67482,0.0,0.0,En agglomération,Hors intersection,3.0,Nuit avec éclairage public allumé,Normale,4,Bidirectionnelle,3.0,Plat,1.0,0.0,70.0,Normale,0.0,Sur chaussée,Blessé léger,Féminin,20.0,Non renseigné,3,4,0.0,2.0,1.0,1.0,201200035419A01,7,9,1.0,Cohérente,Non cohérentes