,Num_Acc,date,an,mois,jour,hrmn,dep,com,lat,long,agg,int,col,lum,atm,catr,circ,nbv,prof,plan,lartpc,larrout,surf,infra,situ,grav,sexe,age,trajet,secuexist,equipement,obs,obsm,choc,manv,vehiculeid,typevehicules,manoeuvehicules,numVehicules,statut_heure,statut_coord
1867,201200035420,2012-02-19,2012,février,dimanche,21:50,67,67482,0.0,0.0,En agglomération,Intersection en T,3.0,Nuit avec éclairage public allumé,Normale,4,A sens unique,2.0,Plat,1.0,0.0,70.0,Normale,0.0,Sur piste cyclable,Blessé léger,Masculin,20.0,Non renseigné,3,9,0.0,2.0,7.0,1.0,201200035420B01,7,16,1.0,Cohérente,Non cohérentes
1868,201200035423,2012-02-21,2012,février,mardi,16:50,67,67482,0.0,0.0,En agglomération,Hors intersection,3.0,Plein jour,Normale,4,Bidirectionnelle,2.0,Plat,1.0,70.0,80.0,Normale,0.0,Sur chaussée,Blessé léger,Masculin,23.0,Promenade - loisirs,3,9,0.0,2.0,8.0,19.0,201200035423A01,7,1,1.0,Cohérente,Non cohérentes
1869,201200035424,2012-02-22,2012,février,mercredi,12:05,67,67482,0.0,0.0,En agglomération,Hors intersection,3.0,Plein jour,Normale,4,Bidirectionnelle,4.0,Plat,1.0,20.0,140.0,Normale,0.0,Sur chaussée,Blessé léger,Masculin,37.0,Promenade - loisirs,3,4,0.0,2.0,3.0,19.0,201200035424A01,10,1,1.0,Cohérente,Non cohérentes
1870,201200035433,2012-03-05,2012,mars,lundi,23:20,67,67482,0.0,0.0,En agglomération,Hors intersection,3.0,Nuit avec éclairage public allumé,Normale,4,A chaussées séparées,2.0,Plat,1.0,35.0,80.0,Normale,0.0,Sur chaussée,Blessé léger,Masculin,31.0,Promenade - loisirs,3,9,0.0,2.0,8.0,1.0,201200035433A01,7,2,1.0,Cohérente,Non cohérentes
1871,201200035437,2012-03-07,2012,mars,mercredi,93:0,67,67482,0.0,0.0,En agglomération,Intersection en X,1.0,Plein jour,Normale,4,Avec voies d'affectation variable,3.0,Plat,1.0,0.0,90.0,Normale,0.0,Sur chaussée,Blessé hospitalisé,Féminin,40.0,Utilisation professionnelle,1,4,0.0,2.0,1.0,19.0,201200035437B01,7,15,1.0,Non cohérente,Non cohérentes
1872,201200035438,2012-03-08,2012,mars,jeudi,16:10,67,67482,0.0,0.0,En agglomération,Intersection en X,3.0,Plein jour,Normale,4,Bidirectionnelle,2.0,Plat,1.0,0.0,50.0,Normale,0.0,Sur chaussée,Blessé léger,Masculin,20.0,Utilisation professionnelle,2,9,0.0,2.0,1.0,1.0,201200035438A01,7,1,1.0,Cohérente,Non cohérentes
1873,201200035446,2012-03-14,2012,mars,mercredi,17:40,67,67482,0.0,0.0,En agglomération,Hors intersection,6.0,Plein jour,Normale,4,Bidirectionnelle,2.0,Plat,1.0,0.0,80.0,Normale,0.0,Aucun,Indemne,Masculin,29.0,Autre,3,9,0.0,1.0,1.0,0.0,201200035446A01,,,,Cohérente,Non cohérentes
1874,201200035448,2012-03-15,2012,mars,jeudi,74:5,67,67482,0.0,0.0,En agglomération,Hors intersection,6.0,Plein jour,Normale,4,A sens unique,2.0,Plat,1.0,0.0,41.0,Non renseigné,0.0,Sur chaussée,Indemne,Féminin,22.0,Non renseigné,3,9,0.0,1.0,1.0,1.0,201200035448A01,,,,Non cohérente,Non cohérentes
1875,201200035457,2012-03-19,2012,mars,lundi,22:15,67,67482,0.0,0.0,En agglomération,Hors intersection,6.0,Nuit avec éclairage public allumé,Normale,4,Non renseigné,1.0,Plat,1.0,0.0,0.0,Normale,0.0,Sur chaussée,Blessé léger,Masculin,31.0,Promenade - loisirs,3,9,0.0,2.0,0.0,1.0,201200035457A01,1,0,1.0,Cohérente,Non cohérentes
1876,201200035457,2012-03-19,2012,mars,lundi,22:15,67,67482,0.0,0.0,En agglomération,Hors intersection,6.0,Nuit avec éclairage public allumé,Normale,4,Non renseigné,1.0,Plat,1.0,0.0,0.0,Normale,0.0,Sur chaussée,Indemne,Masculin,22.0,Non renseigné,3,9,0.0,0.0,0.0,0.0,201200035457Z01,1,1,1.0,Cohérente,Non cohérentes
1877,201200035458,2012-03-20,2012,mars,mardi,17:10,67,67482,0.0,0.0,En agglomération,Hors intersection,6.0,Plein jour,Normale,4,Bidirectionnelle,2.0,Plat,1.0,0.0,60.0,Normale,0.0,Sur chaussée,Blessé léger,Féminin,69.0,Non renseigné,3,4,0.0,2.0,1.0,1.0,201200035458B01,7,1,1.0,Cohérente,Non cohérentes
1878,201200035465,2012-03-26,2012,mars,lundi,18:20,67,67482,0.0,0.0,En agglomération,Hors intersection,3.0,Plein jour,Normale,4,Bidirectionnelle,2.0,Plat,1.0,0.0,51.0,Normale,0.0,Sur chaussée,Blessé léger,Masculin,6.0,Domicile - école,2,4,0.0,2.0,3.0,19.0,201200035465B01,10,1,1.0,Cohérente,Non cohérentes
1879,201200035471,2012-03-28,2012,mars,mercredi,20:25,67,67482,0.0,0.0,En agglomération,Hors intersection,1.0,Nuit avec éclairage public allumé,Normale,4,A chaussées séparées,2.0,Plat,1.0,30.0,60.0,Normale,0.0,Sur chaussée,Blessé léger,Masculin,18.0,Promenade - loisirs,2,4,0.0,2.0,1.0,5.0,201200035471A01,7,9,1.0,Cohérente,Non cohérentes
1880,201200035473,2012-03-30,2012,mars,vendredi,15:30,67,67482,0.0,0.0,En agglomération,Intersection en X,3.0,Plein jour,Normale,4,Bidirectionnelle,2.0,Plat,1.0,0.0,60.0,Normale,0.0,Sur chaussée,Blessé léger,Féminin,57.0,Non renseigné,3,9,0.0,2.0,3.0,1.0,201200035473B01,7,15,1.0,Cohérente,Non cohérentes
1881,201200035474,2012-03-31,2012,mars,samedi,43:0,67,67482,0.0,0.0,En agglomération,Intersection en T,3.0,Nuit avec éclairage public allumé,Normale,4,Non renseigné,1.0,Plat,1.0,0.0,75.0,Normale,6.0,Sur chaussée,Blessé léger,Féminin,20.0,Promenade - loisirs,2,9,0.0,2.0,1.0,5.0,201200035474B01,7,1,1.0,Non cohérente,Non cohérentes
1882,201200035475,2012-04-02,2012,avril,lundi,14:55,67,67482,0.0,0.0,En agglomération,Hors intersection,3.0,Plein jour,Normale,4,Bidirectionnelle,4.0,Plat,2.0,0.0,80.0,Normale,0.0,Sur piste cyclable,Blessé léger,Masculin,69.0,Promenade - loisirs,3,9,0.0,2.0,8.0,1.0,201200035475B01,7,16,1.0,Cohérente,Non cohérentes
1883,201200035478,2012-04-05,2012,avril,jeudi,15:30,67,67482,0.0,0.0,En agglomération,Intersection en X,3.0,Plein jour,Pluie forte,4,A sens unique,1.0,Plat,1.0,0.0,125.0,Mouillée,0.0,Sur chaussée,Blessé léger,Masculin,23.0,Autre,3,9,0.0,2.0,8.0,19.0,201200035478A01,7,1,1.0,Cohérente,Non cohérentes
1884,201200035488,2012-04-10,2012,avril,mardi,17:20,67,67482,0.0,0.0,En agglomération,Intersection en T,6.0,Plein jour,Pluie légère,4,Bidirectionnelle,2.0,Plat,1.0,0.0,50.0,Mouillée,0.0,Sur chaussée,Blessé léger,Féminin,15.0,Non renseigné,3,4,0.0,2.0,1.0,15.0,201200035488A01,7,1,1.0,Cohérente,Non cohérentes
1885,201200035495,2012-04-17,2012,avril,mardi,84:0,67,67482,0.0,0.0,En agglomération,Intersection en T,3.0,Plein jour,Normale,4,Bidirectionnelle,2.0,Plat,1.0,0.0,60.0,Normale,0.0,Sur chaussée,Blessé léger,Masculin,23.0,Domicile - travail,3,4,0.0,2.0,1.0,19.0,201200035495A01,7,15,1.0,Non cohérente,Non cohérentes
1886,201200035511,2012-04-27,2012,avril,vendredi,12:00,67,67482,0.0,0.0,En agglomération,Intersection en X,3.0,Plein jour,Normale,4,Bidirectionnelle,3.0,Plat,1.0,0.0,100.0,Normale,0.0,Sur chaussée,Blessé léger,Féminin,45.0,Non renseigné,3,4,0.0,2.0,1.0,1.0,201200035511B01,7,16,1.0,Cohérente,Non cohérentes
1887,201200035514,2012-04-27,2012,avril,vendredi,15:53,67,67482,0.0,0.0,En agglomération,Hors intersection,3.0,Plein jour,Normale,4,A chaussées séparées,2.0,Plat,1.0,30.0,50.0,Normale,0.0,Sur chaussée,Blessé léger,Masculin,15.0,Promenade - loisirs,3,9,0.0,2.0,1.0,19.0,201200035514B01,7,5,1.0,Cohérente,Non cohérentes
1888,201200035517,2012-04-30,2012,avril,lundi,90:5,67,67482,0.0,0.0,En agglomération,Intersection en T,3.0,Plein jour,Normale,4,Bidirectionnelle,2.0,Plat,1.0,0.0,90.0,Normale,0.0,Sur chaussée,Blessé hospitalisé,Masculin,54.0,Promenade - loisirs,2,9,0.0,2.0,1.0,1.0,201200035517A01,7,16,1.0,Non cohérente,Non cohérentes
1889,201200035523,2012-05-04,2012,mai,vendredi,64:5,67,67482,0.0,0.0,En agglomération,Intersection en X,3.0,Plein jour,Normale,4,Bidirectionnelle,2.0,Plat,1.0,0.0,50.0,Normale,0.0,Sur chaussée,Blessé hospitalisé,Masculin,20.0,Non renseigné,3,4,0.0,2.0,8.0,2.0,201200035523B01,10,2,1.0,Non cohérente,Non cohérentes
1890,201200035528,2012-05-07,2012,mai,lundi,17:50,67,67482,0.0,0.0,En agglomération,Hors intersection,3.0,Plein jour,Normale,4,Bidirectionnelle,3.0,Sommet de côte,1.0,0.0,100.0,Normale,0.0,Sur chaussée,Blessé léger,Masculin,66.0,Promenade - loisirs,3,9,0.0,2.0,1.0,19.0,201200035528A01,7,1,1.0,Cohérente,Non cohérentes
1891,201200035530,2012-05-08,2012,mai,mardi,18:45,67,67482,0.0,0.0,En agglomération,Intersection en T,3.0,Plein jour,Pluie légère,4,Bidirectionnelle,2.0,Plat,1.0,0.0,80.0,Mouillée,0.0,Sur chaussée,Blessé léger,Masculin,75.0,Non renseigné,3,9,0.0,2.0,8.0,15.0,201200035530A01,7,1,1.0,Cohérente,Non cohérentes
1892,201200035533,2012-05-11,2012,mai,vendredi,22:00,67,67482,0.0,0.0,En agglomération,Intersection en T,3.0,Nuit avec éclairage public allumé,Normale,4,A sens unique,2.0,Plat,1.0,0.0,70.0,Normale,0.0,Sur chaussée,Blessé léger,Masculin,37.0,Autre,3,9,0.0,2.0,1.0,19.0,201200035533B01,7,1,1.0,Cohérente,Non cohérentes
1893,201200035534,2012-05-13,2012,mai,dimanche,16:00,67,67482,0.0,0.0,En agglomération,Hors intersection,3.0,Plein jour,Temps éblouissant,4,Bidirectionnelle,3.0,Plat,1.0,0.0,100.0,Normale,0.0,Sur chaussée,Blessé léger,Féminin,22.0,Non renseigné,3,9,1.0,0.0,1.0,1.0,201200035534B01,7,22,1.0,Cohérente,Non cohérentes
1894,201200035536,2012-05-13,2012,mai,dimanche,16:45,67,67482,0.0,0.0,En agglomération,Hors intersection,3.0,Plein jour,Normale,4,Bidirectionnelle,2.0,Plat,1.0,0.0,124.0,Normale,0.0,Sur chaussée,Blessé hospitalisé,Masculin,9.0,Promenade - loisirs,3,9,0.0,2.0,1.0,19.0,201200035536B01,7,4,1.0,Cohérente,Non cohérentes
1895,201200035541,2012-05-15,2012,mai,mardi,11:15,67,67482,0.0,0.0,En agglomération,Intersection à plus de 4 branches,2.0,Plein jour,Normale,4,A sens unique,0.0,Plat,1.0,0.0,49.0,Normale,0.0,Sur chaussée,Blessé léger,Féminin,62.0,Domicile - travail,2,9,0.0,2.0,1.0,1.0,201200035541B01,7,1,1.0,Cohérente,Non cohérentes
1896,201200035547,2012-05-19,2012,mai,samedi,10:,67,67482,0.0,0.0,En agglomération,Intersection en X,3.0,Nuit avec éclairage public allumé,Pluie légère,4,A sens unique,1.0,Plat,1.0,0.0,50.0,Mouillée,0.0,Sur chaussée,Blessé léger,Masculin,32.0,Promenade - loisirs,2,9,0.0,2.0,1.0,15.0,201200035547A01,7,1,1.0,Non cohérente,Non cohérentes
1897,201200035550,2012-05-20,2012,mai,dimanche,11:20,67,67482,0.0,0.0,En agglomération,Intersection en X,3.0,Plein jour,Normale,4,Bidirectionnelle,2.0,Plat,1.0,0.0,61.0,Normale,0.0,Sur chaussée,Tué,Masculin,63.0,Promenade - loisirs,2,2,0.0,2.0,1.0,1.0,201200035550A01,38,1,1.0,Cohérente,Non cohérentes
1898,201200035556,2012-05-22,2012,mai,mardi,17:22,67,67482,0.0,0.0,En agglomération,Intersection en T,3.0,Plein jour,Normale,4,Bidirectionnelle,2.0,Plat,1.0,0.0,100.0,Normale,0.0,Sur chaussée,Blessé léger,Masculin,47.0,Domicile - travail,3,4,0.0,2.0,7.0,1.0,201200035556B01,7,1,1.0,Cohérente,Non cohérentes
1899,201200035559,2012-05-24,2012,mai,jeudi,15:05,67,67482,0.0,0.0,En agglomération,Intersection en T,3.0,Plein jour,Normale,4,Bidirectionnelle,2.0,Plat,1.0,0.0,134.0,Normale,0.0,Sur chaussée,Blessé léger,Masculin,61.0,Promenade - loisirs,3,9,0.0,2.0,1.0,1.0,201200035559B01,7,16,1.0,Cohérente,Non cohérentes
1900,201200035562,2012-05-25,2012,mai,vendredi,20:15,67,67482,0.0,0.0,En agglomération,Hors intersection,3.0,Plein jour,Normale,4,Bidirectionnelle,2.0,Plat,1.0,0.0,55.0,Normale,0.0,Sur chaussée,Blessé léger,Masculin,14.0,Promenade - loisirs,3,9,0.0,2.0,1.0,19.0,201200035562B01,7,1,1.0,Cohérente,Non cohérentes
1901,201200035570,2012-06-01,2012,juin,vendredi,23:45,67,67482,0.0,0.0,En agglomération,Hors intersection,6.0,Nuit avec éclairage public allumé,Normale,4,Avec voies d'affectation variable,2.0,Plat,1.0,0.0,80.0,Normale,0.0,Sur piste cyclable,Blessé léger,Masculin,49.0,Promenade - loisirs,3,9,0.0,1.0,1.0,1.0,201200035570A01,,,,Cohérente,Non cohérentes
1902,201200035571,2012-06-02,2012,juin,samedi,13:26,67,67482,0.0,0.0,En agglomération,Intersection en X,3.0,Plein jour,Normale,4,Bidirectionnelle,3.0,Plat,1.0,0.0,120.0,Normale,0.0,Sur chaussée,Blessé léger,Masculin,11.0,Promenade - loisirs,3,9,0.0,2.0,6.0,19.0,201200035571A01,7,1,1.0,Cohérente,Non cohérentes
1903,201200035572,2012-06-02,2012,juin,samedi,17:50,67,67482,0.0,0.0,En agglomération,Hors intersection,1.0,Plein jour,Normale,4,Bidirectionnelle,2.0,Plat,4.0,0.0,100.0,Normale,0.0,Sur piste cyclable,Blessé hospitalisé,Masculin,43.0,Promenade - loisirs,1,4,0.0,2.0,1.0,1.0,201200035572A01,1,1,1.0,Cohérente,Non cohérentes
1904,201200035572,2012-06-02,2012,juin,samedi,17:50,67,67482,0.0,0.0,En agglomération,Hors intersection,1.0,Plein jour,Normale,4,Bidirectionnelle,2.0,Plat,4.0,0.0,100.0,Normale,0.0,Sur piste cyclable,Blessé léger,Masculin,26.0,Promenade - loisirs,1,4,0.0,2.0,1.0,1.0,201200035572B01,1,1,1.0,Cohérente,Non cohérentes
1905,201200035574,2012-06-03,2012,juin,dimanche,18:45,67,67482,0.0,0.0,En agglomération,Intersection en X,1.0,Plein jour,Pluie légère,4,A chaussées séparées,3.0,Plat,1.0,0.0,45.0,Mouillée,0.0,Sur trottoir,Blessé léger,Masculin,28.0,Promenade - loisirs,2,9,0.0,2.0,1.0,1.0,201200035574A01,1,1,1.0,Cohérente,Non cohérentes
1906,201200035574,2012-06-03,2012,juin,dimanche,18:45,67,67482,0.0,0.0,En agglomération,Intersection en X,1.0,Plein jour,Pluie légère,4,A chaussées séparées,3.0,Plat,1.0,0.0,45.0,Mouillée,0.0,Sur trottoir,Indemne,Masculin,11.0,Non renseigné,3,4,0.0,2.0,1.0,1.0,201200035574B01,1,1,1.0,Cohérente,Non cohérentes
1907,201200035576,2012-06-05,2012,juin,mardi,15:35,67,67482,0.0,0.0,En agglomération,Intersection en T,3.0,Plein jour,Normale,4,Bidirectionnelle,2.0,Plat,1.0,0.0,77.0,Normale,0.0,Sur chaussée,Blessé léger,Masculin,23.0,Promenade - loisirs,3,4,0.0,2.0,1.0,1.0,201200035576A01,7,16,1.0,Cohérente,Non cohérentes
1908,201200035578,2012-06-07,2012,juin,jeudi,75:0,67,67482,0.0,0.0,En agglomération,Hors intersection,1.0,Plein jour,Normale,4,Bidirectionnelle,2.0,Plat,1.0,0.0,0.0,Normale,0.0,Sur piste cyclable,Blessé hospitalisé,Masculin,52.0,Domicile - travail,2,9,0.0,2.0,1.0,1.0,201200035578B01,1,5,1.0,Non cohérente,Non cohérentes
1909,201200035578,2012-06-07,2012,juin,jeudi,75:0,67,67482,0.0,0.0,En agglomération,Hors intersection,1.0,Plein jour,Normale,4,Bidirectionnelle,2.0,Plat,1.0,0.0,0.0,Normale,0.0,Sur piste cyclable,Blessé léger,Féminin,22.0,Domicile - travail,2,9,0.0,2.0,1.0,5.0,201200035578A01,1,1,1.0,Non cohérente,Non cohérentes
1910,201200035579,2012-06-07,2012,juin,jeudi,13:00,67,67482,0.0,0.0,En agglomération,Hors intersection,3.0,Plein jour,Normale,4,Bidirectionnelle,2.0,Plat,1.0,0.0,61.0,Normale,0.0,Sur chaussée,Blessé léger,Féminin,10.0,Non renseigné,3,9,0.0,2.0,1.0,19.0,201200035579B01,7,1,1.0,Cohérente,Non cohérentes
1911,201200035580,2012-06-09,2012,juin,samedi,15:00,67,67482,0.0,0.0,En agglomération,Intersection en X,3.0,Plein jour,Normale,4,Bidirectionnelle,2.0,Plat,1.0,0.0,100.0,Normale,0.0,Sur chaussée,Blessé léger,Masculin,27.0,Promenade - loisirs,3,9,0.0,2.0,8.0,19.0,201200035580A01,7,1,1.0,Cohérente,Non cohérentes
1912,201200035581,2012-06-10,2012,juin,dimanche,12:55,67,67482,0.0,0.0,En agglomération,Hors intersection,6.0,Plein jour,Normale,4,Bidirectionnelle,2.0,Plat,2.0,0.0,40.0,Normale,0.0,Sur chaussée,Blessé léger,Masculin,12.0,Promenade - loisirs,3,9,0.0,2.0,0.0,1.0,201200035581B01,10,13,1.0,Cohérente,Non cohérentes
1913,201200035590,2012-06-13,2012,juin,mercredi,71:0,67,67482,0.0,0.0,En agglomération,Hors intersection,6.0,Plein jour,Normale,4,A chaussées séparées,2.0,Plat,1.0,40.0,113.0,Mouillée,0.0,Sur piste cyclable,Indemne,Masculin,35.0,Domicile - travail,3,4,0.0,1.0,1.0,5.0,201200035590A01,,,,Non cohérente,Non cohérentes
1914,201200035590,2012-06-13,2012,juin,mercredi,71:0,67,67482,0.0,0.0,En agglomération,Hors intersection,6.0,Plein jour,Normale,4,A chaussées séparées,2.0,Plat,1.0,40.0,113.0,Mouillée,0.0,Sur piste cyclable,Blessé léger,Féminin,52.0,Non renseigné,3,9,0.0,1.0,1.0,5.0,201200035590A01,,,,Non cohérente,Non cohérentes
1915,201200035592,2012-06-14,2012,juin,jeudi,14:35,67,67482,0.0,0.0,En agglomération,Hors intersection,3.0,Plein jour,Normale,4,Bidirectionnelle,2.0,Plat,1.0,20.0,80.0,Normale,0.0,Sur chaussée,Blessé hospitalisé,Féminin,13.0,Domicile - école,3,4,0.0,2.0,1.0,5.0,201200035592B01,7,15,1.0,Cohérente,Non cohérentes
1916,201200035602,2012-06-23,2012,juin,samedi,14:40,67,67482,0.0,0.0,En agglomération,Hors intersection,6.0,Plein jour,Normale,4,Avec voies d'affectation variable,1.0,Plat,1.0,0.0,124.0,Normale,0.0,Sur chaussée,Indemne,Masculin,22.0,Promenade - loisirs,3,9,0.0,1.0,1.0,1.0,201200035602A01,,,,Cohérente,Non cohérentes
1917,201200035607,2012-06-26,2012,juin,mardi,95:0,67,67482,0.0,0.0,En agglomération,Hors intersection,3.0,Plein jour,Pluie légère,4,Bidirectionnelle,2.0,Plat,1.0,0.0,28.0,Normale,0.0,Sur piste cyclable,Blessé léger,Masculin,57.0,Promenade - loisirs,3,9,0.0,2.0,7.0,2.0,201200035607A01,1,2,1.0,Non cohérente,Non cohérentes
1918,201200035607,2012-06-26,2012,juin,mardi,95:0,67,67482,0.0,0.0,En agglomération,Hors intersection,3.0,Plein jour,Pluie légère,4,Bidirectionnelle,2.0,Plat,1.0,0.0,28.0,Normale,0.0,Sur piste cyclable,Blessé léger,Féminin,40.0,Promenade - loisirs,3,9,0.0,2.0,8.0,2.0,201200035607B01,1,2,1.0,Non cohérente,Non cohérentes
1919,201200035610,2012-06-28,2012,juin,jeudi,17:00,67,67482,0.0,0.0,En agglomération,Intersection en X,3.0,Plein jour,Normale,4,A sens unique,1.0,Plat,-1.0,0.0,50.0,Normale,0.0,Sur chaussée,Blessé léger,Masculin,13.0,Domicile - école,3,9,0.0,2.0,1.0,1.0,201200035610A01,7,1,1.0,Cohérente,Non cohérentes
1920,201200035615,2012-07-01,2012,juillet,dimanche,17:30,67,67482,0.0,0.0,En agglomération,Intersection en T,3.0,Plein jour,Normale,4,Bidirectionnelle,2.0,Plat,1.0,0.0,70.0,Normale,0.0,Sur chaussée,Blessé léger,Masculin,7.0,Promenade - loisirs,3,9,0.0,2.0,1.0,1.0,201200035615B01,7,1,1.0,Cohérente,Non cohérentes
1921,201200035616,2012-07-02,2012,juillet,lundi,14:10,67,67482,0.0,0.0,En agglomération,Hors intersection,3.0,Plein jour,Temps couvert,4,Bidirectionnelle,1.0,Plat,1.0,0.0,40.0,Normale,0.0,Sur chaussée,Blessé léger,Masculin,47.0,Promenade - loisirs,2,9,0.0,2.0,8.0,1.0,201200035616B01,7,9,1.0,Cohérente,Non cohérentes
1922,201200035620,2012-07-05,2012,juillet,jeudi,13:0,67,67482,0.0,0.0,En agglomération,Hors intersection,3.0,Nuit avec éclairage public allumé,Normale,4,Bidirectionnelle,2.0,Plat,1.0,50.0,80.0,Normale,0.0,Sur chaussée,Blessé léger,Masculin,18.0,Promenade - loisirs,3,9,0.0,2.0,7.0,19.0,201200035620B01,7,1,1.0,Cohérente,Non cohérentes
1923,201200035624,2012-07-09,2012,juillet,lundi,16:10,67,67482,0.0,0.0,En agglomération,Hors intersection,3.0,Plein jour,Normale,4,Bidirectionnelle,2.0,Plat,1.0,0.0,100.0,Normale,0.0,Sur piste cyclable,Blessé léger,Féminin,23.0,Promenade - loisirs,3,9,0.0,2.0,1.0,1.0,201200035624B01,7,15,1.0,Cohérente,Non cohérentes
1924,201200035627,2012-07-12,2012,juillet,jeudi,14:00,67,67482,0.0,0.0,En agglomération,Hors intersection,6.0,Plein jour,Normale,4,Bidirectionnelle,1.0,Pente,1.0,0.0,35.0,Normale,2.0,Sur chaussée,Indemne,Masculin,27.0,Non renseigné,3,9,0.0,1.0,1.0,2.0,201200035627A01,,,,Cohérente,Non cohérentes
1925,201200035627,2012-07-12,2012,juillet,jeudi,14:00,67,67482,0.0,0.0,En agglomération,Hors intersection,6.0,Plein jour,Normale,4,Bidirectionnelle,1.0,Pente,1.0,0.0,35.0,Normale,2.0,Sur chaussée,Blessé léger,Féminin,63.0,Non renseigné,3,9,0.0,1.0,1.0,2.0,201200035627A01,,,,Cohérente,Non cohérentes
1926,201200035631,2012-07-18,2012,juillet,mercredi,19:00,67,67482,0.0,0.0,Hors agglomération,Intersection en Y,6.0,Plein jour,Normale,4,Avec voies d'affectation variable,1.0,Plat,1.0,0.0,38.0,Non renseigné,2.0,Sur chaussée,Tué,Masculin,29.0,Non renseigné,1,2,0.0,0.0,0.0,0.0,201200035631A01,,,,Cohérente,Non cohérentes
1927,201200035632,2012-07-18,2012,juillet,mercredi,19:40,67,67482,0.0,0.0,En agglomération,Hors intersection,3.0,Plein jour,Normale,4,A sens unique,1.0,Plat,1.0,0.0,11.0,Normale,0.0,Sur chaussée,Blessé léger,Féminin,26.0,Domicile - travail,1,4,1.0,2.0,1.0,1.0,201200035632B01,7,22,1.0,Cohérente,Non cohérentes
1928,201200035636,2012-07-21,2012,juillet,samedi,10:00,67,67482,0.0,0.0,En agglomération,Intersection en T,3.0,Plein jour,Normale,4,A sens unique,2.0,Plat,1.0,0.0,70.0,Mouillée,0.0,Sur chaussée,Blessé léger,Féminin,71.0,Promenade - loisirs,3,9,0.0,2.0,7.0,1.0,201200035636B01,7,16,1.0,Cohérente,Non cohérentes
1929,201200035637,2012-07-21,2012,juillet,samedi,16:45,67,67482,0.0,0.0,En agglomération,Hors intersection,3.0,Plein jour,Normale,4,Bidirectionnelle,2.0,Plat,1.0,0.0,150.0,Normale,0.0,Sur chaussée,Blessé léger,Masculin,11.0,Promenade - loisirs,3,9,0.0,2.0,8.0,19.0,201200035637B01,7,16,1.0,Cohérente,Non cohérentes
1930,201200035638,2012-07-21,2012,juillet,samedi,23:00,67,67482,0.0,0.0,En agglomération,Intersection en T,3.0,Nuit avec éclairage public allumé,Normale,4,Bidirectionnelle,2.0,Plat,1.0,0.0,80.0,Mouillée,0.0,Sur chaussée,Blessé hospitalisé,Masculin,21.0,Promenade - loisirs,2,9,0.0,2.0,8.0,19.0,201200035638B01,7,15,1.0,Cohérente,Non cohérentes
1931,201200035644,2012-07-27,2012,juillet,vendredi,10:36,67,67482,0.0,0.0,En agglomération,Hors intersection,2.0,Plein jour,Normale,4,Bidirectionnelle,3.0,Non renseigné,1.0,0.0,260.0,Normale,0.0,Sur chaussée,Blessé léger,Masculin,30.0,Non renseigné,1,2,0.0,2.0,1.0,1.0,201200035644A01,2,20,1.0,Cohérente,Non cohérentes
1932,201200035645,2012-07-30,2012,juillet,lundi,14:00,67,67482,0.0,0.0,En agglomération,Hors intersection,3.0,Plein jour,Normale,4,A sens unique,2.0,Plat,1.0,0.0,56.0,Normale,0.0,Sur chaussée,Blessé léger,Masculin,39.0,Promenade - loisirs,1,4,1.0,0.0,1.0,1.0,201200035645B01,7,24,1.0,Cohérente,Non cohérentes
1933,201200035647,2012-07-31,2012,juillet,mardi,20:00,67,67482,0.0,0.0,En agglomération,Intersection en X,2.0,Crépuscule ou aube,Normale,4,Bidirectionnelle,3.0,Plat,-1.0,0.0,80.0,Normale,4.0,Sur chaussée,Blessé léger,Féminin,39.0,Non renseigné,1,4,0.0,2.0,4.0,1.0,201200035647A01,33,1,1.0,Cohérente,Non cohérentes
1934,201200035661,2012-08-12,2012,août,dimanche,23:01,67,67482,0.0,0.0,En agglomération,Hors intersection,2.0,Nuit avec éclairage public allumé,Normale,4,Bidirectionnelle,2.0,Plat,1.0,0.0,105.0,Normale,0.0,Sur piste cyclable,Blessé léger,Masculin,34.0,Non renseigné,3,2,0.0,2.0,4.0,1.0,201200035661B01,2,17,1.0,Cohérente,Non cohérentes
1935,201200035674,2012-08-22,2012,août,mercredi,14:25,67,67482,0.0,0.0,En agglomération,Hors intersection,3.0,Plein jour,Normale,4,Bidirectionnelle,6.0,Plat,1.0,115.0,100.0,Normale,0.0,Sur chaussée,Blessé léger,Masculin,17.0,Promenade - loisirs,3,9,0.0,2.0,2.0,19.0,201200035674A01,7,1,1.0,Cohérente,Non cohérentes
1936,201200035676,2012-08-24,2012,août,vendredi,18:15,67,67482,0.0,0.0,En agglomération,Hors intersection,3.0,Crépuscule ou aube,Temps couvert,4,A sens unique,1.0,Plat,1.0,0.0,80.0,Mouillée,0.0,Sur chaussée,Blessé léger,Féminin,44.0,Non renseigné,3,9,1.0,0.0,2.0,1.0,201200035676B01,7,24,1.0,Cohérente,Non cohérentes
1937,201200035681,2012-08-27,2012,août,lundi,16:45,67,67482,0.0,0.0,En agglomération,Intersection en T,6.0,Plein jour,Normale,4,A sens unique,1.0,Plat,1.0,0.0,40.0,Normale,0.0,Sur chaussée,Indemne,Masculin,22.0,Promenade - loisirs,3,9,0.0,1.0,1.0,15.0,201200035681A01,,,,Cohérente,Non cohérentes