,Num_Acc,date,an,mois,jour,hrmn,dep,com,lat,long,agg,int,col,lum,atm,catr,circ,nbv,prof,plan,lartpc,larrout,surf,infra,situ,grav,sexe,age,trajet,secuexist,equipement,obs,obsm,choc,manv,vehiculeid,typevehicules,manoeuvehicules,numVehicules,statut_heure,statut_coord
1938,201200035683,2012-08-30,2012,août,jeudi,16:35,67,67482,0.0,0.0,En agglomération,Hors intersection,3.0,Plein jour,Normale,4,Bidirectionnelle,2.0,Plat,1.0,0.0,60.0,Normale,0.0,Sur chaussée,Blessé léger,Masculin,43.0,Domicile - travail,1,2,0.0,2.0,1.0,1.0,201200035683B01,7,24,1.0,Cohérente,Non cohérentes
1939,201200035709,2012-09-13,2012,septembre,jeudi,17:35,67,67482,0.0,0.0,En agglomération,Hors intersection,6.0,Plein jour,Normale,4,Non renseigné,1.0,Plat,1.0,0.0,0.0,Normale,6.0,Sur chaussée,Indemne,Masculin,18.0,Promenade - loisirs,3,2,0.0,1.0,1.0,1.0,201200035709A01,,,,Cohérente,Non cohérentes
1940,201200035711,2012-09-15,2012,septembre,samedi,13:59,67,67482,0.0,0.0,En agglomération,Intersection en X,1.0,Plein jour,Normale,4,Bidirectionnelle,2.0,Plat,1.0,0.0,116.0,Normale,0.0,Sur chaussée,Blessé léger,Féminin,39.0,Non renseigné,3,2,0.0,4.0,1.0,15.0,201200035711A01,40,1,1.0,Cohérente,Non cohérentes
1941,201200035716,2012-09-17,2012,septembre,lundi,14:30,67,67482,0.0,0.0,En agglomération,Hors intersection,1.0,Plein jour,Normale,4,A sens unique,1.0,Plat,3.0,0.0,90.0,Normale,0.0,Sur piste cyclable,Blessé léger,Masculin,28.0,Domicile - école,2,9,0.0,2.0,1.0,15.0,201200035716A01,1,16,1.0,Cohérente,Non cohérentes
1942,201200035716,2012-09-17,2012,septembre,lundi,14:30,67,67482,0.0,0.0,En agglomération,Hors intersection,1.0,Plein jour,Normale,4,A sens unique,1.0,Plat,3.0,0.0,90.0,Normale,0.0,Sur piste cyclable,Blessé léger,Masculin,19.0,Domicile - école,2,9,0.0,2.0,1.0,16.0,201200035716B01,1,15,1.0,Cohérente,Non cohérentes
1943,201200035717,2012-09-17,2012,septembre,lundi,18:10,67,67482,0.0,0.0,En agglomération,Hors intersection,3.0,Crépuscule ou aube,Normale,4,Bidirectionnelle,3.0,Plat,1.0,0.0,90.0,Normale,0.0,Sur chaussée,Blessé léger,Masculin,49.0,Autre,1,4,0.0,2.0,1.0,1.0,201200035717B01,10,1,1.0,Cohérente,Non cohérentes
1944,201200035721,2012-09-21,2012,septembre,vendredi,74:5,67,67482,0.0,0.0,En agglomération,Intersection en X,3.0,Plein jour,Normale,4,Bidirectionnelle,4.0,Plat,1.0,0.0,150.0,Normale,5.0,Sur chaussée,Blessé léger,Féminin,24.0,Domicile - travail,3,9,0.0,2.0,0.0,1.0,201200035721B01,7,16,1.0,Non cohérente,Non cohérentes
1945,201200035725,2012-09-25,2012,septembre,mardi,80:5,67,67482,0.0,0.0,En agglomération,Intersection en X,3.0,Plein jour,Normale,4,Bidirectionnelle,4.0,Plat,1.0,0.0,80.0,Normale,2.0,Sur chaussée,Blessé léger,Féminin,26.0,Domicile - travail,1,4,0.0,2.0,5.0,1.0,201200035725A01,7,1,1.0,Non cohérente,Non cohérentes
1946,201200035728,2012-09-27,2012,septembre,jeudi,65:5,67,67482,0.0,0.0,En agglomération,Hors intersection,2.0,Crépuscule ou aube,Normale,4,Bidirectionnelle,3.0,Plat,1.0,30.0,60.0,Normale,0.0,Sur chaussée,Blessé léger,Féminin,50.0,Non renseigné,3,2,0.0,2.0,3.0,1.0,201200035728B01,7,14,1.0,Non cohérente,Non cohérentes
1947,201200035731,2012-09-27,2012,septembre,jeudi,18:00,67,67482,0.0,0.0,En agglomération,Intersection en T,3.0,Plein jour,Pluie légère,4,Bidirectionnelle,2.0,Plat,1.0,13.0,87.0,Mouillée,0.0,Sur chaussée,Tué,Féminin,65.0,Non renseigné,2,2,0.0,2.0,0.0,19.0,201200035731A01,7,1,1.0,Cohérente,Non cohérentes
1948,201200035735,2012-09-30,2012,septembre,dimanche,11:40,67,67482,0.0,0.0,En agglomération,Intersection en X,2.0,Plein jour,Normale,4,Bidirectionnelle,3.0,Plat,1.0,0.0,151.0,Normale,0.0,Sur chaussée,Blessé léger,Masculin,53.0,Autre,3,9,0.0,2.0,1.0,1.0,201200035735A01,7,18,1.0,Cohérente,Non cohérentes
1949,201200035736,2012-10-02,2012,octobre,mardi,17:20,67,67482,0.0,0.0,En agglomération,Intersection en X,3.0,Plein jour,Normale,4,A chaussées séparées,1.0,Plat,1.0,0.0,35.0,Normale,0.0,Sur chaussée,Blessé léger,Masculin,38.0,Autre,3,9,0.0,2.0,1.0,1.0,201200035736B01,7,15,1.0,Cohérente,Non cohérentes
1950,201200035740,2012-10-03,2012,octobre,mercredi,11:30,67,67482,0.0,0.0,En agglomération,Intersection en X,3.0,Plein jour,Normale,4,Bidirectionnelle,2.0,Plat,1.0,0.0,40.0,Normale,0.0,Sur chaussée,Blessé léger,Féminin,20.0,Domicile - école,3,9,0.0,2.0,7.0,19.0,201200035740B01,7,12,1.0,Cohérente,Non cohérentes
1951,201200035741,2012-10-03,2012,octobre,mercredi,16:05,67,67482,0.0,0.0,En agglomération,Intersection en X,3.0,Plein jour,Normale,4,A chaussées séparées,2.0,Plat,1.0,81.0,97.0,Normale,0.0,Sur chaussée,Blessé léger,Masculin,34.0,Promenade - loisirs,2,9,0.0,2.0,1.0,1.0,201200035741A01,7,15,1.0,Cohérente,Non cohérentes
1952,201200035744,2012-10-04,2012,octobre,jeudi,75:0,67,67482,0.0,0.0,En agglomération,Hors intersection,3.0,Crépuscule ou aube,Pluie légère,4,Bidirectionnelle,4.0,Plat,3.0,0.0,110.0,Mouillée,0.0,Sur chaussée,Blessé léger,Masculin,14.0,Autre,3,9,0.0,2.0,1.0,19.0,201200035744B01,7,16,1.0,Non cohérente,Non cohérentes
1953,201200035747,2012-10-08,2012,octobre,lundi,18:16,67,67482,0.0,0.0,En agglomération,Place,2.0,Plein jour,Normale,4,Bidirectionnelle,2.0,Plat,1.0,0.0,30.0,Normale,0.0,Sur piste cyclable,Blessé léger,Féminin,72.0,Promenade - loisirs,3,2,0.0,2.0,1.0,1.0,201200035747B01,1,15,1.0,Cohérente,Non cohérentes
1954,201200035747,2012-10-08,2012,octobre,lundi,18:16,67,67482,0.0,0.0,En agglomération,Place,2.0,Plein jour,Normale,4,Bidirectionnelle,2.0,Plat,1.0,0.0,30.0,Normale,0.0,Sur piste cyclable,Indemne,Féminin,18.0,Domicile - école,3,2,0.0,2.0,4.0,15.0,201200035747A01,1,1,1.0,Cohérente,Non cohérentes
1955,201200035748,2012-10-10,2012,octobre,mercredi,14:50,67,67482,0.0,0.0,En agglomération,Hors intersection,3.0,Plein jour,Normale,4,A chaussées séparées,2.0,Plat,1.0,110.0,73.0,Normale,0.0,Aucun,Blessé léger,Masculin,8.0,Non renseigné,3,9,0.0,4.0,7.0,19.0,201200035748A01,40,1,1.0,Cohérente,Non cohérentes
1956,201200035751,2012-10-16,2012,octobre,mardi,73:5,67,67482,0.0,0.0,En agglomération,Intersection en X,3.0,Plein jour,Normale,4,A chaussées séparées,6.0,Plat,1.0,70.0,160.0,Normale,0.0,Sur chaussée,Blessé léger,Féminin,38.0,Domicile - travail,1,9,0.0,2.0,1.0,1.0,201200035751B01,7,19,1.0,Non cohérente,Non cohérentes
1957,201200035756,2012-10-18,2012,octobre,jeudi,19:15,67,67482,0.0,0.0,En agglomération,Intersection en X,3.0,Nuit avec éclairage public allumé,Normale,4,A sens unique,2.0,Plat,1.0,0.0,40.0,Normale,0.0,Sur chaussée,Blessé léger,Masculin,19.0,Promenade - loisirs,3,9,0.0,2.0,4.0,1.0,201200035756A01,7,1,1.0,Cohérente,Non cohérentes
1958,201200035764,2012-10-24,2012,octobre,mercredi,12:10,67,67482,0.0,0.0,En agglomération,Intersection en X,3.0,Plein jour,Normale,4,A chaussées séparées,4.0,Plat,1.0,130.0,134.0,Normale,0.0,Sur chaussée,Blessé hospitalisé,Masculin,44.0,Domicile - travail,1,4,0.0,2.0,4.0,19.0,201200035764A01,33,15,1.0,Cohérente,Non cohérentes
1959,201200035779,2012-11-06,2012,novembre,mardi,13:40,67,67482,0.0,0.0,En agglomération,Intersection en X,6.0,Plein jour,Normale,4,Bidirectionnelle,2.0,Plat,1.0,0.0,160.0,Normale,0.0,Sur chaussée,Blessé léger,Féminin,19.0,Non renseigné,3,9,0.0,1.0,1.0,19.0,201200035779A01,,,,Cohérente,Non cohérentes
1960,201200035790,2012-11-14,2012,novembre,mercredi,18:10,67,67482,0.0,0.0,En agglomération,Hors intersection,1.0,Nuit avec éclairage public allumé,Normale,4,Bidirectionnelle,2.0,Plat,1.0,0.0,45.0,Normale,0.0,Sur chaussée,Blessé léger,Masculin,22.0,Promenade - loisirs,2,4,0.0,2.0,1.0,1.0,201200035790A01,7,1,1.0,Cohérente,Non cohérentes
1961,201200035793,2012-11-19,2012,novembre,lundi,53:5,67,67482,0.0,0.0,En agglomération,Intersection en X,3.0,Nuit avec éclairage public allumé,Brouillard - fumée,4,Bidirectionnelle,2.0,Plat,1.0,0.0,50.0,Mouillée,0.0,Sur chaussée,Blessé hospitalisé,Masculin,63.0,Domicile - travail,1,4,0.0,2.0,1.0,1.0,201200035793B01,7,15,1.0,Non cohérente,Non cohérentes
1962,201200035796,2012-11-19,2012,novembre,lundi,18:50,67,67482,0.0,0.0,En agglomération,Intersection en T,3.0,Nuit avec éclairage public allumé,Normale,4,A sens unique,2.0,Plat,3.0,0.0,70.0,Normale,0.0,Sur chaussée,Blessé léger,Masculin,47.0,Promenade - loisirs,3,9,0.0,2.0,8.0,19.0,201200035796A01,7,15,1.0,Cohérente,Non cohérentes
1963,201200035797,2012-11-21,2012,novembre,mercredi,18:10,67,67482,0.0,0.0,En agglomération,Hors intersection,3.0,Nuit avec éclairage public allumé,Normale,4,Bidirectionnelle,3.0,Plat,1.0,0.0,113.0,Normale,0.0,Sur chaussée,Blessé léger,Masculin,20.0,Domicile - école,3,9,0.0,2.0,1.0,19.0,201200035797A01,7,1,1.0,Cohérente,Non cohérentes
1964,201200035800,2012-11-23,2012,novembre,vendredi,10:52,67,67482,0.0,0.0,En agglomération,Intersection en X,3.0,Plein jour,Normale,4,Bidirectionnelle,2.0,Plat,1.0,0.0,65.0,Normale,0.0,Sur chaussée,Tué,Masculin,31.0,Domicile - travail,2,2,0.0,2.0,1.0,19.0,201200035800B01,17,14,1.0,Cohérente,Non cohérentes
1965,201200035804,2012-11-26,2012,novembre,lundi,18:25,67,67482,0.0,0.0,En agglomération,Intersection en T,3.0,Nuit avec éclairage public allumé,Pluie forte,4,A sens unique,1.0,Plat,1.0,0.0,41.0,Mouillée,0.0,Sur chaussée,Blessé léger,Féminin,56.0,Non renseigné,1,4,0.0,2.0,7.0,19.0,201200035804A01,7,1,1.0,Cohérente,Non cohérentes
1966,201200035806,2012-11-27,2012,novembre,mardi,22:25,67,67482,0.0,0.0,En agglomération,Intersection en X,3.0,Nuit sans éclairage public,Pluie légère,4,Bidirectionnelle,2.0,Plat,1.0,0.0,80.0,Mouillée,0.0,Sur chaussée,Blessé léger,Féminin,21.0,Autre,3,9,0.0,2.0,7.0,1.0,201200035806B01,7,15,1.0,Cohérente,Non cohérentes
1967,201200035808,2012-11-28,2012,novembre,mercredi,18:06,67,67482,0.0,0.0,En agglomération,Intersection en T,1.0,Nuit avec éclairage public allumé,Pluie légère,4,Bidirectionnelle,3.0,Plat,1.0,0.0,150.0,Mouillée,0.0,Sur chaussée,Blessé léger,Féminin,57.0,Autre,1,4,0.0,2.0,1.0,1.0,201200035808A01,7,15,1.0,Cohérente,Non cohérentes
1968,201200035810,2012-11-29,2012,novembre,jeudi,16:10,67,67482,0.0,0.0,En agglomération,Hors intersection,3.0,Plein jour,Pluie légère,4,Bidirectionnelle,2.0,Plat,1.0,0.0,30.0,Normale,0.0,Sur chaussée,Blessé léger,Masculin,18.0,Autre,3,9,0.0,2.0,1.0,19.0,201200035810A01,7,1,1.0,Cohérente,Non cohérentes
1969,201200035828,2012-12-13,2012,décembre,jeudi,85:0,67,67482,0.0,0.0,En agglomération,Intersection en X,3.0,Plein jour,Temps couvert,4,Bidirectionnelle,3.0,Plat,1.0,0.0,60.0,Normale,0.0,Sur chaussée,Blessé léger,Masculin,27.0,Autre,1,4,0.0,4.0,8.0,19.0,201200035828A01,40,1,1.0,Non cohérente,Non cohérentes
1970,201200035834,2012-12-16,2012,décembre,dimanche,20:5,67,67482,0.0,0.0,En agglomération,Intersection en T,3.0,Nuit avec éclairage public allumé,Pluie forte,4,Bidirectionnelle,2.0,Plat,1.0,0.0,100.0,Mouillée,0.0,Sur chaussée,Blessé léger,Masculin,17.0,Promenade - loisirs,2,4,0.0,2.0,1.0,1.0,201200035834A01,7,1,1.0,Cohérente,Non cohérentes
1971,201200035848,2012-12-29,2012,décembre,samedi,95:5,67,67482,0.0,0.0,En agglomération,Intersection en T,3.0,Plein jour,Normale,4,A chaussées séparées,2.0,Plat,1.0,0.0,0.0,Normale,0.0,Sur chaussée,Blessé léger,Féminin,69.0,Promenade - loisirs,2,9,0.0,2.0,1.0,19.0,201200035848A01,7,1,1.0,Non cohérente,Non cohérentes
1972,201200036953,2012-05-14,2012,mai,lundi,82:5,74,74010,0.0,0.0,En agglomération,Intersection en T,6.0,Plein jour,Normale,4,Bidirectionnelle,0.0,Plat,1.0,0.0,0.0,Normale,0.0,Sur chaussée,Tué,Féminin,81.0,Autre,3,9,0.0,0.0,1.0,1.0,201200036953B01,7,16,1.0,Non cohérente,Non cohérentes
1973,201200036959,2012-06-16,2012,juin,samedi,10:00,74,74010,0.0,0.0,En agglomération,Hors intersection,6.0,Plein jour,Normale,4,Bidirectionnelle,1.0,Plat,1.0,0.0,61.0,Normale,0.0,Sur chaussée,Indemne,Masculin,16.0,Promenade - loisirs,3,9,0.0,1.0,1.0,1.0,201200036959A01,,,,Cohérente,Non cohérentes
1974,201200036971,2012-11-14,2012,novembre,mercredi,10:25,74,74010,0.0,0.0,En agglomération,Giratoire,6.0,Plein jour,Normale,3,Bidirectionnelle,2.0,Plat,1.0,,70.0,Normale,5.0,Sur chaussée,Indemne,Masculin,35.0,Domicile - travail,1,2,0.0,1.0,1.0,9.0,201200036971A01,,,,Cohérente,Non cohérentes
1975,201300023412,2013-01-08,2013,janvier,mardi,85:0,33,33063,0.0,0.0,En agglomération,Intersection en X,3.0,Plein jour,Pluie légère,4,A sens unique,1.0,Plat,1.0,0.0,26.0,Mouillée,0.0,Sur chaussée,Blessé léger,Féminin,49.0,Utilisation professionnelle,3,2,0.0,2.0,7.0,1.0,201300023412B01,7,1,1.0,Non cohérente,Non cohérentes
1976,201300023442,2013-01-10,2013,janvier,jeudi,63:4,33,33063,0.0,0.0,En agglomération,Hors intersection,2.0,Nuit avec éclairage public allumé,Pluie légère,4,Bidirectionnelle,2.0,Plat,1.0,0.0,68.0,Mouillée,0.0,Sur chaussée,Blessé léger,Masculin,24.0,Autre,3,9,0.0,2.0,4.0,2.0,201300023442B01,7,1,1.0,Non cohérente,Non cohérentes
1977,201300023467,2013-01-31,2013,janvier,jeudi,13:20,33,33063,0.0,0.0,En agglomération,Hors intersection,3.0,Plein jour,Normale,4,Bidirectionnelle,2.0,Plat,1.0,0.0,0.0,Normale,0.0,Sur chaussée,Blessé léger,Féminin,24.0,Autre,3,9,1.0,9.0,2.0,1.0,201300023467B01,7,24,1.0,Cohérente,Non cohérentes
1978,201300023476,2013-02-02,2013,février,samedi,18:15,33,33063,0.0,0.0,En agglomération,Intersection en X,3.0,Plein jour,Normale,4,A sens unique,1.0,Non renseigné,-1.0,0.0,0.0,Non renseigné,0.0,Aucun,Blessé léger,Masculin,15.0,Non renseigné,3,9,0.0,2.0,3.0,1.0,201300023476A01,37,1,1.0,Cohérente,Non cohérentes
1979,201300023479,2013-02-01,2013,février,vendredi,21:25,33,33063,0.0,0.0,En agglomération,Intersection en T,6.0,Nuit avec éclairage public allumé,Pluie légère,4,Non renseigné,1.0,Plat,1.0,0.0,0.0,Mouillée,5.0,Sur chaussée,Blessé léger,Masculin,23.0,Non renseigné,2,4,0.0,2.0,3.0,1.0,201300023479B01,7,4,1.0,Cohérente,Non cohérentes
1980,201300023480,2013-02-04,2013,février,lundi,17:55,33,33063,0.0,0.0,En agglomération,Hors intersection,6.0,Crépuscule ou aube,Pluie légère,4,A chaussées séparées,5.0,Plat,1.0,0.0,0.0,Mouillée,0.0,Sur chaussée,Indemne,Masculin,64.0,Utilisation professionnelle,3,9,0.0,1.0,1.0,1.0,201300023480A01,,,,Cohérente,Non cohérentes
1981,201300023487,2013-02-07,2013,février,jeudi,15:00,33,33063,0.0,0.0,En agglomération,Hors intersection,6.0,Plein jour,Normale,4,Bidirectionnelle,3.0,Sommet de côte,1.0,0.0,75.0,Normale,0.0,Sur chaussée,Blessé léger,Masculin,24.0,Non renseigné,2,9,0.0,2.0,1.0,2.0,201300023487A01,7,2,1.0,Cohérente,Non cohérentes
1982,201300023513,2013-02-20,2013,février,mercredi,80:0,33,33063,0.0,0.0,En agglomération,Intersection en X,3.0,Plein jour,Normale,4,A sens unique,1.0,Plat,1.0,0.0,0.0,Normale,0.0,Sur chaussée,Blessé hospitalisé,Masculin,47.0,Autre,1,9,0.0,2.0,0.0,1.0,201300023513B01,7,15,1.0,Non cohérente,Non cohérentes
1983,201300023519,2013-02-22,2013,février,vendredi,12:53,33,33063,0.0,0.0,En agglomération,Intersection en X,3.0,Plein jour,Normale,4,Bidirectionnelle,2.0,Plat,1.0,0.0,0.0,Normale,0.0,Sur chaussée,Blessé léger,Féminin,52.0,Autre,3,9,0.0,2.0,2.0,1.0,201300023519A01,40,1,1.0,Cohérente,Non cohérentes
1984,201300023548,2013-03-05,2013,mars,mardi,95:5,33,33063,0.0,0.0,En agglomération,Hors intersection,3.0,Plein jour,Normale,4,A sens unique,1.0,Pente,3.0,0.0,0.0,Normale,0.0,Sur chaussée,Blessé hospitalisé,Masculin,69.0,Non renseigné,3,9,0.0,0.0,3.0,16.0,201300023548A01,14,1,1.0,Non cohérente,Non cohérentes
1985,201300023583,2013-03-20,2013,mars,mercredi,10:30,33,33063,0.0,0.0,En agglomération,Intersection en X,3.0,Plein jour,Normale,4,Bidirectionnelle,2.0,Plat,1.0,0.0,0.0,Normale,0.0,Sur chaussée,Blessé léger,Féminin,59.0,Non renseigné,3,9,0.0,2.0,0.0,1.0,201300023583B01,7,16,1.0,Cohérente,Non cohérentes
1986,201300023593,2013-03-25,2013,mars,lundi,14:25,33,33063,0.0,0.0,En agglomération,Intersection en T,3.0,Plein jour,Normale,4,A sens unique,1.0,Plat,1.0,0.0,0.0,Normale,0.0,Sur chaussée,Blessé léger,Féminin,26.0,Domicile - école,3,9,0.0,2.0,1.0,1.0,201300023593B01,7,16,1.0,Cohérente,Non cohérentes
1987,201300023598,2013-03-27,2013,mars,mercredi,14:40,33,33063,0.0,0.0,En agglomération,Intersection en X,6.0,Plein jour,Normale,4,A sens unique,1.0,Sommet de côte,1.0,0.0,0.0,Normale,0.0,Sur chaussée,Indemne,Masculin,24.0,Autre,3,9,0.0,2.0,4.0,1.0,201300023598A01,33,1,1.0,Cohérente,Non cohérentes
1988,201300023606,2013-03-28,2013,mars,jeudi,12:00,33,33063,0.0,0.0,En agglomération,Intersection en X,6.0,Plein jour,Normale,4,A sens unique,0.0,Plat,1.0,0.0,0.0,Normale,0.0,Sur chaussée,Blessé hospitalisé,Féminin,17.0,Non renseigné,3,9,0.0,2.0,0.0,1.0,201300023606A01,7,1,1.0,Cohérente,Non cohérentes
1989,201300023613,2013-04-02,2013,avril,mardi,70:5,33,33063,0.0,0.0,En agglomération,Intersection en X,3.0,Nuit avec éclairage public allumé,Pluie légère,4,Bidirectionnelle,4.0,Plat,3.0,0.0,0.0,Normale,0.0,Sur chaussée,Blessé léger,Féminin,43.0,Utilisation professionnelle,3,9,0.0,2.0,4.0,1.0,201300023613A01,7,16,1.0,Non cohérente,Non cohérentes
1990,201300023614,2013-04-02,2013,avril,mardi,22:10,33,33063,0.0,0.0,En agglomération,Hors intersection,3.0,Nuit avec éclairage public allumé,Normale,4,A sens unique,0.0,Plat,1.0,0.0,0.0,Normale,4.0,Sur chaussée,Blessé léger,Masculin,38.0,Non renseigné,3,9,1.0,0.0,2.0,1.0,201300023614A01,7,23,1.0,Cohérente,Non cohérentes
1991,201300023618,2013-04-03,2013,avril,mercredi,83:0,33,33063,0.0,0.0,En agglomération,Hors intersection,3.0,Plein jour,Normale,4,A chaussées séparées,4.0,Plat,1.0,0.0,0.0,Normale,0.0,Sur chaussée,Blessé hospitalisé,Féminin,28.0,Domicile - travail,3,9,0.0,2.0,2.0,1.0,201300023618B01,33,1,1.0,Non cohérente,Non cohérentes
1992,201300023620,2013-04-04,2013,avril,jeudi,13:30,33,33063,0.0,0.0,En agglomération,Intersection en T,6.0,Plein jour,Pluie légère,4,Bidirectionnelle,2.0,Plat,4.0,0.0,0.0,Mouillée,5.0,Sur chaussée,Blessé léger,Féminin,15.0,Non renseigné,3,9,0.0,2.0,1.0,6.0,201300023620A01,7,1,1.0,Cohérente,Non cohérentes
1993,201300023626,2013-04-05,2013,avril,vendredi,16:35,33,33063,0.0,0.0,En agglomération,Hors intersection,6.0,Plein jour,Normale,4,Bidirectionnelle,2.0,Plat,1.0,0.0,0.0,Normale,0.0,Sur chaussée,Blessé hospitalisé,Féminin,58.0,Non renseigné,3,9,0.0,2.0,1.0,1.0,201300023626B01,7,22,1.0,Cohérente,Non cohérentes
1994,201300023637,2013-04-10,2013,avril,mercredi,13:30,33,33063,0.0,0.0,En agglomération,Hors intersection,6.0,Plein jour,Normale,4,A chaussées séparées,8.0,Plat,1.0,0.0,0.0,Normale,4.0,Sur chaussée,Blessé hospitalisé,Féminin,52.0,Non renseigné,3,9,0.0,2.0,4.0,19.0,201300023637A01,33,1,1.0,Cohérente,Non cohérentes
1995,201300023639,2013-04-11,2013,avril,jeudi,13:50,33,33063,0.0,0.0,En agglomération,Intersection en X,3.0,Plein jour,Pluie légère,4,A sens unique,1.0,Pente,1.0,0.0,0.0,Mouillée,0.0,Sur chaussée,Blessé léger,Masculin,43.0,Non renseigné,3,9,0.0,0.0,0.0,0.0,201300023639B01,7,0,1.0,Cohérente,Non cohérentes
1996,201300023641,2013-04-11,2013,avril,jeudi,17:30,33,33063,0.0,0.0,En agglomération,Intersection en T,3.0,Plein jour,Normale,4,A chaussées séparées,4.0,Pente,1.0,0.0,0.0,Normale,0.0,Sur chaussée,Blessé léger,Féminin,42.0,Non renseigné,3,9,0.0,0.0,8.0,1.0,201300023641B01,7,15,1.0,Cohérente,Non cohérentes
1997,201300023643,2013-04-12,2013,avril,vendredi,18:20,33,33063,0.0,0.0,En agglomération,Intersection en T,6.0,Plein jour,Normale,4,A chaussées séparées,0.0,Plat,1.0,0.0,0.0,Normale,5.0,Sur chaussée,Blessé léger,Féminin,65.0,Promenade - loisirs,3,9,0.0,2.0,6.0,1.0,201300023643B01,7,10,1.0,Cohérente,Non cohérentes
1998,201300023665,2013-04-22,2013,avril,lundi,19:00,33,33063,0.0,0.0,En agglomération,Intersection en X,3.0,Plein jour,Normale,4,A sens unique,0.0,Pente,1.0,0.0,0.0,Normale,0.0,Sur chaussée,Indemne,Masculin,35.0,Non renseigné,3,9,0.0,0.0,0.0,1.0,201300023665A01,1,1,1.0,Cohérente,Non cohérentes
1999,201300023665,2013-04-22,2013,avril,lundi,19:00,33,33063,0.0,0.0,En agglomération,Intersection en X,3.0,Plein jour,Normale,4,A sens unique,0.0,Pente,1.0,0.0,0.0,Normale,0.0,Sur chaussée,Blessé hospitalisé,Féminin,41.0,Domicile - travail,3,9,0.0,0.0,3.0,1.0,201300023665B01,1,1,1.0,Cohérente,Non cohérentes
2000,201300023679,2013-04-25,2013,avril,jeudi,22:20,33,33063,0.0,0.0,En agglomération,Giratoire,3.0,Nuit avec éclairage public allumé,Normale,4,A sens unique,2.0,Plat,2.0,0.0,26.0,Normale,5.0,Sur chaussée,Blessé hospitalisé,Féminin,24.0,Autre,3,9,0.0,2.0,0.0,16.0,201300023679A01,7,16,1.0,Cohérente,Non cohérentes
2001,201300023680,2013-04-25,2013,avril,jeudi,10:00,33,33063,0.0,0.0,En agglomération,Hors intersection,6.0,Plein jour,Normale,4,Bidirectionnelle,2.0,Plat,1.0,0.0,10.0,Normale,0.0,Sur chaussée,Blessé léger,Féminin,33.0,Domicile - travail,3,9,1.0,2.0,2.0,1.0,201300023680B01,10,22,1.0,Cohérente,Non cohérentes
2002,201300023693,2013-04-29,2013,avril,lundi,91:0,33,33063,0.0,0.0,En agglomération,Intersection en X,3.0,Plein jour,Normale,4,A sens unique,2.0,Plat,1.0,0.0,0.0,Normale,0.0,Sur chaussée,Blessé hospitalisé,Féminin,43.0,Non renseigné,3,9,0.0,2.0,1.0,1.0,201300023693A01,10,1,1.0,Non cohérente,Non cohérentes
2003,201300023695,2013-04-29,2013,avril,lundi,16:19,33,33063,0.0,0.0,En agglomération,Intersection en T,3.0,Plein jour,Normale,4,A sens unique,2.0,Plat,1.0,0.0,0.0,Normale,0.0,Sur chaussée,Blessé léger,Masculin,29.0,Autre,3,9,0.0,2.0,1.0,1.0,201300023695B01,7,15,1.0,Cohérente,Non cohérentes
2004,201300023708,2013-05-06,2013,mai,lundi,18:25,33,33063,0.0,0.0,En agglomération,Intersection en X,3.0,Plein jour,Normale,4,Bidirectionnelle,3.0,Plat,1.0,0.0,0.0,Normale,0.0,Sur chaussée,Blessé léger,Masculin,46.0,Non renseigné,3,9,0.0,0.0,3.0,1.0,201300023708B01,7,15,1.0,Cohérente,Non cohérentes
2005,201300023722,2013-05-14,2013,mai,mardi,21:20,33,33063,0.0,0.0,En agglomération,Intersection en T,6.0,Crépuscule ou aube,Pluie légère,4,Bidirectionnelle,1.0,Plat,1.0,0.0,0.0,Mouillée,0.0,Aucun,Indemne,Masculin,13.0,Non renseigné,3,9,0.0,1.0,0.0,0.0,201300023722Z01,,,,Cohérente,Non cohérentes
2006,201300023722,2013-05-14,2013,mai,mardi,21:20,33,33063,0.0,0.0,En agglomération,Intersection en T,6.0,Crépuscule ou aube,Pluie légère,4,Bidirectionnelle,1.0,Plat,1.0,0.0,0.0,Mouillée,0.0,Aucun,Blessé léger,Féminin,57.0,Non renseigné,3,9,0.0,1.0,0.0,0.0,201300023722Z01,,,,Cohérente,Non cohérentes
2007,201300023727,2013-05-17,2013,mai,vendredi,15:45,33,33063,0.0,0.0,En agglomération,Intersection en T,3.0,Plein jour,Normale,4,A sens unique,1.0,Sommet de côte,1.0,0.0,91.0,Normale,0.0,Sur chaussée,Tué,Masculin,21.0,Autre,3,9,0.0,2.0,9.0,1.0,201300023727B01,14,1,1.0,Cohérente,Non cohérentes
2008,201300023731,2013-05-16,2013,mai,jeudi,20:38,33,33063,0.0,0.0,En agglomération,Intersection en T,6.0,Plein jour,Normale,4,Bidirectionnelle,0.0,Non renseigné,-1.0,0.0,0.0,Non renseigné,0.0,Sur chaussée,Blessé hospitalisé,Féminin,19.0,Non renseigné,3,9,0.0,2.0,8.0,16.0,201300023731A01,7,1,1.0,Cohérente,Non cohérentes
2009,201300023731,2013-05-16,2013,mai,jeudi,20:38,33,33063,0.0,0.0,En agglomération,Intersection en T,6.0,Plein jour,Normale,4,Bidirectionnelle,0.0,Non renseigné,-1.0,0.0,0.0,Non renseigné,0.0,Sur chaussée,Blessé léger,Féminin,16.0,Non renseigné,3,9,0.0,2.0,8.0,16.0,201300023731A01,7,1,1.0,Cohérente,Non cohérentes