,Num_Acc,date,an,mois,jour,hrmn,dep,com,lat,long,agg,int,col,lum,atm,catr,circ,nbv,prof,plan,lartpc,larrout,surf,infra,situ,grav,sexe,age,trajet,secuexist,equipement,obs,obsm,choc,manv,vehiculeid,typevehicules,manoeuvehicules,numVehicules,statut_heure,statut_coord
2010,201300023735,2013-05-21,2013,mai,mardi,18:05,33,33063,0.0,0.0,En agglomération,Intersection en X,6.0,Plein jour,Normale,4,A sens unique,0.0,Plat,1.0,0.0,0.0,Normale,5.0,Sur chaussée,Blessé léger,Féminin,38.0,Non renseigné,3,9,0.0,4.0,3.0,15.0,201300023735A01,40,1,1.0,Cohérente,Non cohérentes
2011,201300023740,2013-05-22,2013,mai,mercredi,13:40,33,33063,0.0,0.0,En agglomération,Intersection en X,6.0,Plein jour,Normale,4,Bidirectionnelle,0.0,Plat,-1.0,0.0,0.0,Normale,5.0,Sur chaussée,Indemne,Masculin,25.0,Non renseigné,3,9,0.0,0.0,4.0,0.0,201300023740B01,33,0,1.0,Cohérente,Non cohérentes
2012,201300023751,2013-05-24,2013,mai,vendredi,23:50,33,33063,0.0,0.0,En agglomération,Intersection en T,7.0,Nuit avec éclairage public allumé,Normale,4,Bidirectionnelle,0.0,Non renseigné,-1.0,0.0,0.0,Non renseigné,0.0,Sur chaussée,Blessé léger,Masculin,56.0,Non renseigné,3,9,12.0,0.0,0.0,15.0,201300023751A01,,,,Cohérente,Non cohérentes
2013,201300023772,2013-05-31,2013,mai,vendredi,75:0,33,33063,0.0,0.0,En agglomération,Intersection en X,1.0,Nuit avec éclairage public non allumé,Normale,4,Bidirectionnelle,2.0,Plat,1.0,0.0,0.0,Normale,0.0,Sur chaussée,Blessé léger,Masculin,22.0,Non renseigné,3,9,0.0,2.0,1.0,1.0,201300023772A01,1,5,1.0,Non cohérente,Non cohérentes
2014,201300023774,2013-06-05,2013,juin,mercredi,72:0,33,33063,0.0,0.0,En agglomération,Hors intersection,3.0,Plein jour,Normale,4,A sens unique,1.0,Pente,1.0,0.0,0.0,Normale,0.0,Sur chaussée,Blessé léger,Féminin,63.0,Non renseigné,3,9,0.0,0.0,4.0,1.0,201300023774B01,30,2,1.0,Non cohérente,Non cohérentes
2015,201300023775,2013-06-05,2013,juin,mercredi,18:40,33,33063,0.0,0.0,En agglomération,Intersection en X,3.0,Plein jour,Normale,4,A sens unique,1.0,Plat,1.0,0.0,0.0,Normale,0.0,Sur chaussée,Blessé léger,Masculin,54.0,Non renseigné,3,9,0.0,2.0,7.0,1.0,201300023775B01,7,16,1.0,Cohérente,Non cohérentes
2016,201300023792,2013-06-12,2013,juin,mercredi,50:,33,33063,0.0,0.0,En agglomération,Hors intersection,1.0,Nuit avec éclairage public allumé,Normale,4,Bidirectionnelle,2.0,Plat,1.0,0.0,0.0,Normale,0.0,Sur chaussée,Blessé hospitalisé,Masculin,25.0,Non renseigné,3,9,0.0,2.0,7.0,1.0,201300023792A01,7,1,1.0,Non cohérente,Non cohérentes
2017,201300023804,2013-06-12,2013,juin,mercredi,12:15,33,33063,0.0,0.0,En agglomération,Hors intersection,6.0,Plein jour,Normale,4,A sens unique,1.0,Plat,1.0,0.0,0.0,Normale,0.0,Sur chaussée,Blessé hospitalisé,Féminin,68.0,Promenade - loisirs,3,9,0.0,2.0,1.0,1.0,201300023804B01,7,1,1.0,Cohérente,Non cohérentes
2018,201300023806,2013-06-15,2013,juin,samedi,10:35,33,33063,0.0,0.0,En agglomération,Hors intersection,6.0,Plein jour,Normale,4,A chaussées séparées,0.0,Plat,1.0,0.0,0.0,Normale,2.0,Sur piste cyclable,Indemne,Masculin,55.0,Promenade - loisirs,1,2,0.0,1.0,1.0,1.0,201300023806A01,,,,Cohérente,Non cohérentes
2019,201300023807,2013-06-15,2013,juin,samedi,16:20,33,33063,0.0,0.0,En agglomération,Hors intersection,3.0,Plein jour,Normale,4,Bidirectionnelle,2.0,Plat,1.0,0.0,0.0,Normale,0.0,Sur chaussée,Blessé hospitalisé,Masculin,72.0,Promenade - loisirs,3,9,0.0,0.0,6.0,1.0,201300023807B01,7,16,1.0,Cohérente,Non cohérentes
2020,201300023828,2013-06-24,2013,juin,lundi,10:04,33,33063,0.0,0.0,En agglomération,Hors intersection,6.0,Plein jour,Normale,4,A sens unique,1.0,Plat,1.0,0.0,0.0,Normale,0.0,Sur chaussée,Indemne,Féminin,45.0,Utilisation professionnelle,3,9,0.0,1.0,3.0,1.0,201300023828A01,,,,Cohérente,Non cohérentes
2021,201300023836,2013-06-25,2013,juin,mardi,20:20,33,33063,0.0,0.0,En agglomération,Hors intersection,6.0,Plein jour,Normale,4,A sens unique,2.0,Plat,1.0,0.0,100.0,Normale,0.0,Sur chaussée,Blessé hospitalisé,Féminin,40.0,Non renseigné,3,9,1.0,0.0,1.0,1.0,201300023836B01,7,22,1.0,Cohérente,Non cohérentes
2022,201300023842,2013-06-28,2013,juin,vendredi,74:0,33,33063,0.0,0.0,En agglomération,Hors intersection,5.0,Plein jour,Normale,4,A chaussées séparées,4.0,Plat,1.0,0.0,0.0,Normale,0.0,Sur chaussée,Blessé léger,Féminin,43.0,Autre,3,9,0.0,2.0,2.0,1.0,201300023842A01,7/ 2,1,2.0,Non cohérente,Non cohérentes
2023,201300023842,2013-06-28,2013,juin,vendredi,74:0,33,33063,0.0,0.0,En agglomération,Hors intersection,5.0,Plein jour,Normale,4,A chaussées séparées,4.0,Plat,1.0,0.0,0.0,Normale,0.0,Sur chaussée,Indemne,Masculin,23.0,Non renseigné,3,9,0.0,2.0,0.0,1.0,201300023842B01,7/ 2,1,2.0,Non cohérente,Non cohérentes
2024,201300023844,2013-06-28,2013,juin,vendredi,30:,33,33063,0.0,0.0,En agglomération,Intersection en T,7.0,Nuit avec éclairage public allumé,Normale,4,A chaussées séparées,8.0,Plat,1.0,0.0,0.0,Normale,5.0,Sur chaussée,Blessé léger,Masculin,42.0,Non renseigné,3,9,14.0,0.0,0.0,0.0,201300023844A01,,,,Non cohérente,Non cohérentes
2025,201300023845,2013-06-27,2013,juin,jeudi,16:30,33,33063,0.0,0.0,En agglomération,Intersection en T,6.0,Plein jour,Normale,4,A sens unique,1.0,Plat,1.0,0.0,0.0,Normale,5.0,Sur chaussée,Blessé léger,Féminin,36.0,Non renseigné,3,9,0.0,2.0,0.0,15.0,201300023845A01,31,1,1.0,Cohérente,Non cohérentes
2026,201300023857,2013-07-02,2013,juillet,mardi,16:55,33,33063,0.0,0.0,En agglomération,Intersection en T,3.0,Plein jour,Normale,4,Bidirectionnelle,2.0,Plat,1.0,0.0,0.0,Normale,0.0,Sur chaussée,Blessé léger,Masculin,38.0,Utilisation professionnelle,3,9,0.0,2.0,1.0,1.0,201300023857B01,7,15,1.0,Cohérente,Non cohérentes
2027,201300023865,2013-07-04,2013,juillet,jeudi,18:40,33,33063,0.0,0.0,En agglomération,Giratoire,3.0,Plein jour,Normale,4,A sens unique,2.0,Plat,2.0,0.0,0.0,Normale,5.0,Sur chaussée,Blessé léger,Masculin,54.0,Non renseigné,3,9,0.0,2.0,0.0,15.0,201300023865B01,7,1,1.0,Cohérente,Non cohérentes
2028,201300023868,2013-07-05,2013,juillet,vendredi,84:0,33,33063,0.0,0.0,En agglomération,Intersection en X,6.0,Plein jour,Normale,4,Bidirectionnelle,1.0,Plat,1.0,0.0,0.0,Normale,5.0,Sur chaussée,Blessé léger,Féminin,25.0,Non renseigné,3,9,1.0,0.0,2.0,1.0,201300023868B01,7,24,1.0,Non cohérente,Non cohérentes
2029,201300023886,2013-06-24,2013,juin,lundi,19:30,33,33063,0.0,0.0,En agglomération,Intersection à plus de 4 branches,3.0,Plein jour,Normale,4,A chaussées séparées,4.0,Plat,1.0,0.0,0.0,Normale,0.0,Sur chaussée,Blessé hospitalisé,Féminin,52.0,Non renseigné,3,9,0.0,2.0,0.0,1.0,201300023886B01,7,16,1.0,Cohérente,Non cohérentes
2030,201300023888,2013-07-15,2013,juillet,lundi,10:40,33,33063,0.0,0.0,En agglomération,Intersection en Y,6.0,Plein jour,Normale,4,Bidirectionnelle,0.0,Plat,2.0,0.0,0.0,Normale,5.0,Sur chaussée,Blessé léger,Masculin,60.0,Non renseigné,3,9,0.0,2.0,1.0,15.0,201300023888B01,7,1,1.0,Cohérente,Non cohérentes
2031,201300023893,2013-07-16,2013,juillet,mardi,20:30,33,33063,0.0,0.0,En agglomération,Intersection en X,6.0,Plein jour,Normale,4,A chaussées séparées,8.0,Sommet de côte,1.0,0.0,0.0,Normale,0.0,Sur chaussée,Blessé hospitalisé,Masculin,30.0,Non renseigné,3,9,0.0,2.0,1.0,19.0,201300023893A01,7,1,1.0,Cohérente,Non cohérentes
2032,201300023898,2013-07-18,2013,juillet,jeudi,90:0,33,33063,0.0,0.0,En agglomération,Intersection en X,3.0,Plein jour,Normale,4,Bidirectionnelle,2.0,Plat,1.0,0.0,0.0,Normale,0.0,Sur chaussée,Blessé léger,Féminin,24.0,Non renseigné,3,9,0.0,2.0,1.0,1.0,201300023898A01,7,1,1.0,Non cohérente,Non cohérentes
2033,201300023912,2013-07-24,2013,juillet,mercredi,18:20,33,33063,0.0,0.0,En agglomération,Hors intersection,7.0,Plein jour,Normale,4,A chaussées séparées,2.0,Plat,1.0,0.0,0.0,Normale,0.0,Sur chaussée,Blessé léger,Masculin,40.0,Non renseigné,3,9,1.0,2.0,1.0,2.0,201300023912A01,,,,Cohérente,Non cohérentes
2034,201300023915,2013-07-25,2013,juillet,jeudi,22:25,33,33063,0.0,0.0,Hors agglomération,Intersection en X,3.0,Nuit avec éclairage public allumé,Normale,4,Bidirectionnelle,2.0,Non renseigné,-1.0,0.0,0.0,Non renseigné,0.0,Sur chaussée,Blessé léger,Masculin,30.0,Non renseigné,3,9,0.0,0.0,4.0,1.0,201300023915A01,31,15,1.0,Cohérente,Non cohérentes
2035,201300023945,2013-07-27,2013,juillet,samedi,11:55,33,33063,0.0,0.0,En agglomération,Intersection en T,3.0,Plein jour,Normale,4,A chaussées séparées,2.0,Plat,2.0,0.0,0.0,Normale,0.0,Sur chaussée,Blessé hospitalisé,Féminin,38.0,Non renseigné,3,9,0.0,0.0,4.0,1.0,201300023945B01,7,16,1.0,Cohérente,Non cohérentes
2036,201300023945,2013-07-27,2013,juillet,samedi,11:55,33,33063,0.0,0.0,En agglomération,Intersection en T,3.0,Plein jour,Normale,4,A chaussées séparées,2.0,Plat,2.0,0.0,0.0,Normale,0.0,Sur chaussée,Blessé léger,Féminin,3.0,Non renseigné,3,9,0.0,0.0,4.0,1.0,201300023945B01,7,16,1.0,Cohérente,Non cohérentes
2037,201300023953,2013-08-12,2013,août,lundi,13:55,33,33063,0.0,0.0,En agglomération,Intersection en T,3.0,Plein jour,Normale,4,A chaussées séparées,4.0,Plat,1.0,0.0,0.0,Normale,0.0,Sur chaussée,Blessé hospitalisé,Féminin,37.0,Domicile - travail,3,2,0.0,2.0,0.0,1.0,201300023953B01,7,16,1.0,Cohérente,Non cohérentes
2038,201300023965,2013-08-16,2013,août,vendredi,13:15,33,33063,0.0,0.0,En agglomération,Hors intersection,2.0,Plein jour,Normale,4,Bidirectionnelle,2.0,Pente,1.0,0.0,0.0,Normale,0.0,Sur chaussée,Blessé léger,Féminin,28.0,Non renseigné,3,9,0.0,0.0,4.0,1.0,201300023965B01,7,2,1.0,Cohérente,Non cohérentes
2039,201300023966,2013-08-18,2013,août,dimanche,18:05,33,33063,0.0,0.0,En agglomération,Intersection en X,3.0,Plein jour,Normale,4,Bidirectionnelle,2.0,Pente,1.0,0.0,0.0,Normale,0.0,Sur chaussée,Blessé léger,Masculin,50.0,Non renseigné,3,9,0.0,0.0,3.0,1.0,201300023966B01,7,15,1.0,Cohérente,Non cohérentes
2040,201300023987,2013-08-28,2013,août,mercredi,11:00,33,33063,0.0,0.0,En agglomération,Intersection en T,3.0,Plein jour,Normale,4,Bidirectionnelle,2.0,Plat,1.0,0.0,0.0,Normale,0.0,Sur chaussée,Blessé hospitalisé,Masculin,51.0,Non renseigné,3,9,0.0,2.0,1.0,2.0,201300023987A01,7,15,1.0,Cohérente,Non cohérentes
2041,201300024019,2013-09-06,2013,septembre,vendredi,19:15,33,33063,0.0,0.0,En agglomération,Intersection en T,3.0,Crépuscule ou aube,Pluie légère,4,A sens unique,2.0,Plat,2.0,0.0,0.0,Mouillée,0.0,Sur chaussée,Blessé hospitalisé,Masculin,49.0,Non renseigné,3,9,0.0,2.0,1.0,1.0,201300024019B01,7,16,1.0,Cohérente,Non cohérentes
2042,201300024063,2013-09-21,2013,septembre,samedi,13:55,33,33063,0.0,0.0,En agglomération,Intersection en T,3.0,Plein jour,Normale,4,Bidirectionnelle,3.0,Plat,1.0,0.0,0.0,Normale,0.0,Sur chaussée,Blessé léger,Masculin,66.0,Non renseigné,3,9,0.0,0.0,6.0,1.0,201300024063B01,7,15,1.0,Cohérente,Non cohérentes
2043,201300024075,2013-09-24,2013,septembre,mardi,16:15,33,33063,0.0,0.0,En agglomération,Hors intersection,3.0,Plein jour,Normale,4,Bidirectionnelle,2.0,Plat,3.0,0.0,0.0,Normale,0.0,Sur chaussée,Blessé léger,Masculin,21.0,Non renseigné,3,9,0.0,2.0,8.0,1.0,201300024075B01,37,1,1.0,Cohérente,Non cohérentes
2044,201300024086,2013-09-27,2013,septembre,vendredi,16:20,33,33063,0.0,0.0,En agglomération,Intersection en X,3.0,Plein jour,Normale,4,Bidirectionnelle,7.0,Plat,1.0,0.0,0.0,Normale,0.0,Sur chaussée,Blessé léger,Féminin,23.0,Non renseigné,3,9,0.0,2.0,1.0,1.0,201300024086B01,7,15,1.0,Cohérente,Non cohérentes
2045,201300024093,2013-09-29,2013,septembre,dimanche,18:30,33,33063,0.0,0.0,En agglomération,Intersection en T,3.0,Plein jour,Pluie légère,4,Bidirectionnelle,3.0,Plat,1.0,0.0,75.0,Mouillée,0.0,Sur chaussée,Blessé léger,Féminin,15.0,Non renseigné,3,9,0.0,2.0,1.0,1.0,201300024093A01,7,1,1.0,Cohérente,Non cohérentes
2046,201300024102,2013-10-02,2013,octobre,mercredi,19:14,33,33063,0.0,0.0,En agglomération,Hors intersection,3.0,Plein jour,Normale,4,Bidirectionnelle,2.0,Plat,1.0,0.0,0.0,Non renseigné,4.0,Sur chaussée,Blessé hospitalisé,Féminin,26.0,Non renseigné,3,9,0.0,4.0,9.0,15.0,201300024102A01,40,1,1.0,Cohérente,Non cohérentes
2047,201300024106,2013-10-04,2013,octobre,vendredi,93:0,33,33063,0.0,0.0,En agglomération,Intersection en X,3.0,Plein jour,Pluie forte,4,A chaussées séparées,4.0,Plat,1.0,0.0,0.0,Mouillée,4.0,Sur chaussée,Blessé léger,Féminin,39.0,Non renseigné,3,9,0.0,2.0,8.0,1.0,201300024106A01,40,1,1.0,Non cohérente,Non cohérentes
2048,201300024121,2013-10-08,2013,octobre,mardi,11:45,33,33063,0.0,0.0,En agglomération,Intersection en X,6.0,Plein jour,Normale,4,Bidirectionnelle,2.0,Non renseigné,-1.0,0.0,0.0,Non renseigné,0.0,Aucun,Indemne,Masculin,26.0,Promenade - loisirs,3,9,0.0,1.0,2.0,1.0,201300024121A01,,,,Cohérente,Non cohérentes
2049,201300024135,2013-10-15,2013,octobre,mardi,75:5,33,33063,0.0,0.0,En agglomération,Intersection en T,6.0,Plein jour,Normale,4,Non renseigné,2.0,Non renseigné,-1.0,0.0,0.0,Non renseigné,0.0,Aucun,Blessé léger,Masculin,13.0,Non renseigné,2,9,1.0,0.0,0.0,0.0,201300024135B01,7,24,1.0,Non cohérente,Non cohérentes
2050,201300024140,2013-10-16,2013,octobre,mercredi,92:0,33,33063,0.0,0.0,En agglomération,Intersection en X,3.0,Plein jour,Normale,4,Bidirectionnelle,2.0,Plat,1.0,0.0,0.0,Mouillée,0.0,Sur chaussée,Blessé léger,Féminin,19.0,Non renseigné,3,9,0.0,2.0,3.0,1.0,201300024140B01,7,16,1.0,Non cohérente,Non cohérentes
2051,201300024163,2013-10-23,2013,octobre,mercredi,16:30,33,33063,0.0,0.0,En agglomération,Intersection en X,3.0,Plein jour,Normale,4,Bidirectionnelle,2.0,Plat,1.0,0.0,0.0,Normale,0.0,Sur chaussée,Blessé léger,Féminin,51.0,Non renseigné,3,9,0.0,0.0,8.0,1.0,201300024163A01,7,0,1.0,Cohérente,Non cohérentes
2052,201300024166,2013-10-19,2013,octobre,samedi,82:5,33,33063,0.0,0.0,En agglomération,Intersection à plus de 4 branches,3.0,Plein jour,Normale,4,A chaussées séparées,5.0,Plat,1.0,0.0,0.0,Normale,0.0,Sur chaussée,Blessé léger,Féminin,45.0,Non renseigné,3,9,0.0,2.0,1.0,1.0,201300024166A01,7,15,1.0,Non cohérente,Non cohérentes
2053,201300024168,2013-10-26,2013,octobre,samedi,13:10,33,33063,0.0,0.0,En agglomération,Hors intersection,3.0,Plein jour,Normale,4,A sens unique,1.0,Pente,1.0,0.0,0.0,Normale,0.0,Sur chaussée,Blessé léger,Féminin,20.0,Non renseigné,3,9,0.0,0.0,0.0,15.0,201300024168B01,7,1,1.0,Cohérente,Non cohérentes
2054,201300024185,2013-11-01,2013,novembre,vendredi,19:20,33,33063,0.0,0.0,En agglomération,Intersection en T,3.0,Nuit avec éclairage public allumé,Pluie légère,4,A chaussées séparées,4.0,Pente,1.0,0.0,0.0,Mouillée,0.0,Sur chaussée,Blessé hospitalisé,Féminin,21.0,Utilisation professionnelle,3,9,0.0,2.0,1.0,1.0,201300024185B01,7,16,1.0,Cohérente,Non cohérentes
2055,201300024189,2013-10-31,2013,octobre,jeudi,17:25,33,33063,0.0,0.0,En agglomération,Intersection en X,2.0,Plein jour,Normale,4,A sens unique,0.0,Plat,1.0,0.0,0.0,Normale,0.0,Sur chaussée,Blessé hospitalisé,Féminin,57.0,Non renseigné,3,9,0.0,2.0,3.0,1.0,201300024189A01,37,1,1.0,Cohérente,Non cohérentes
2056,201300024190,2013-10-31,2013,octobre,jeudi,65:0,33,33063,0.0,0.0,En agglomération,Giratoire,3.0,Nuit avec éclairage public allumé,Normale,4,A sens unique,1.0,Plat,4.0,0.0,0.0,Normale,0.0,Sur chaussée,Blessé léger,Masculin,41.0,Domicile - travail,3,9,0.0,0.0,7.0,1.0,201300024190B01,7,9,1.0,Non cohérente,Non cohérentes
2057,201300024248,2013-11-20,2013,novembre,mercredi,11:20,33,33063,0.0,0.0,En agglomération,Intersection en T,3.0,Plein jour,Normale,4,A chaussées séparées,7.0,Plat,1.0,0.0,0.0,Normale,0.0,Sur chaussée,Blessé léger,Féminin,24.0,Utilisation professionnelle,3,9,0.0,2.0,1.0,5.0,201300024248A01,7,16,1.0,Cohérente,Non cohérentes
2058,201300024257,2013-11-21,2013,novembre,jeudi,14:45,33,33063,0.0,0.0,En agglomération,Intersection en T,2.0,Plein jour,Normale,4,Bidirectionnelle,2.0,Plat,1.0,0.0,0.0,Mouillée,0.0,Sur chaussée,Blessé léger,Féminin,45.0,Non renseigné,3,9,0.0,2.0,1.0,1.0,201300024257B01,37,1,1.0,Cohérente,Non cohérentes
2059,201300024270,2013-11-27,2013,novembre,mercredi,75:5,33,33063,0.0,0.0,En agglomération,Intersection en X,3.0,Crépuscule ou aube,Normale,4,Bidirectionnelle,2.0,Plat,1.0,0.0,0.0,Normale,0.0,Sur chaussée,Blessé léger,Masculin,19.0,Non renseigné,3,9,0.0,2.0,1.0,1.0,201300024270B01,7,1,1.0,Non cohérente,Non cohérentes
2060,201300024280,2013-11-30,2013,novembre,samedi,22:10,33,33063,0.0,0.0,En agglomération,Intersection en X,7.0,Nuit avec éclairage public allumé,Normale,4,A sens unique,1.0,Non renseigné,-1.0,0.0,0.0,Non renseigné,0.0,Sur chaussée,Blessé léger,Masculin,19.0,Non renseigné,3,9,0.0,0.0,1.0,15.0,201300024280A01,,,,Cohérente,Non cohérentes
2061,201300024284,2013-12-02,2013,décembre,lundi,18:05,33,33063,0.0,0.0,En agglomération,Intersection en T,2.0,Crépuscule ou aube,Normale,4,Bidirectionnelle,2.0,Plat,1.0,0.0,0.0,Normale,0.0,Sur chaussée,Blessé léger,Masculin,14.0,Non renseigné,3,9,0.0,0.0,4.0,2.0,201300024284B01,7,1,1.0,Cohérente,Non cohérentes
2062,201300024288,2013-12-03,2013,décembre,mardi,16:05,33,33063,0.0,0.0,En agglomération,Hors intersection,3.0,Plein jour,Normale,4,A chaussées séparées,4.0,Plat,1.0,0.0,0.0,Normale,0.0,Sur chaussée,Blessé léger,Masculin,83.0,Non renseigné,3,9,0.0,2.0,1.0,1.0,201300024288A01,33,1,1.0,Cohérente,Non cohérentes
2063,201300024297,2013-12-06,2013,décembre,vendredi,93:0,33,33063,0.0,0.0,En agglomération,Intersection en X,3.0,Plein jour,Normale,4,Bidirectionnelle,2.0,Plat,1.0,0.0,0.0,Normale,0.0,Sur chaussée,Blessé léger,Féminin,61.0,Utilisation professionnelle,3,9,0.0,2.0,0.0,1.0,201300024297B01,7,16,1.0,Non cohérente,Non cohérentes
2064,201300024324,2013-12-14,2013,décembre,samedi,19:40,33,33063,0.0,0.0,En agglomération,Intersection en X,3.0,Nuit avec éclairage public allumé,Normale,4,A sens unique,1.0,Plat,-1.0,0.0,0.0,Normale,0.0,Sur chaussée,Blessé léger,Masculin,48.0,Non renseigné,3,9,0.0,2.0,1.0,1.0,201300024324A01,7,1,1.0,Cohérente,Non cohérentes
2065,201300024365,2013-12-27,2013,décembre,vendredi,15:50,33,33063,0.0,0.0,En agglomération,Intersection en X,3.0,Plein jour,Normale,4,Non renseigné,1.0,Non renseigné,-1.0,0.0,0.0,Non renseigné,0.0,Sur chaussée,Blessé léger,Masculin,14.0,Non renseigné,3,9,0.0,0.0,8.0,1.0,201300024365A01,7,1,1.0,Cohérente,Non cohérentes
2066,201300026233,2013-01-31,2013,janvier,jeudi,93:0,38,38185,45.1817,5.74484,En agglomération,Intersection en X,3.0,Plein jour,Normale,4,A sens unique,1.0,Plat,1.0,0.0,40.0,Normale,0.0,Sur chaussée,Blessé léger,Féminin,22.0,Promenade - loisirs,3,9,0.0,2.0,1.0,1.0,201300026233B01,7,15,1.0,Non cohérente,Cohérentes
2067,201300026242,2013-02-28,2013,février,jeudi,10:50,38,38185,45.1998,5.73998,En agglomération,Hors intersection,6.0,Plein jour,Normale,3,Bidirectionnelle,2.0,Plat,1.0,0.0,70.0,Normale,0.0,Sur chaussée,Blessé léger,Féminin,84.0,Promenade - loisirs,3,9,0.0,2.0,1.0,17.0,201300026242B01,7,23,1.0,Cohérente,Cohérentes
2068,201300026246,2013-03-09,2013,mars,samedi,14:5,38,38185,0.0,0.0,En agglomération,Intersection en T,3.0,Nuit avec éclairage public allumé,Normale,4,Avec voies d'affectation variable,1.0,Plat,1.0,0.0,0.0,Normale,0.0,Sur chaussée,Blessé léger,Masculin,23.0,Promenade - loisirs,3,9,0.0,0.0,6.0,1.0,201300026246B01,7,1,1.0,Cohérente,Non cohérentes
2069,201300026253,2013-03-26,2013,mars,mardi,85:2,38,38185,0.0,0.0,En agglomération,Hors intersection,6.0,Plein jour,Temps couvert,4,Bidirectionnelle,4.0,Plat,1.0,0.0,0.0,Normale,5.0,Sur chaussée,Tué,Féminin,28.0,Domicile - travail,3,9,0.0,2.0,8.0,1.0,201300026253B01,14,16,1.0,Non cohérente,Non cohérentes
2070,201300026256,2013-04-04,2013,avril,jeudi,14:15,38,38185,0.0,0.0,En agglomération,Hors intersection,3.0,Plein jour,Normale,3,Bidirectionnelle,2.0,Plat,1.0,0.0,0.0,Normale,0.0,Sur chaussée,Blessé hospitalisé,Masculin,11.0,Promenade - loisirs,3,9,0.0,2.0,3.0,19.0,201300026256B01,7,1,1.0,Cohérente,Non cohérentes
2071,201300026285,2013-06-18,2013,juin,mardi,16:24,38,38185,45.1666,5.72845,En agglomération,Intersection en X,3.0,Plein jour,Normale,3,Bidirectionnelle,1.0,Plat,1.0,0.0,0.0,Normale,5.0,Sur chaussée,Tué,Masculin,85.0,Autre,2,9,0.0,2.0,8.0,1.0,201300026285B01,7,1,1.0,Cohérente,Cohérentes
2072,201300026292,2013-07-03,2013,juillet,mercredi,15:19,38,38185,0.0,0.0,En agglomération,Intersection en X,2.0,Plein jour,Normale,4,Bidirectionnelle,1.0,Plat,-1.0,0.0,0.0,Normale,0.0,Sur chaussée,Blessé hospitalisé,Féminin,48.0,Non renseigné,3,9,0.0,2.0,1.0,1.0,201300026292B01,37,16,1.0,Cohérente,Non cohérentes
2073,201300026298,2013-07-26,2013,juillet,vendredi,81:5,38,38185,0.0,0.0,En agglomération,Hors intersection,3.0,Plein jour,Normale,4,Non renseigné,0.0,Plat,1.0,0.0,0.0,Normale,0.0,Sur chaussée,Blessé hospitalisé,Masculin,41.0,Domicile - travail,1,2,0.0,2.0,3.0,0.0,201300026298A01,37,15,1.0,Non cohérente,Non cohérentes
2074,201300026299,2013-07-26,2013,juillet,vendredi,17:30,38,38185,0.0,0.0,En agglomération,Hors intersection,6.0,Plein jour,Normale,4,Non renseigné,0.0,Plat,-1.0,0.0,0.0,Normale,6.0,Sur trottoir,Indemne,Masculin,26.0,Non renseigné,3,9,0.0,1.0,1.0,1.0,201300026299A01,,,,Cohérente,Non cohérentes
2075,201300026307,2013-08-28,2013,août,mercredi,17:50,38,38185,0.0,0.0,En agglomération,Hors intersection,3.0,Plein jour,Normale,4,Bidirectionnelle,0.0,Plat,1.0,0.0,0.0,Normale,0.0,Sur chaussée,Blessé hospitalisé,Féminin,32.0,Non renseigné,2,2,0.0,2.0,8.0,19.0,201300026307B01,7,1,1.0,Cohérente,Non cohérentes
2076,201300026308,2013-08-28,2013,août,mercredi,19:29,38,38185,0.0,0.0,En agglomération,Hors intersection,6.0,Plein jour,Normale,4,A chaussées séparées,1.0,Plat,1.0,0.0,0.0,Normale,0.0,Sur chaussée,Indemne,Masculin,44.0,Domicile - travail,1,4,0.0,1.0,1.0,1.0,201300026308A01,,,,Cohérente,Non cohérentes
2077,201300026342,2013-10-21,2013,octobre,lundi,18:55,38,38185,0.0,0.0,En agglomération,Hors intersection,6.0,Nuit avec éclairage public allumé,Normale,4,Non renseigné,1.0,Plat,1.0,0.0,16.0,Normale,0.0,Sur piste cyclable,Blessé hospitalisé,Masculin,23.0,Autre,2,2,0.0,1.0,1.0,1.0,201300026342B01,,,,Cohérente,Non cohérentes
2078,201300026353,2013-11-15,2013,novembre,vendredi,16:14,38,38185,0.0,0.0,En agglomération,Intersection en X,3.0,Plein jour,Normale,4,Bidirectionnelle,2.0,Plat,1.0,0.0,80.0,Normale,0.0,Sur chaussée,Blessé léger,Masculin,17.0,Non renseigné,3,9,0.0,0.0,1.0,1.0,201300026353A01,7,15,1.0,Cohérente,Non cohérentes
2079,201300032897,2013-01-02,2013,janvier,mercredi,17:00,67,67482,0.0,0.0,En agglomération,Intersection en X,1.0,Nuit avec éclairage public allumé,Normale,4,Bidirectionnelle,2.0,Plat,1.0,0.0,110.0,Normale,0.0,Sur chaussée,Blessé léger,Féminin,16.0,Promenade - loisirs,3,9,0.0,2.0,1.0,15.0,201300032897A01,7,16,1.0,Cohérente,Non cohérentes
2080,201300032903,2013-01-07,2013,janvier,lundi,14:05,67,67482,0.0,0.0,En agglomération,Intersection en T,3.0,Plein jour,Normale,4,Bidirectionnelle,2.0,Plat,1.0,0.0,59.0,Normale,0.0,Sur chaussée,Blessé léger,Féminin,17.0,Autre,3,9,0.0,2.0,8.0,9.0,201300032903B01,34,1,1.0,Cohérente,Non cohérentes