,Num_Acc,date,an,mois,jour,hrmn,dep,com,lat,long,agg,int,col,lum,atm,catr,circ,nbv,prof,plan,lartpc,larrout,surf,infra,situ,grav,sexe,age,trajet,secuexist,equipement,obs,obsm,choc,manv,vehiculeid,typevehicules,manoeuvehicules,numVehicules,statut_heure,statut_coord
2081,201300032914,2013-01-18,2013,janvier,vendredi,16:25,67,67482,0.0,0.0,En agglomération,Hors intersection,3.0,Plein jour,Normale,4,Bidirectionnelle,3.0,Plat,1.0,0.0,150.0,Normale,0.0,Sur chaussée,Tué,Masculin,42.0,Non renseigné,1,4,0.0,2.0,2.0,14.0,201300032914A01,7,1,1.0,Cohérente,Non cohérentes
2082,201300032915,2013-01-19,2013,janvier,samedi,10:25,67,67482,0.0,0.0,En agglomération,Intersection en X,3.0,Plein jour,Neige - grêle,4,Bidirectionnelle,2.0,Plat,1.0,0.0,120.0,Enneigée,0.0,Sur chaussée,Blessé hospitalisé,Féminin,57.0,Promenade - loisirs,2,4,0.0,2.0,7.0,19.0,201300032915A01,37,1,1.0,Cohérente,Non cohérentes
2083,201300032924,2013-02-01,2013,février,vendredi,18:20,67,67482,0.0,0.0,En agglomération,Intersection en T,3.0,Nuit avec éclairage public allumé,Pluie légère,4,Bidirectionnelle,4.0,Plat,1.0,0.0,156.0,Mouillée,0.0,Sur chaussée,Blessé léger,Féminin,17.0,Non renseigné,1,4,0.0,2.0,7.0,19.0,201300032924B01,7,16,1.0,Cohérente,Non cohérentes
2084,201300032928,2013-02-05,2013,février,mardi,21:05,67,67482,0.0,0.0,En agglomération,Hors intersection,3.0,Nuit avec éclairage public allumé,Pluie légère,4,A sens unique,2.0,Non renseigné,1.0,0.0,100.0,Mouillée,0.0,Sur chaussée,Blessé léger,Féminin,26.0,Promenade - loisirs,3,9,0.0,2.0,7.0,19.0,201300032928B01,2,1,1.0,Cohérente,Non cohérentes
2085,201300032929,2013-02-07,2013,février,jeudi,19:30,67,67482,0.0,0.0,En agglomération,Hors intersection,2.0,Nuit avec éclairage public allumé,Normale,4,A chaussées séparées,2.0,Plat,1.0,108.0,71.0,Normale,0.0,Sur chaussée,Blessé léger,Masculin,22.0,Domicile - travail,1,4,0.0,4.0,4.0,19.0,201300032929A01,40,1,1.0,Cohérente,Non cohérentes
2086,201300032938,2013-02-14,2013,février,jeudi,19:35,67,67482,0.0,0.0,En agglomération,Hors intersection,3.0,Nuit avec éclairage public allumé,Normale,4,Bidirectionnelle,3.0,Plat,1.0,0.0,100.0,Normale,0.0,Sur chaussée,Blessé léger,Masculin,18.0,Non renseigné,1,4,0.0,2.0,0.0,13.0,201300032938A01,37,1,1.0,Cohérente,Non cohérentes
2087,201300032955,2013-03-07,2013,mars,jeudi,85:0,67,67482,0.0,0.0,En agglomération,Hors intersection,3.0,Plein jour,Normale,4,Bidirectionnelle,2.0,Plat,1.0,0.0,80.0,Normale,0.0,Sur chaussée,Blessé hospitalisé,Féminin,42.0,Domicile - travail,1,4,1.0,0.0,1.0,1.0,201300032955B01,7,22,1.0,Non cohérente,Non cohérentes
2088,201300032957,2013-03-09,2013,mars,samedi,15:00,67,67482,0.0,0.0,En agglomération,Hors intersection,3.0,Plein jour,Pluie légère,4,Bidirectionnelle,2.0,Non renseigné,3.0,0.0,70.0,Mouillée,0.0,Sur piste cyclable,Blessé léger,Masculin,40.0,Domicile - travail,1,4,0.0,2.0,1.0,1.0,201300032957B01,7,15,1.0,Cohérente,Non cohérentes
2089,201300032963,2013-03-13,2013,mars,mercredi,70:0,67,67482,0.0,0.0,En agglomération,Intersection en X,3.0,Plein jour,Normale,4,Bidirectionnelle,2.0,Plat,1.0,0.0,60.0,Normale,0.0,Sur chaussée,Blessé léger,Féminin,53.0,Utilisation professionnelle,1,9,0.0,2.0,8.0,1.0,201300032963B01,7,15,1.0,Non cohérente,Non cohérentes
2090,201300032969,2013-03-16,2013,mars,samedi,20:00,67,67482,0.0,0.0,En agglomération,Intersection en T,3.0,Nuit avec éclairage public allumé,Normale,4,Bidirectionnelle,2.0,Plat,1.0,0.0,132.0,Normale,0.0,Sur chaussée,Blessé léger,Masculin,29.0,Autre,1,4,0.0,2.0,1.0,1.0,201300032969B01,7,16,1.0,Cohérente,Non cohérentes
2091,201300032974,2013-03-22,2013,mars,vendredi,10:10,67,67482,0.0,0.0,En agglomération,Hors intersection,3.0,Plein jour,Normale,4,Bidirectionnelle,3.0,Plat,1.0,0.0,102.0,Normale,0.0,Sur chaussée,Blessé léger,Féminin,24.0,Non renseigné,1,4,0.0,2.0,1.0,19.0,201300032974B01,7,15,1.0,Cohérente,Non cohérentes
2092,201300032977,2013-03-24,2013,mars,dimanche,21:5,67,67482,0.0,0.0,En agglomération,Intersection en T,3.0,Nuit avec éclairage public allumé,Normale,4,A sens unique,2.0,Plat,3.0,0.0,70.0,Normale,0.0,Sur chaussée,Blessé léger,Féminin,25.0,Promenade - loisirs,3,9,0.0,2.0,8.0,1.0,201300032977B01,7,1,1.0,Cohérente,Non cohérentes
2093,201300032985,2013-03-30,2013,mars,samedi,12:45,67,67482,0.0,0.0,En agglomération,Hors intersection,3.0,Plein jour,Normale,4,Bidirectionnelle,2.0,Plat,1.0,0.0,60.0,Normale,0.0,Sur chaussée,Blessé léger,Masculin,69.0,Non renseigné,3,9,0.0,2.0,1.0,19.0,201300032985A01,30,1,1.0,Cohérente,Non cohérentes
2094,201300032989,2013-04-03,2013,avril,mercredi,16:45,67,67482,0.0,0.0,En agglomération,Intersection en X,3.0,Plein jour,Normale,4,A chaussées séparées,5.0,Plat,1.0,90.0,90.0,Normale,0.0,Sur chaussée,Blessé léger,Masculin,41.0,Domicile - travail,3,9,0.0,2.0,1.0,1.0,201300032989A01,7,15,1.0,Cohérente,Non cohérentes
2095,201300032996,2013-04-08,2013,avril,lundi,18:30,67,67482,0.0,0.0,En agglomération,Hors intersection,3.0,Plein jour,Normale,4,Bidirectionnelle,2.0,Plat,1.0,0.0,59.0,Normale,0.0,Sur chaussée,Blessé léger,Féminin,52.0,Non renseigné,1,4,0.0,2.0,1.0,1.0,201300032996B01,7,16,1.0,Cohérente,Non cohérentes
2096,201300033000,2013-04-09,2013,avril,mardi,16:35,67,67482,0.0,0.0,En agglomération,Hors intersection,3.0,Plein jour,Normale,4,Bidirectionnelle,2.0,Plat,1.0,0.0,60.0,Normale,0.0,Sur chaussée,Blessé léger,Masculin,57.0,Promenade - loisirs,1,4,0.0,2.0,8.0,19.0,201300033000B01,7,1,1.0,Cohérente,Non cohérentes
2097,201300033009,2013-04-23,2013,avril,mardi,90:0,67,67482,0.0,0.0,En agglomération,Intersection en X,3.0,Plein jour,Normale,4,Bidirectionnelle,2.0,Plat,1.0,0.0,88.0,Normale,0.0,Sur chaussée,Blessé léger,Féminin,33.0,Domicile - école,2,4,0.0,2.0,1.0,19.0,201300033009A01,7,1,1.0,Non cohérente,Non cohérentes
2098,201300033030,2013-05-14,2013,mai,mardi,12:30,67,67482,0.0,0.0,En agglomération,Intersection en X,6.0,Plein jour,Normale,4,Bidirectionnelle,3.0,Plat,1.0,0.0,0.0,Normale,0.0,Sur chaussée,Indemne,Masculin,18.0,Non renseigné,1,4,0.0,1.0,1.0,19.0,201300033030A01,,,,Cohérente,Non cohérentes
2099,201300033031,2013-05-14,2013,mai,mardi,14:40,67,67482,0.0,0.0,En agglomération,Intersection en T,3.0,Plein jour,Normale,4,A sens unique,2.0,Plat,1.0,0.0,59.0,Normale,0.0,Sur chaussée,Blessé léger,Masculin,21.0,Non renseigné,1,4,0.0,4.0,7.0,19.0,201300033031A01,40,1,1.0,Cohérente,Non cohérentes
2100,201300033032,2013-05-14,2013,mai,mardi,19:00,67,67482,0.0,0.0,En agglomération,Intersection en T,3.0,Plein jour,Normale,4,Bidirectionnelle,3.0,Plat,1.0,0.0,123.0,Normale,0.0,Sur chaussée,Blessé léger,Féminin,26.0,Utilisation professionnelle,1,4,0.0,2.0,1.0,19.0,201300033032B01,10,16,1.0,Cohérente,Non cohérentes
2101,201300033039,2013-05-24,2013,mai,vendredi,65:5,67,67482,0.0,0.0,En agglomération,Giratoire,3.0,Plein jour,Normale,4,Bidirectionnelle,2.0,Plat,1.0,18.0,144.0,Normale,0.0,Sur chaussée,Blessé léger,Masculin,50.0,Domicile - travail,1,4,0.0,2.0,2.0,14.0,201300033039A01,7,16,1.0,Non cohérente,Non cohérentes
2102,201300033042,2013-05-25,2013,mai,samedi,15:20,67,67482,0.0,0.0,En agglomération,Intersection en T,3.0,Plein jour,Normale,4,A chaussées séparées,2.0,Plat,1.0,0.0,90.0,Normale,0.0,Sur chaussée,Blessé léger,Masculin,21.0,Non renseigné,1,4,0.0,2.0,1.0,19.0,201300033042A01,37,1,1.0,Cohérente,Non cohérentes
2103,201300033051,2013-06-05,2013,juin,mercredi,84:0,67,67482,0.0,0.0,En agglomération,Hors intersection,2.0,Plein jour,Normale,4,A sens unique,1.0,Plat,1.0,0.0,40.0,Normale,0.0,Sur chaussée,Blessé léger,Féminin,20.0,Domicile - travail,1,4,0.0,2.0,1.0,19.0,201300033051A01,7,1,1.0,Non cohérente,Non cohérentes
2104,201300033064,2013-06-14,2013,juin,vendredi,13:45,67,67482,0.0,0.0,Hors agglomération,Intersection en T,3.0,Plein jour,Normale,4,Bidirectionnelle,2.0,Plat,1.0,0.0,110.0,Normale,0.0,Sur chaussée,Blessé léger,Masculin,20.0,Promenade - loisirs,3,9,0.0,2.0,1.0,19.0,201300033064A01,40,1,1.0,Cohérente,Non cohérentes
2105,201300033065,2013-06-15,2013,juin,samedi,41:0,67,67482,0.0,0.0,En agglomération,Intersection en X,3.0,Nuit avec éclairage public allumé,Normale,4,A chaussées séparées,3.0,Plat,1.0,0.0,91.0,Normale,0.0,Sur chaussée,Blessé léger,Féminin,17.0,Promenade - loisirs,3,9,0.0,2.0,1.0,19.0,201300033065B01,7,1,1.0,Non cohérente,Non cohérentes
2106,201300033068,2013-06-20,2013,juin,jeudi,19:25,67,67482,0.0,0.0,En agglomération,Hors intersection,3.0,Plein jour,Normale,4,Bidirectionnelle,2.0,Plat,1.0,0.0,100.0,Normale,0.0,Sur chaussée,Blessé léger,Féminin,23.0,Promenade - loisirs,2,9,0.0,2.0,8.0,19.0,201300033068B01,7,1,1.0,Cohérente,Non cohérentes
2107,201300033069,2013-06-21,2013,juin,vendredi,16:45,67,67482,0.0,0.0,En agglomération,Hors intersection,3.0,Plein jour,Normale,4,A chaussées séparées,2.0,Plat,1.0,22.0,48.0,Normale,0.0,Sur chaussée,Blessé léger,Masculin,11.0,Promenade - loisirs,3,9,0.0,2.0,8.0,19.0,201300033069A01,7,1,1.0,Cohérente,Non cohérentes
2108,201300033073,2013-06-24,2013,juin,lundi,16:30,67,67482,0.0,0.0,En agglomération,Hors intersection,6.0,Plein jour,Normale,4,Bidirectionnelle,2.0,Pente,1.0,15.0,165.0,Normale,0.0,Sur chaussée,Blessé hospitalisé,Féminin,77.0,Promenade - loisirs,1,4,1.0,0.0,1.0,1.0,201300033073B01,,,,Cohérente,Non cohérentes
2109,201300033083,2013-07-02,2013,juillet,mardi,18:10,67,67482,0.0,0.0,En agglomération,Hors intersection,3.0,Plein jour,Normale,4,A sens unique,1.0,Plat,1.0,0.0,60.0,Normale,0.0,Sur piste cyclable,Blessé léger,Féminin,46.0,Promenade - loisirs,1,4,0.0,0.0,0.0,1.0,201300033083A01,7,23,1.0,Cohérente,Non cohérentes
2110,201300033086,2013-07-04,2013,juillet,jeudi,83:5,67,67482,0.0,0.0,En agglomération,Hors intersection,3.0,Plein jour,Normale,4,Bidirectionnelle,3.0,Plat,1.0,0.0,110.0,Normale,0.0,Sur chaussée,Blessé léger,Féminin,28.0,Domicile - travail,1,4,0.0,2.0,5.0,19.0,201300033086A01,7,1,1.0,Non cohérente,Non cohérentes
2111,201300033087,2013-07-04,2013,juillet,jeudi,14:30,67,67482,0.0,0.0,En agglomération,Hors intersection,3.0,Plein jour,Normale,4,A sens unique,1.0,Non renseigné,1.0,0.0,50.0,Normale,0.0,Sur chaussée,Blessé léger,Masculin,13.0,Non renseigné,1,4,0.0,4.0,3.0,19.0,201300033087A01,40,1,1.0,Cohérente,Non cohérentes
2112,201300033100,2013-07-13,2013,juillet,samedi,10:15,67,67482,0.0,0.0,En agglomération,Intersection en X,3.0,Plein jour,Normale,4,A chaussées séparées,4.0,Plat,1.0,60.0,70.0,Normale,4.0,Sur chaussée,Blessé léger,Masculin,60.0,Promenade - loisirs,3,9,0.0,2.0,7.0,19.0,201300033100A01,7,1,1.0,Cohérente,Non cohérentes
2113,201300033101,2013-07-13,2013,juillet,samedi,17:50,67,67482,0.0,0.0,En agglomération,Hors intersection,6.0,Plein jour,Normale,4,Bidirectionnelle,2.0,Plat,1.0,0.0,65.0,Normale,0.0,Sur chaussée,Blessé léger,Masculin,23.0,Domicile - travail,1,4,0.0,2.0,7.0,1.0,201300033101B01,7,22,1.0,Cohérente,Non cohérentes
2114,201300033105,2013-07-20,2013,juillet,samedi,11:50,67,67482,0.0,0.0,En agglomération,Hors intersection,1.0,Plein jour,Normale,4,Bidirectionnelle,2.0,Plat,3.0,0.0,70.0,Normale,0.0,Sur piste cyclable,Blessé hospitalisé,Féminin,28.0,Promenade - loisirs,3,9,0.0,2.0,1.0,5.0,201300033105A01,1,1,1.0,Cohérente,Non cohérentes
2115,201300033105,2013-07-20,2013,juillet,samedi,11:50,67,67482,0.0,0.0,En agglomération,Hors intersection,1.0,Plein jour,Normale,4,Bidirectionnelle,2.0,Plat,3.0,0.0,70.0,Normale,0.0,Sur piste cyclable,Blessé hospitalisé,Masculin,55.0,Domicile - travail,2,9,0.0,2.0,1.0,1.0,201300033105B01,1,5,1.0,Cohérente,Non cohérentes
2116,201300033107,2013-07-23,2013,juillet,mardi,19:15,67,67482,0.0,0.0,En agglomération,Hors intersection,3.0,Plein jour,Normale,4,Bidirectionnelle,2.0,Plat,1.0,0.0,90.0,Normale,0.0,Sur chaussée,Blessé léger,Masculin,73.0,Promenade - loisirs,1,4,0.0,2.0,5.0,1.0,201300033107B01,7,16,1.0,Cohérente,Non cohérentes
2117,201300033119,2013-08-02,2013,août,vendredi,15:45,67,67482,0.0,0.0,En agglomération,Hors intersection,6.0,Plein jour,Normale,4,Bidirectionnelle,2.0,Plat,1.0,0.0,45.0,Normale,0.0,Sur chaussée,Indemne,Masculin,31.0,Promenade - loisirs,3,9,0.0,1.0,1.0,1.0,201300033119A01,,,,Cohérente,Non cohérentes
2118,201300033120,2013-08-03,2013,août,samedi,90:0,67,67482,0.0,0.0,En agglomération,Hors intersection,3.0,Plein jour,Normale,4,Bidirectionnelle,2.0,Plat,1.0,0.0,65.0,Normale,0.0,Sur piste cyclable,Blessé hospitalisé,Masculin,59.0,Utilisation professionnelle,3,9,0.0,2.0,1.0,1.0,201300033120B01,7,22,1.0,Non cohérente,Non cohérentes
2119,201300033122,2013-08-04,2013,août,dimanche,14:45,67,67482,0.0,0.0,En agglomération,Intersection en X,3.0,Plein jour,Normale,4,Bidirectionnelle,3.0,Plat,1.0,0.0,130.0,Normale,0.0,Sur chaussée,Blessé léger,Masculin,14.0,Non renseigné,3,9,0.0,4.0,1.0,19.0,201300033122A01,40,1,1.0,Cohérente,Non cohérentes
2120,201300033125,2013-08-07,2013,août,mercredi,17:20,67,67482,0.0,0.0,En agglomération,Hors intersection,3.0,Plein jour,Pluie légère,4,Bidirectionnelle,2.0,Plat,1.0,0.0,30.0,Mouillée,0.0,Sur chaussée,Indemne,Masculin,23.0,Non renseigné,1,4,0.0,2.0,1.0,0.0,201300033125A01,1,0,1.0,Cohérente,Non cohérentes
2121,201300033125,2013-08-07,2013,août,mercredi,17:20,67,67482,0.0,0.0,En agglomération,Hors intersection,3.0,Plein jour,Pluie légère,4,Bidirectionnelle,2.0,Plat,1.0,0.0,30.0,Mouillée,0.0,Sur chaussée,Blessé hospitalisé,Féminin,22.0,Domicile - travail,1,4,0.0,2.0,1.0,0.0,201300033125B01,1,0,1.0,Cohérente,Non cohérentes
2122,201300033129,2013-08-10,2013,août,samedi,40:0,67,67482,0.0,0.0,En agglomération,Intersection en X,6.0,Nuit avec éclairage public allumé,Normale,4,A sens unique,1.0,Plat,2.0,0.0,60.0,Normale,0.0,Sur chaussée,Blessé léger,Féminin,21.0,Non renseigné,2,4,0.0,1.0,1.0,1.0,201300033129A01,,,,Non cohérente,Non cohérentes
2123,201300033131,2013-08-12,2013,août,lundi,13:35,67,67482,0.0,0.0,En agglomération,Hors intersection,1.0,Plein jour,Normale,4,Bidirectionnelle,2.0,Plat,4.0,0.0,131.0,Normale,0.0,Sur piste cyclable,Indemne,Masculin,38.0,Domicile - travail,1,4,0.0,2.0,1.0,1.0,201300033131A01,1,1,1.0,Cohérente,Non cohérentes
2124,201300033131,2013-08-12,2013,août,lundi,13:35,67,67482,0.0,0.0,En agglomération,Hors intersection,1.0,Plein jour,Normale,4,Bidirectionnelle,2.0,Plat,4.0,0.0,131.0,Normale,0.0,Sur piste cyclable,Blessé léger,Féminin,33.0,Non renseigné,1,4,0.0,2.0,1.0,1.0,201300033131B01,1,1,1.0,Cohérente,Non cohérentes
2125,201300033134,2013-08-17,2013,août,samedi,16:30,67,67482,0.0,0.0,En agglomération,Hors intersection,3.0,Plein jour,Normale,4,Bidirectionnelle,2.0,Plat,1.0,0.0,60.0,Normale,0.0,Sur chaussée,Blessé léger,Masculin,9.0,Promenade - loisirs,1,4,0.0,2.0,8.0,19.0,201300033134A01,33,1,1.0,Cohérente,Non cohérentes
2126,201300033137,2013-08-19,2013,août,lundi,11:58,67,67482,0.0,0.0,En agglomération,Hors intersection,6.0,Plein jour,Normale,4,A sens unique,1.0,Plat,1.0,0.0,34.0,Normale,0.0,Sur chaussée,Indemne,Masculin,40.0,Non renseigné,1,4,0.0,1.0,1.0,1.0,201300033137B01,,,,Cohérente,Non cohérentes
2127,201300033144,2013-08-28,2013,août,mercredi,71:0,67,67482,0.0,0.0,En agglomération,Intersection en T,3.0,Plein jour,Normale,4,Bidirectionnelle,2.0,Plat,1.0,0.0,50.0,Normale,0.0,Sur chaussée,Blessé léger,Masculin,23.0,Non renseigné,1,4,0.0,4.0,3.0,19.0,201300033144A01,40,1,1.0,Non cohérente,Non cohérentes
2128,201300033147,2013-08-29,2013,août,jeudi,14:46,67,67482,0.0,0.0,En agglomération,Intersection en T,1.0,Plein jour,Normale,4,Bidirectionnelle,2.0,Plat,1.0,0.0,80.0,Normale,0.0,Sur chaussée,Blessé léger,Féminin,53.0,Non renseigné,1,4,0.0,2.0,1.0,1.0,201300033147A01,7,16,1.0,Cohérente,Non cohérentes
2129,201300033149,2013-09-02,2013,septembre,lundi,83:8,67,67482,0.0,0.0,En agglomération,Intersection en T,3.0,Plein jour,Normale,4,A sens unique,1.0,Plat,1.0,0.0,100.0,Normale,0.0,Sur chaussée,Blessé léger,Féminin,25.0,Non renseigné,1,4,0.0,4.0,1.0,1.0,201300033149A01,40,1,1.0,Non cohérente,Non cohérentes
2130,201300033153,2013-09-03,2013,septembre,mardi,18:25,67,67482,0.0,0.0,En agglomération,Intersection en T,3.0,Plein jour,Normale,4,Bidirectionnelle,2.0,Plat,1.0,0.0,55.0,Normale,0.0,Sur chaussée,Blessé léger,Masculin,27.0,Promenade - loisirs,3,9,0.0,2.0,1.0,15.0,201300033153A01,7,1,1.0,Cohérente,Non cohérentes
2131,201300033154,2013-09-03,2013,septembre,mardi,21:10,67,67482,0.0,0.0,En agglomération,Intersection en T,6.0,Nuit avec éclairage public allumé,Normale,4,A sens unique,1.0,Plat,1.0,0.0,60.0,Normale,0.0,Sur piste cyclable,Blessé léger,Masculin,43.0,Promenade - loisirs,1,4,0.0,1.0,1.0,1.0,201300033154A01,,,,Cohérente,Non cohérentes
2132,201300033157,2013-09-06,2013,septembre,vendredi,18:20,67,67482,0.0,0.0,En agglomération,Intersection en T,6.0,Plein jour,Normale,4,A chaussées séparées,2.0,Plat,1.0,40.0,30.0,Normale,0.0,Sur chaussée,Blessé léger,Masculin,49.0,Promenade - loisirs,1,4,0.0,2.0,7.0,1.0,201300033157B01,7,15,1.0,Cohérente,Non cohérentes
2133,201300033163,2013-09-11,2013,septembre,mercredi,16:00,67,67482,0.0,0.0,En agglomération,Intersection en Y,3.0,Plein jour,Pluie forte,4,Bidirectionnelle,2.0,Plat,1.0,0.0,53.0,Mouillée,0.0,Sur piste cyclable,Blessé léger,Féminin,21.0,Promenade - loisirs,1,4,0.0,2.0,8.0,1.0,201300033163B01,10,1,1.0,Cohérente,Non cohérentes
2134,201300033169,2013-09-18,2013,septembre,mercredi,18:15,67,67482,0.0,0.0,En agglomération,Intersection en X,3.0,Crépuscule ou aube,Normale,4,Bidirectionnelle,2.0,Plat,1.0,0.0,50.0,Normale,0.0,Sur chaussée,Blessé léger,Féminin,28.0,Promenade - loisirs,3,9,0.0,2.0,7.0,19.0,201300033169B01,7,1,1.0,Cohérente,Non cohérentes
2135,201300033185,2013-10-03,2013,octobre,jeudi,13:40,67,67482,0.0,0.0,En agglomération,Hors intersection,3.0,Plein jour,Normale,4,Bidirectionnelle,2.0,Plat,1.0,80.0,180.0,Normale,0.0,Sur chaussée,Blessé hospitalisé,Masculin,24.0,Domicile - école,1,4,0.0,2.0,6.0,11.0,201300033185A01,7,1,1.0,Cohérente,Non cohérentes
2136,201300033193,2013-10-09,2013,octobre,mercredi,16:40,67,67482,0.0,0.0,En agglomération,Hors intersection,7.0,Plein jour,Normale,4,A chaussées séparées,3.0,Plat,1.0,70.0,80.0,Normale,0.0,Sur chaussée,Blessé léger,Masculin,23.0,Non renseigné,1,4,1.0,0.0,1.0,1.0,201300033193B01,7,22,1.0,Cohérente,Non cohérentes
2137,201300033196,2013-10-09,2013,octobre,mercredi,20:40,67,67482,0.0,0.0,En agglomération,Intersection en X,3.0,Crépuscule ou aube,Normale,4,Bidirectionnelle,4.0,Plat,1.0,10.0,130.0,Normale,0.0,Sur chaussée,Blessé léger,Féminin,17.0,Non renseigné,1,4,0.0,2.0,7.0,19.0,201300033196B01,7,16,1.0,Cohérente,Non cohérentes
2138,201300033199,2013-10-11,2013,octobre,vendredi,17:45,67,67482,0.0,0.0,En agglomération,Intersection en T,3.0,Plein jour,Normale,4,Bidirectionnelle,2.0,Plat,1.0,0.0,127.0,Normale,0.0,Aucun,Blessé léger,Masculin,53.0,Promenade - loisirs,3,9,0.0,2.0,1.0,19.0,201300033199B01,7,16,1.0,Cohérente,Non cohérentes
2139,201300033203,2013-10-18,2013,octobre,vendredi,23:50,67,67482,0.0,0.0,En agglomération,Intersection en X,3.0,Nuit avec éclairage public allumé,Normale,4,Bidirectionnelle,2.0,Pente,1.0,0.0,66.0,Normale,0.0,Sur chaussée,Blessé léger,Masculin,24.0,Promenade - loisirs,1,4,0.0,2.0,7.0,1.0,201300033203A01,33,1,1.0,Cohérente,Non cohérentes
2140,201300033204,2013-10-19,2013,octobre,samedi,22:55,67,67482,0.0,0.0,En agglomération,Hors intersection,3.0,Nuit avec éclairage public allumé,Pluie légère,4,Bidirectionnelle,2.0,Plat,1.0,0.0,90.0,Mouillée,0.0,Sur chaussée,Blessé léger,Féminin,22.0,Promenade - loisirs,1,9,0.0,2.0,8.0,19.0,201300033204B01,7,1,1.0,Cohérente,Non cohérentes
2141,201300033208,2013-10-23,2013,octobre,mercredi,72:5,67,67482,0.0,0.0,En agglomération,Intersection en T,3.0,Crépuscule ou aube,Pluie légère,4,Bidirectionnelle,2.0,Plat,3.0,0.0,65.0,Mouillée,0.0,Sur chaussée,Blessé hospitalisé,Féminin,32.0,Domicile - travail,2,9,0.0,2.0,7.0,1.0,201300033208B01,7,1,1.0,Non cohérente,Non cohérentes
2142,201300033218,2013-11-05,2013,novembre,mardi,93:0,67,67482,0.0,0.0,En agglomération,Intersection en X,3.0,Plein jour,Normale,4,Bidirectionnelle,3.0,Plat,1.0,0.0,90.0,Normale,0.0,Sur bande d'arrêt d'urgence,Blessé léger,Masculin,82.0,Courses - achats,1,4,0.0,2.0,1.0,19.0,201300033218B01,10,1,1.0,Non cohérente,Non cohérentes
2143,201300033219,2013-11-05,2013,novembre,mardi,11:50,67,67482,0.0,0.0,En agglomération,Hors intersection,2.0,Plein jour,Normale,4,A sens unique,1.0,Plat,1.0,0.0,59.0,Normale,0.0,Sur chaussée,Blessé léger,Féminin,23.0,Domicile - travail,1,4,0.0,2.0,1.0,1.0,201300033219A01,7,24,1.0,Cohérente,Non cohérentes
2144,201300033222,2013-11-06,2013,novembre,mercredi,15:23,67,67482,0.0,0.0,En agglomération,Intersection en X,3.0,Plein jour,Temps couvert,4,Bidirectionnelle,3.0,Plat,1.0,0.0,80.0,Mouillée,0.0,Sur chaussée,Blessé léger,Féminin,22.0,Promenade - loisirs,1,4,0.0,2.0,8.0,1.0,201300033222B01,7,16,1.0,Cohérente,Non cohérentes
2145,201300033255,2013-12-02,2013,décembre,lundi,84:5,67,67482,0.0,0.0,En agglomération,Intersection en X,3.0,Plein jour,Normale,4,Bidirectionnelle,1.0,Plat,2.0,0.0,50.0,Normale,0.0,Sur chaussée,Blessé léger,Masculin,28.0,Domicile - travail,2,4,0.0,2.0,3.0,15.0,201300033255B01,7,1,1.0,Non cohérente,Non cohérentes
2146,201300033258,2013-12-05,2013,décembre,jeudi,22:00,67,67482,0.0,0.0,En agglomération,Hors intersection,1.0,Nuit avec éclairage public allumé,Normale,4,A sens unique,1.0,Plat,1.0,20.0,30.0,Normale,0.0,Sur chaussée,Indemne,Féminin,36.0,Domicile - travail,2,9,0.0,2.0,1.0,1.0,201300033258B01,1,19,1.0,Cohérente,Non cohérentes
2147,201300033258,2013-12-05,2013,décembre,jeudi,22:00,67,67482,0.0,0.0,En agglomération,Hors intersection,1.0,Nuit avec éclairage public allumé,Normale,4,A sens unique,1.0,Plat,1.0,20.0,30.0,Normale,0.0,Sur chaussée,Blessé hospitalisé,Masculin,58.0,Promenade - loisirs,1,4,0.0,2.0,1.0,19.0,201300033258A01,1,1,1.0,Cohérente,Non cohérentes
2148,201300033277,2013-12-16,2013,décembre,lundi,15:45,67,67482,0.0,0.0,En agglomération,Hors intersection,6.0,Plein jour,Normale,9,Non renseigné,4.0,Plat,1.0,0.0,30.0,Normale,0.0,Sur trottoir,Indemne,Féminin,19.0,Domicile - école,3,9,0.0,1.0,1.0,1.0,201300033277A01,,,,Cohérente,Non cohérentes
2149,201400023877,2014-01-02,2014,janvier,jeudi,74:5,33,33063,0.0,0.0,En agglomération,Intersection en T,3.0,Crépuscule ou aube,Pluie légère,4,Bidirectionnelle,4.0,Plat,2.0,0.0,0.0,Mouillée,0.0,Sur chaussée,Blessé léger,Masculin,27.0,Non renseigné,3,9,0.0,2.0,0.0,15.0,201400023877A01,7,1,1.0,Non cohérente,Non cohérentes
2150,201400023878,2014-01-02,2014,janvier,jeudi,16:50,33,33063,0.0,0.0,En agglomération,Intersection en T,3.0,Plein jour,Normale,4,Bidirectionnelle,4.0,Plat,3.0,0.0,0.0,Normale,0.0,Sur chaussée,Blessé léger,Féminin,48.0,Non renseigné,3,9,0.0,2.0,3.0,1.0,201400023878B01,10,16,1.0,Cohérente,Non cohérentes
2151,201400023879,2014-12-31,2014,décembre,mercredi,20:00,33,33063,0.0,0.0,En agglomération,Hors intersection,3.0,Nuit avec éclairage public allumé,Normale,4,Bidirectionnelle,4.0,Plat,1.0,0.0,0.0,Normale,0.0,Sur chaussée,Blessé léger,Masculin,25.0,Non renseigné,3,9,0.0,2.0,0.0,1.0,201400023879B01,7,16,1.0,Cohérente,Non cohérentes