,Num_Acc,date,an,mois,jour,hrmn,dep,com,lat,long,agg,int,col,lum,atm,catr,circ,nbv,prof,plan,lartpc,larrout,surf,infra,situ,grav,sexe,age,trajet,secuexist,equipement,obs,obsm,choc,manv,vehiculeid,typevehicules,manoeuvehicules,numVehicules,statut_heure,statut_coord
2152,201400023891,2014-01-12,2014,janvier,dimanche,14:45,33,33063,0.0,0.0,En agglomération,Intersection en X,3.0,Plein jour,Normale,3,Bidirectionnelle,1.0,Plat,1.0,0.0,0.0,Normale,0.0,Sur chaussée,Blessé hospitalisé,Féminin,12.0,Non renseigné,3,9,0.0,2.0,1.0,19.0,201400023891A01,7,23,1.0,Cohérente,Non cohérentes
2153,201400023907,2014-01-16,2014,janvier,jeudi,14:50,33,33063,0.0,0.0,En agglomération,Intersection en T,3.0,Plein jour,Normale,4,Bidirectionnelle,4.0,Plat,1.0,0.0,0.0,Normale,0.0,Sur chaussée,Blessé hospitalisé,Masculin,47.0,Non renseigné,3,9,0.0,0.0,7.0,15.0,201400023907B01,7,1,1.0,Cohérente,Non cohérentes
2154,201400023942,2014-01-26,2014,janvier,dimanche,22:5,33,33063,0.0,0.0,En agglomération,Intersection en Y,1.0,Nuit avec éclairage public allumé,Pluie légère,4,Bidirectionnelle,3.0,Sommet de côte,2.0,0.0,120.0,Mouillée,0.0,Sur chaussée,Blessé hospitalisé,Masculin,22.0,Promenade - loisirs,3,9,0.0,0.0,0.0,0.0,201400023942B01,7,1,1.0,Cohérente,Non cohérentes
2155,201400023954,2014-01-30,2014,janvier,jeudi,13:10,33,33063,0.0,0.0,En agglomération,Intersection en T,3.0,Plein jour,Normale,4,A sens unique,2.0,Plat,1.0,0.0,0.0,Normale,0.0,Sur chaussée,Blessé léger,Féminin,42.0,Promenade - loisirs,3,9,0.0,2.0,1.0,5.0,201400023954A01,7,16,1.0,Cohérente,Non cohérentes
2156,201400023956,2014-01-27,2014,janvier,lundi,74:5,33,33063,0.0,0.0,En agglomération,Giratoire,3.0,Nuit avec éclairage public non allumé,Pluie forte,4,Non renseigné,0.0,Non renseigné,-1.0,0.0,0.0,Non renseigné,0.0,Aucun,Blessé hospitalisé,Masculin,49.0,Non renseigné,3,9,0.0,2.0,9.0,1.0,201400023956B01,7,9,1.0,Non cohérente,Non cohérentes
2157,201400023964,2014-02-03,2014,février,lundi,10:15,33,33063,0.0,0.0,En agglomération,Intersection en T,6.0,Plein jour,Normale,4,A sens unique,1.0,Plat,1.0,0.0,0.0,Normale,0.0,Aucun,Blessé hospitalisé,Masculin,30.0,Non renseigné,3,9,0.0,2.0,3.0,1.0,201400023964B01,7,22,1.0,Cohérente,Non cohérentes
2158,201400023970,2014-02-06,2014,février,jeudi,92:0,33,33063,0.0,0.0,En agglomération,Intersection en T,3.0,Plein jour,Pluie légère,4,Bidirectionnelle,2.0,Plat,1.0,0.0,0.0,Mouillée,0.0,Sur chaussée,Blessé léger,Masculin,46.0,Non renseigné,3,9,0.0,2.0,4.0,18.0,201400023970B01,7,23,1.0,Non cohérente,Non cohérentes
2159,201400023990,2014-02-12,2014,février,mercredi,20:15,33,33063,0.0,0.0,En agglomération,Intersection en X,3.0,Nuit avec éclairage public allumé,Pluie légère,4,Bidirectionnelle,2.0,Plat,1.0,0.0,0.0,Mouillée,0.0,Sur chaussée,Indemne,Masculin,22.0,Promenade - loisirs,3,9,0.0,2.0,6.0,15.0,201400023990B01,2,1,1.0,Cohérente,Non cohérentes
2160,201400024013,2014-02-24,2014,février,lundi,91:5,33,33063,0.0,0.0,En agglomération,Intersection en X,5.0,Plein jour,Normale,3,Bidirectionnelle,2.0,Plat,1.0,0.0,0.0,Normale,0.0,Sur chaussée,Blessé hospitalisé,Masculin,77.0,Promenade - loisirs,3,9,15.0,1.0,0.0,1.0,201400024013C01,7,1,2.0,Non cohérente,Non cohérentes
2161,201400024015,2014-02-24,2014,février,lundi,16:40,33,33063,0.0,0.0,En agglomération,Hors intersection,3.0,Plein jour,Normale,5,A sens unique,1.0,Plat,1.0,0.0,0.0,Normale,0.0,Sur chaussée,Blessé léger,Masculin,50.0,Non renseigné,3,9,0.0,2.0,0.0,1.0,201400024015B01,7,17,1.0,Cohérente,Non cohérentes
2162,201400024091,2014-03-24,2014,mars,lundi,17:20,33,33063,0.0,0.0,En agglomération,Intersection en T,3.0,Plein jour,Pluie légère,4,A sens unique,2.0,Plat,1.0,0.0,0.0,Mouillée,0.0,Sur chaussée,Blessé léger,Masculin,17.0,Non renseigné,3,9,0.0,2.0,0.0,1.0,201400024091A01,7,16,1.0,Cohérente,Non cohérentes
2163,201400024105,2014-04-01,2014,avril,mardi,18:50,33,33063,0.0,0.0,En agglomération,Intersection en X,3.0,Plein jour,Normale,4,A sens unique,1.0,Plat,1.0,0.0,0.0,Normale,0.0,Sur chaussée,Blessé léger,Féminin,22.0,Non renseigné,3,9,0.0,0.0,7.0,1.0,201400024105A01,7,1,1.0,Cohérente,Non cohérentes
2164,201400024109,2014-04-03,2014,avril,jeudi,10:15,33,33063,0.0,0.0,En agglomération,Intersection en Y,3.0,Plein jour,Pluie légère,4,Bidirectionnelle,2.0,Pente,1.0,0.0,0.0,Mouillée,0.0,Sur chaussée,Blessé léger,Masculin,32.0,Non renseigné,3,9,0.0,2.0,1.0,15.0,201400024109B01,7,15,1.0,Cohérente,Non cohérentes
2165,201400024122,2014-04-07,2014,avril,lundi,19:15,33,33063,0.0,0.0,En agglomération,Intersection en T,3.0,Plein jour,Normale,4,Bidirectionnelle,1.0,Plat,1.0,0.0,0.0,Normale,0.0,Sur chaussée,Blessé léger,Féminin,20.0,Non renseigné,3,9,0.0,0.0,7.0,0.0,201400024122A01,7,0,1.0,Cohérente,Non cohérentes
2166,201400024125,2014-04-08,2014,avril,mardi,13:20,33,33063,0.0,0.0,En agglomération,Intersection en X,3.0,Plein jour,Normale,4,Bidirectionnelle,3.0,Plat,1.0,0.0,0.0,Normale,4.0,Sur chaussée,Blessé léger,Masculin,25.0,Non renseigné,3,9,0.0,0.0,2.0,1.0,201400024125A01,7,1,1.0,Cohérente,Non cohérentes
2167,201400024128,2014-04-09,2014,avril,mercredi,10:20,33,33063,0.0,0.0,En agglomération,Place,6.0,Plein jour,Normale,4,A sens unique,3.0,Pente,1.0,0.0,0.0,Normale,0.0,Aucun,Indemne,Masculin,27.0,Non renseigné,3,9,0.0,1.0,1.0,1.0,201400024128A01,,,,Cohérente,Non cohérentes
2168,201400024128,2014-04-09,2014,avril,mercredi,10:20,33,33063,0.0,0.0,En agglomération,Place,6.0,Plein jour,Normale,4,A sens unique,3.0,Pente,1.0,0.0,0.0,Normale,0.0,Aucun,Blessé léger,Féminin,63.0,Non renseigné,3,9,0.0,1.0,1.0,1.0,201400024128A01,,,,Cohérente,Non cohérentes
2169,201400024133,2014-04-10,2014,avril,jeudi,93:5,33,33063,0.0,0.0,En agglomération,Intersection en X,2.0,Plein jour,Normale,4,Bidirectionnelle,2.0,Plat,1.0,0.0,0.0,Normale,4.0,Sur chaussée,Blessé léger,Masculin,17.0,Domicile - école,3,9,0.0,2.0,1.0,1.0,201400024133A01,10,23,1.0,Non cohérente,Non cohérentes
2170,201400024141,2014-04-12,2014,avril,samedi,15:05,33,33063,0.0,0.0,En agglomération,Intersection en X,1.0,Plein jour,Normale,4,A sens unique,1.0,Plat,-1.0,0.0,0.0,Normale,0.0,Aucun,Blessé léger,Féminin,26.0,Non renseigné,3,9,0.0,0.0,0.0,5.0,201400024141A01,7,15,1.0,Cohérente,Non cohérentes
2171,201400024142,2014-04-12,2014,avril,samedi,22:14,33,33063,0.0,0.0,En agglomération,Hors intersection,2.0,Nuit avec éclairage public allumé,Normale,4,Bidirectionnelle,4.0,Plat,1.0,0.0,162.0,Normale,4.0,Sur chaussée,Blessé hospitalisé,Masculin,26.0,Non renseigné,3,9,0.0,4.0,4.0,1.0,201400024142B01,40,1,1.0,Cohérente,Non cohérentes
2172,201400024155,2014-04-17,2014,avril,jeudi,17:50,33,33063,0.0,0.0,En agglomération,Intersection en T,3.0,Plein jour,Normale,4,Bidirectionnelle,4.0,Plat,1.0,0.0,0.0,Normale,4.0,Sur chaussée,Blessé léger,Féminin,33.0,Non renseigné,3,9,0.0,2.0,1.0,1.0,201400024155B01,7,22,1.0,Cohérente,Non cohérentes
2173,201400024226,2014-05-14,2014,mai,mercredi,21:15,33,33063,0.0,0.0,En agglomération,Hors intersection,3.0,Nuit avec éclairage public allumé,Normale,4,A sens unique,1.0,Plat,1.0,0.0,30.0,Normale,4.0,Sur chaussée,Indemne,Masculin,43.0,Promenade - loisirs,3,9,0.0,2.0,5.0,1.0,201400024226A01,1,19,1.0,Cohérente,Non cohérentes
2174,201400024226,2014-05-14,2014,mai,mercredi,21:15,33,33063,0.0,0.0,En agglomération,Hors intersection,3.0,Nuit avec éclairage public allumé,Normale,4,A sens unique,1.0,Plat,1.0,0.0,30.0,Normale,4.0,Sur chaussée,Blessé léger,Masculin,9.0,Non renseigné,3,9,0.0,2.0,1.0,19.0,201400024226B01,1,1,1.0,Cohérente,Non cohérentes
2175,201400024234,2014-05-16,2014,mai,vendredi,19:50,33,33063,0.0,0.0,En agglomération,Intersection en T,3.0,Plein jour,Normale,4,Bidirectionnelle,2.0,Plat,1.0,0.0,80.0,Normale,0.0,Sur chaussée,Blessé léger,Masculin,10.0,Promenade - loisirs,3,9,0.0,2.0,1.0,1.0,201400024234B01,7,1,1.0,Cohérente,Non cohérentes
2176,201400024255,2014-05-23,2014,mai,vendredi,14:45,33,33063,0.0,0.0,En agglomération,Giratoire,3.0,Plein jour,Normale,4,Bidirectionnelle,2.0,Plat,1.0,0.0,0.0,Normale,0.0,Sur chaussée,Blessé léger,Masculin,54.0,Non renseigné,3,9,0.0,2.0,3.0,16.0,201400024255B01,7,16,1.0,Cohérente,Non cohérentes
2177,201400024275,2014-06-01,2014,juin,dimanche,14:0,33,33063,0.0,0.0,En agglomération,Intersection en X,3.0,Nuit avec éclairage public allumé,Normale,4,A sens unique,1.0,Plat,1.0,0.0,0.0,Normale,0.0,Sur chaussée,Blessé hospitalisé,Féminin,36.0,Non renseigné,3,9,0.0,2.0,0.0,1.0,201400024275A01,7,1,1.0,Cohérente,Non cohérentes
2178,201400024284,2014-06-05,2014,juin,jeudi,18:30,33,33063,0.0,0.0,En agglomération,Intersection en X,3.0,Plein jour,Normale,4,Bidirectionnelle,2.0,Plat,1.0,0.0,0.0,Normale,0.0,Sur chaussée,Blessé hospitalisé,Féminin,41.0,Non renseigné,3,9,0.0,2.0,1.0,17.0,201400024284A01,7,1,1.0,Cohérente,Non cohérentes
2179,201400024290,2014-06-09,2014,juin,lundi,15:40,33,33063,0.0,0.0,En agglomération,Intersection en X,3.0,Plein jour,Normale,4,Bidirectionnelle,2.0,Plat,1.0,0.0,0.0,Normale,0.0,Sur chaussée,Blessé léger,Féminin,15.0,Non renseigné,3,9,0.0,2.0,1.0,1.0,201400024290A01,7,1,1.0,Cohérente,Non cohérentes
2180,201400024291,2014-06-09,2014,juin,lundi,18:20,33,33063,0.0,0.0,En agglomération,Hors intersection,3.0,Plein jour,Normale,4,A sens unique,1.0,Plat,1.0,0.0,50.0,Normale,0.0,Sur chaussée,Blessé léger,Masculin,11.0,Non renseigné,3,9,0.0,0.0,0.0,0.0,201400024291B01,10,1,1.0,Cohérente,Non cohérentes
2181,201400024299,2014-06-12,2014,juin,jeudi,14:25,33,33063,0.0,0.0,En agglomération,Intersection en X,3.0,Plein jour,Normale,4,A sens unique,1.0,Plat,1.0,0.0,0.0,Normale,0.0,Sur chaussée,Blessé hospitalisé,Masculin,62.0,Non renseigné,3,9,0.0,2.0,9.0,0.0,201400024299B01,7,1,1.0,Cohérente,Non cohérentes
2182,201400024306,2014-06-14,2014,juin,samedi,12:50,33,33063,0.0,0.0,En agglomération,Intersection en T,3.0,Plein jour,Normale,4,A sens unique,3.0,Plat,1.0,0.0,0.0,Normale,4.0,Sur chaussée,Blessé léger,Masculin,15.0,Promenade - loisirs,3,9,0.0,0.0,7.0,1.0,201400024306A01,7,15,1.0,Cohérente,Non cohérentes
2183,201400024323,2014-06-21,2014,juin,samedi,23:15,33,33063,0.0,0.0,En agglomération,Intersection en T,3.0,Nuit avec éclairage public allumé,Normale,4,A sens unique,1.0,Plat,1.0,0.0,0.0,Normale,0.0,Sur chaussée,Blessé léger,Féminin,57.0,Non renseigné,3,9,0.0,0.0,7.0,1.0,201400024323B01,7,23,1.0,Cohérente,Non cohérentes
2184,201400024330,2014-06-23,2014,juin,lundi,16:45,33,33063,0.0,0.0,En agglomération,Hors intersection,3.0,Plein jour,Normale,4,Bidirectionnelle,2.0,Plat,1.0,0.0,0.0,Normale,0.0,Sur chaussée,Blessé léger,Féminin,48.0,Domicile - travail,3,9,0.0,2.0,0.0,1.0,201400024330B01,37,0,1.0,Cohérente,Non cohérentes
2185,201400024358,2014-07-01,2014,juillet,mardi,12:55,33,33063,0.0,0.0,En agglomération,Hors intersection,3.0,Plein jour,Normale,4,A sens unique,1.0,Plat,1.0,0.0,0.0,Normale,0.0,Sur chaussée,Blessé léger,Féminin,,Non renseigné,3,9,0.0,2.0,3.0,5.0,201400024358B01,7,1,1.0,Cohérente,Non cohérentes
2186,201400024371,2014-07-07,2014,juillet,lundi,12:25,33,33063,0.0,0.0,En agglomération,Intersection en X,3.0,Plein jour,Normale,4,Bidirectionnelle,4.0,Plat,1.0,0.0,0.0,Normale,0.0,Sur chaussée,Blessé léger,Féminin,46.0,Non renseigné,3,9,0.0,2.0,1.0,1.0,201400024371B01,7,15,1.0,Cohérente,Non cohérentes
2187,201400024419,2014-07-30,2014,juillet,mercredi,10:,33,33063,0.0,0.0,Hors agglomération,Intersection en T,2.0,Nuit avec éclairage public non allumé,Normale,4,Bidirectionnelle,2.0,Plat,1.0,0.0,0.0,Normale,0.0,Sur chaussée,Blessé léger,Masculin,48.0,Non renseigné,2,4,0.0,0.0,4.0,1.0,201400024419A01,7,2,1.0,Non cohérente,Non cohérentes
2188,201400024420,2014-07-30,2014,juillet,mercredi,19:45,33,33063,0.0,0.0,En agglomération,Intersection en T,3.0,Plein jour,Normale,4,Bidirectionnelle,2.0,Plat,1.0,0.0,0.0,Normale,0.0,Sur chaussée,Blessé léger,Masculin,15.0,Non renseigné,3,9,0.0,0.0,8.0,15.0,201400024420B01,37,1,1.0,Cohérente,Non cohérentes
2189,201400024437,2014-08-08,2014,août,vendredi,11:5,33,33063,0.0,0.0,En agglomération,Hors intersection,7.0,Nuit avec éclairage public allumé,Normale,4,Bidirectionnelle,1.0,Plat,1.0,0.0,96.0,Normale,6.0,Sur chaussée,Blessé léger,Masculin,28.0,Promenade - loisirs,3,9,0.0,0.0,0.0,1.0,201400024437A01,,,,Cohérente,Non cohérentes
2190,201400024452,2014-08-17,2014,août,dimanche,18:45,33,33063,0.0,0.0,En agglomération,Hors intersection,6.0,Plein jour,Normale,4,A sens unique,1.0,Plat,1.0,0.0,0.0,Normale,0.0,Sur chaussée,Indemne,Féminin,57.0,Non renseigné,3,9,0.0,1.0,7.0,1.0,201400024452A01,,,,Cohérente,Non cohérentes
2191,201400024452,2014-08-17,2014,août,dimanche,18:45,33,33063,0.0,0.0,En agglomération,Hors intersection,6.0,Plein jour,Normale,4,A sens unique,1.0,Plat,1.0,0.0,0.0,Normale,0.0,Sur chaussée,Blessé hospitalisé,Féminin,4.0,Promenade - loisirs,3,9,0.0,1.0,7.0,1.0,201400024452A01,,,,Cohérente,Non cohérentes
2192,201400024453,2014-08-18,2014,août,lundi,19:18,33,33063,0.0,0.0,En agglomération,Intersection en X,3.0,Plein jour,Normale,4,A sens unique,1.0,Plat,1.0,0.0,0.0,Normale,0.0,Sur chaussée,Blessé hospitalisé,Masculin,18.0,Promenade - loisirs,3,9,0.0,2.0,0.0,1.0,201400024453A01,7,1,1.0,Cohérente,Non cohérentes
2193,201400024464,2014-08-22,2014,août,vendredi,14:50,33,33063,0.0,0.0,En agglomération,Intersection en T,3.0,Plein jour,Normale,4,Bidirectionnelle,0.0,Plat,1.0,0.0,0.0,Normale,0.0,Sur chaussée,Blessé hospitalisé,Masculin,18.0,Non renseigné,3,9,0.0,0.0,8.0,1.0,201400024464A01,7,1,1.0,Cohérente,Non cohérentes
2194,201400024466,2014-08-23,2014,août,samedi,20:10,33,33063,0.0,0.0,En agglomération,Intersection en Y,3.0,Plein jour,Normale,4,A chaussées séparées,2.0,Plat,1.0,0.0,61.0,Normale,0.0,Sur chaussée,Blessé hospitalisé,Masculin,68.0,Non renseigné,3,9,0.0,2.0,1.0,13.0,201400024466B01,7,1,1.0,Cohérente,Non cohérentes
2195,201400024485,2014-09-02,2014,septembre,mardi,17:00,33,33063,0.0,0.0,En agglomération,Intersection en X,3.0,Plein jour,Normale,4,Bidirectionnelle,5.0,Plat,1.0,0.0,0.0,Normale,0.0,Aucun,Blessé léger,Féminin,21.0,Non renseigné,3,9,0.0,0.0,1.0,19.0,201400024485B01,7,1,1.0,Cohérente,Non cohérentes
2196,201400024491,2014-09-04,2014,septembre,jeudi,92:3,33,33063,0.0,0.0,En agglomération,Giratoire,3.0,Plein jour,Normale,4,Bidirectionnelle,2.0,Plat,1.0,0.0,0.0,Normale,0.0,Sur chaussée,Blessé léger,Féminin,21.0,Promenade - loisirs,3,9,0.0,2.0,1.0,0.0,201400024491B01,7,0,1.0,Non cohérente,Non cohérentes
2197,201400024498,2014-09-04,2014,septembre,jeudi,16:30,33,33063,0.0,0.0,En agglomération,Intersection en T,6.0,Plein jour,Normale,4,Bidirectionnelle,4.0,Plat,-1.0,0.0,0.0,Normale,0.0,Sur chaussée,Indemne,Masculin,20.0,Non renseigné,3,9,0.0,1.0,0.0,1.0,201400024498A01,,,,Cohérente,Non cohérentes
2198,201400024515,2014-09-09,2014,septembre,mardi,17:00,33,33063,0.0,0.0,En agglomération,Hors intersection,3.0,Plein jour,Normale,4,A chaussées séparées,6.0,Plat,1.0,0.0,0.0,Normale,0.0,Sur chaussée,Blessé léger,Masculin,21.0,Promenade - loisirs,3,9,0.0,2.0,1.0,1.0,201400024515B01,7,16,1.0,Cohérente,Non cohérentes
2199,201400024516,2014-09-09,2014,septembre,mardi,16:54,33,33063,0.0,0.0,En agglomération,Intersection en T,3.0,Plein jour,Normale,4,Bidirectionnelle,3.0,Plat,1.0,0.0,0.0,Normale,0.0,Sur chaussée,Indemne,Féminin,26.0,Promenade - loisirs,3,9,0.0,2.0,1.0,1.0,201400024516B01,30,13,1.0,Cohérente,Non cohérentes
2200,201400024517,2014-09-09,2014,septembre,mardi,18:50,33,33063,0.0,0.0,En agglomération,Giratoire,3.0,Plein jour,Normale,4,Bidirectionnelle,2.0,Plat,1.0,0.0,0.0,Non renseigné,1.0,Sur chaussée,Blessé hospitalisé,Masculin,29.0,Autre,3,9,0.0,2.0,7.0,19.0,201400024517A01,10,16,1.0,Cohérente,Non cohérentes
2201,201400024521,2014-09-10,2014,septembre,mercredi,10:17,33,33063,0.0,0.0,En agglomération,Hors intersection,3.0,Plein jour,Normale,4,A sens unique,0.0,Plat,1.0,0.0,0.0,Normale,0.0,Sur chaussée,Blessé hospitalisé,Masculin,19.0,Domicile - école,3,2,0.0,2.0,1.0,2.0,201400024521B01,7,16,1.0,Cohérente,Non cohérentes
2202,201400024522,2014-09-10,2014,septembre,mercredi,91:5,33,33063,0.0,0.0,En agglomération,Intersection en T,1.0,Plein jour,Normale,4,A sens unique,1.0,Plat,1.0,0.0,0.0,Normale,0.0,Sur chaussée,Blessé léger,Masculin,13.0,Domicile - école,3,9,0.0,2.0,1.0,2.0,201400024522A01,10,1,1.0,Non cohérente,Non cohérentes
2203,201400024531,2014-09-13,2014,septembre,samedi,85:8,33,33063,0.0,0.0,En agglomération,Intersection en X,3.0,Plein jour,Normale,4,Bidirectionnelle,2.0,Plat,1.0,0.0,0.0,Normale,0.0,Sur chaussée,Blessé léger,Masculin,31.0,Domicile - travail,3,9,0.0,2.0,2.0,1.0,201400024531A01,10,16,1.0,Non cohérente,Non cohérentes
2204,201400024533,2014-09-13,2014,septembre,samedi,11:30,33,33063,0.0,0.0,En agglomération,Intersection en X,3.0,Plein jour,Normale,4,Bidirectionnelle,2.0,Plat,1.0,0.0,0.0,Normale,0.0,Sur chaussée,Blessé léger,Féminin,20.0,Non renseigné,3,9,0.0,0.0,7.0,1.0,201400024533A01,7,1,1.0,Cohérente,Non cohérentes
2205,201400024537,2014-09-13,2014,septembre,samedi,22:00,33,33063,0.0,0.0,En agglomération,Intersection en X,3.0,Nuit avec éclairage public allumé,Normale,4,Bidirectionnelle,2.0,Plat,1.0,0.0,171.0,Normale,0.0,Sur chaussée,Blessé léger,Féminin,17.0,Non renseigné,3,9,0.0,2.0,1.0,1.0,201400024537B01,7,15,1.0,Cohérente,Non cohérentes
2206,201400024557,2014-09-19,2014,septembre,vendredi,95:5,33,33063,0.0,0.0,En agglomération,Intersection en T,2.0,Plein jour,Normale,4,A sens unique,2.0,Plat,1.0,0.0,0.0,Normale,0.0,Aucun,Blessé léger,Féminin,27.0,Utilisation professionnelle,3,9,0.0,2.0,1.0,1.0,201400024557A01,7,23,1.0,Non cohérente,Non cohérentes
2207,201400024561,2014-09-21,2014,septembre,dimanche,10:50,33,33063,0.0,0.0,En agglomération,Intersection en T,1.0,Plein jour,Normale,4,Bidirectionnelle,2.0,Plat,1.0,0.0,0.0,Normale,0.0,Sur chaussée,Blessé léger,Masculin,63.0,Non renseigné,3,9,0.0,2.0,3.0,1.0,201400024561B01,7,15,1.0,Cohérente,Non cohérentes
2208,201400024568,2014-09-23,2014,septembre,mardi,73:0,33,33063,0.0,0.0,En agglomération,Intersection en X,3.0,Plein jour,Normale,4,A sens unique,2.0,Plat,1.0,0.0,0.0,Normale,0.0,Aucun,Blessé hospitalisé,Masculin,18.0,Non renseigné,3,9,0.0,2.0,1.0,1.0,201400024568A01,7,1,1.0,Non cohérente,Non cohérentes
2209,201400024571,2014-09-23,2014,septembre,mardi,16:30,33,33063,0.0,0.0,En agglomération,Intersection à plus de 4 branches,3.0,Plein jour,Normale,4,A sens unique,1.0,Plat,1.0,0.0,0.0,Normale,0.0,Sur chaussée,Blessé léger,Féminin,16.0,Promenade - loisirs,3,9,1.0,0.0,2.0,0.0,201400024571B01,7,24,1.0,Cohérente,Non cohérentes
2210,201400024580,2014-09-24,2014,septembre,mercredi,13:10,33,33063,0.0,0.0,En agglomération,Intersection en T,3.0,Plein jour,Normale,4,Bidirectionnelle,4.0,Plat,1.0,0.0,0.0,Normale,0.0,Sur chaussée,Blessé léger,Masculin,26.0,Non renseigné,3,9,0.0,2.0,1.0,1.0,201400024580B01,7,16,1.0,Cohérente,Non cohérentes
2211,201400024583,2014-09-24,2014,septembre,mercredi,18:35,33,33063,0.0,0.0,En agglomération,Hors intersection,3.0,Plein jour,Normale,4,A sens unique,2.0,Plat,1.0,0.0,0.0,Normale,0.0,Sur chaussée,Blessé hospitalisé,Masculin,21.0,Promenade - loisirs,3,9,0.0,2.0,0.0,1.0,201400024583A01,7,22,1.0,Cohérente,Non cohérentes
2212,201400024584,2014-09-23,2014,septembre,mardi,16:00,33,33063,0.0,0.0,En agglomération,Intersection en X,6.0,Plein jour,Normale,4,Bidirectionnelle,5.0,Plat,1.0,0.0,0.0,Normale,0.0,Sur chaussée,Blessé léger,Masculin,65.0,Non renseigné,3,9,0.0,1.0,1.0,15.0,201400024584A01,,,,Cohérente,Non cohérentes
2213,201400024590,2014-09-26,2014,septembre,vendredi,18:38,33,33063,0.0,0.0,En agglomération,Hors intersection,6.0,Plein jour,Normale,4,A sens unique,1.0,Plat,1.0,0.0,0.0,Normale,0.0,Sur chaussée,Indemne,Masculin,28.0,Non renseigné,3,9,0.0,1.0,1.0,1.0,201400024590A01,,,,Cohérente,Non cohérentes
2214,201400024595,2014-09-26,2014,septembre,vendredi,85:5,33,33063,0.0,0.0,En agglomération,Hors intersection,3.0,Crépuscule ou aube,Normale,4,A chaussées séparées,6.0,Plat,1.0,0.0,0.0,Normale,0.0,Sur chaussée,Blessé hospitalisé,Masculin,35.0,Non renseigné,3,9,0.0,2.0,1.0,1.0,201400024595B01,7,20,1.0,Non cohérente,Non cohérentes
2215,201400024602,2014-09-29,2014,septembre,lundi,18:50,33,33063,0.0,0.0,En agglomération,Hors intersection,5.0,Plein jour,Normale,4,Bidirectionnelle,4.0,Plat,1.0,0.0,0.0,Normale,0.0,Sur chaussée,Blessé léger,Féminin,51.0,Non renseigné,3,9,0.0,2.0,2.0,13.0,201400024602B01,7,18/1,2.0,Cohérente,Non cohérentes
2216,201400024604,2014-09-30,2014,septembre,mardi,75:0,33,33063,0.0,0.0,En agglomération,Giratoire,3.0,Plein jour,Normale,4,Bidirectionnelle,2.0,Plat,3.0,0.0,0.0,Normale,0.0,Sur chaussée,Blessé léger,Masculin,18.0,Non renseigné,3,9,0.0,2.0,2.0,19.0,201400024604B01,7,1,1.0,Non cohérente,Non cohérentes
2217,201400024612,2014-10-01,2014,octobre,mercredi,16:25,33,33063,0.0,0.0,En agglomération,Giratoire,3.0,Plein jour,Normale,4,Bidirectionnelle,2.0,Plat,1.0,0.0,0.0,Normale,0.0,Sur chaussée,Blessé hospitalisé,Masculin,10.0,Non renseigné,3,9,0.0,2.0,6.0,19.0,201400024612B01,37,1,1.0,Cohérente,Non cohérentes
2218,201400024614,2014-10-01,2014,octobre,mercredi,22:00,33,33063,0.0,0.0,En agglomération,Hors intersection,7.0,Nuit avec éclairage public allumé,Normale,4,Bidirectionnelle,2.0,Plat,1.0,0.0,57.0,Normale,0.0,Sur chaussée,Blessé léger,Masculin,31.0,Non renseigné,3,9,0.0,0.0,1.0,0.0,201400024614A01,,,,Cohérente,Non cohérentes
2219,201400024629,2014-10-05,2014,octobre,dimanche,14:50,33,33063,0.0,0.0,En agglomération,Intersection à plus de 4 branches,3.0,Plein jour,Normale,4,A sens unique,4.0,Plat,1.0,0.0,0.0,Normale,0.0,Sur chaussée,Blessé hospitalisé,Féminin,60.0,Promenade - loisirs,2,2,0.0,0.0,3.0,1.0,201400024629B01,7,16,1.0,Cohérente,Non cohérentes
2220,201400024631,2014-10-06,2014,octobre,lundi,80:5,33,33063,0.0,0.0,En agglomération,Intersection en Y,6.0,Plein jour,Normale,4,Bidirectionnelle,2.0,Plat,1.0,0.0,0.0,Normale,0.0,Sur chaussée,Blessé léger,Masculin,53.0,Promenade - loisirs,3,9,0.0,2.0,1.0,1.0,201400024631A01,20,16,1.0,Non cohérente,Non cohérentes
2221,201400024643,2014-10-08,2014,octobre,mercredi,14:25,33,33063,0.0,0.0,En agglomération,Intersection en T,6.0,Plein jour,Normale,4,A sens unique,10.0,Plat,1.0,0.0,0.0,Normale,0.0,Sur chaussée,Indemne,Masculin,29.0,Non renseigné,2,9,0.0,1.0,1.0,1.0,201400024643A01,,,,Cohérente,Non cohérentes
2222,201400024643,2014-10-08,2014,octobre,mercredi,14:25,33,33063,0.0,0.0,En agglomération,Intersection en T,6.0,Plein jour,Normale,4,A sens unique,10.0,Plat,1.0,0.0,0.0,Normale,0.0,Sur chaussée,Blessé hospitalisé,Féminin,64.0,Non renseigné,3,9,0.0,1.0,1.0,1.0,201400024643A01,,,,Cohérente,Non cohérentes
2223,201400024645,2014-10-08,2014,octobre,mercredi,17:00,33,33063,0.0,0.0,En agglomération,Intersection en T,6.0,Plein jour,Normale,4,A sens unique,1.0,Plat,1.0,0.0,0.0,Normale,0.0,Aucun,Blessé hospitalisé,Masculin,86.0,Non renseigné,3,9,0.0,1.0,0.0,1.0,201400024645A01,,,,Cohérente,Non cohérentes