,Num_Acc,date,an,mois,jour,hrmn,dep,com,lat,long,agg,int,col,lum,atm,catr,circ,nbv,prof,plan,lartpc,larrout,surf,infra,situ,grav,sexe,age,trajet,secuexist,equipement,obs,obsm,choc,manv,vehiculeid,typevehicules,manoeuvehicules,numVehicules,statut_heure,statut_coord
2224,201400024666,2014-10-15,2014,octobre,mercredi,14:30,33,33063,0.0,0.0,En agglomération,Intersection en T,3.0,Plein jour,Normale,4,A sens unique,1.0,Plat,1.0,0.0,72.0,Normale,0.0,Sur chaussée,Blessé léger,Masculin,13.0,Non renseigné,3,9,0.0,2.0,3.0,1.0,201400024666A01,7,0,1.0,Cohérente,Non cohérentes
2225,201400024676,2014-10-17,2014,octobre,vendredi,12:40,33,33063,0.0,0.0,En agglomération,Intersection en X,6.0,Plein jour,Normale,4,Bidirectionnelle,4.0,Pente,1.0,0.0,0.0,Normale,0.0,Sur chaussée,Blessé léger,Féminin,21.0,Non renseigné,2,2,0.0,4.0,1.0,1.0,201400024676A01,40,1,1.0,Cohérente,Non cohérentes
2226,201400024678,2014-10-18,2014,octobre,samedi,22:0,33,33063,0.0,0.0,En agglomération,Intersection en T,1.0,Nuit avec éclairage public allumé,Normale,4,A sens unique,2.0,Plat,1.0,39.0,58.0,Normale,0.0,Sur chaussée,Blessé léger,Masculin,26.0,Non renseigné,3,9,0.0,2.0,2.0,19.0,201400024678A01,7,1,1.0,Cohérente,Non cohérentes
2227,201400024690,2014-10-21,2014,octobre,mardi,14:55,33,33063,0.0,0.0,En agglomération,Giratoire,3.0,Plein jour,Normale,4,Bidirectionnelle,2.0,Plat,1.0,0.0,0.0,Normale,0.0,Aucun,Blessé léger,Masculin,60.0,Promenade - loisirs,3,2,0.0,2.0,4.0,1.0,201400024690B01,7,1,1.0,Cohérente,Non cohérentes
2228,201400024695,2014-10-22,2014,octobre,mercredi,13:00,33,33063,0.0,0.0,En agglomération,Hors intersection,6.0,Plein jour,Normale,4,A sens unique,1.0,Plat,1.0,0.0,0.0,Normale,0.0,Sur chaussée,Indemne,Masculin,64.0,Non renseigné,3,9,0.0,1.0,1.0,5.0,201400024695A01,,,,Cohérente,Non cohérentes
2229,201400024702,2014-10-23,2014,octobre,jeudi,17:50,33,33063,0.0,0.0,En agglomération,Intersection en X,3.0,Plein jour,Normale,4,Bidirectionnelle,2.0,Plat,1.0,0.0,0.0,Normale,0.0,Sur chaussée,Indemne,Masculin,26.0,Non renseigné,3,9,0.0,0.0,3.0,16.0,201400024702A01,31,15,1.0,Cohérente,Non cohérentes
2230,201400024726,2014-10-29,2014,octobre,mercredi,85:0,33,33063,0.0,0.0,En agglomération,Intersection en X,3.0,Plein jour,Normale,4,Bidirectionnelle,2.0,Plat,3.0,0.0,0.0,Normale,5.0,Sur chaussée,Blessé léger,Féminin,26.0,Autre,3,9,0.0,0.0,2.0,16.0,201400024726B01,14,16,1.0,Non cohérente,Non cohérentes
2231,201400024743,2014-11-01,2014,novembre,samedi,23:30,33,33063,0.0,0.0,En agglomération,Hors intersection,6.0,Nuit avec éclairage public allumé,Normale,4,Bidirectionnelle,2.0,Plat,1.0,0.0,0.0,Normale,0.0,Sur trottoir,Indemne,Masculin,26.0,Non renseigné,3,9,0.0,1.0,1.0,1.0,201400024743A01,,,,Cohérente,Non cohérentes
2232,201400024743,2014-11-01,2014,novembre,samedi,23:30,33,33063,0.0,0.0,En agglomération,Hors intersection,6.0,Nuit avec éclairage public allumé,Normale,4,Bidirectionnelle,2.0,Plat,1.0,0.0,0.0,Normale,0.0,Sur trottoir,Blessé léger,Masculin,59.0,Non renseigné,3,9,0.0,1.0,1.0,1.0,201400024743A01,,,,Cohérente,Non cohérentes
2233,201400024749,2014-11-05,2014,novembre,mercredi,13:50,33,33063,0.0,0.0,En agglomération,Intersection en T,1.0,Plein jour,Normale,4,A sens unique,2.0,Plat,1.0,0.0,0.0,Normale,0.0,Sur chaussée,Blessé léger,Féminin,18.0,Non renseigné,3,9,0.0,2.0,5.0,19.0,201400024749A01,7,1,1.0,Cohérente,Non cohérentes
2234,201400024751,2014-11-05,2014,novembre,mercredi,21:10,33,33063,0.0,0.0,En agglomération,Intersection en T,2.0,Nuit avec éclairage public allumé,Normale,4,A sens unique,1.0,Plat,1.0,0.0,0.0,Mouillée,0.0,Sur chaussée,Blessé hospitalisé,Masculin,26.0,Non renseigné,3,9,0.0,0.0,1.0,1.0,201400024751A01,7,4,1.0,Cohérente,Non cohérentes
2235,201400024792,2014-11-14,2014,novembre,vendredi,18:00,33,33063,0.0,0.0,En agglomération,Hors intersection,6.0,Crépuscule ou aube,Normale,4,Bidirectionnelle,2.0,Plat,1.0,0.0,0.0,Normale,0.0,Sur chaussée,Indemne,Masculin,19.0,Non renseigné,3,9,0.0,1.0,0.0,1.0,201400024792A01,,,,Cohérente,Non cohérentes
2236,201400024810,2014-11-18,2014,novembre,mardi,18:00,33,33063,0.0,0.0,En agglomération,Intersection en X,4.0,Plein jour,Normale,4,Bidirectionnelle,2.0,Plat,1.0,0.0,0.0,Normale,0.0,Sur chaussée,Blessé léger,Masculin,59.0,Non renseigné,3,9,0.0,2.0,4.0,1.0,201400024810B01,7,16,1.0,Cohérente,Non cohérentes
2237,201400024810,2014-11-18,2014,novembre,mardi,18:00,33,33063,0.0,0.0,En agglomération,Intersection en X,4.0,Plein jour,Normale,4,Bidirectionnelle,2.0,Plat,1.0,0.0,0.0,Normale,0.0,Sur chaussée,Blessé léger,Féminin,56.0,Non renseigné,3,9,1.0,2.0,3.0,1.0,201400024810C01,7,16,1.0,Cohérente,Non cohérentes
2238,201400024815,2014-11-19,2014,novembre,mercredi,20:00,33,33063,0.0,0.0,En agglomération,Hors intersection,3.0,Nuit avec éclairage public allumé,Normale,4,Bidirectionnelle,0.0,Plat,1.0,0.0,0.0,Normale,0.0,Sur chaussée,Blessé hospitalisé,Masculin,57.0,Non renseigné,3,9,0.0,0.0,4.0,1.0,201400024815B01,7,0,1.0,Cohérente,Non cohérentes
2239,201400024834,2014-11-19,2014,novembre,mercredi,11:30,33,33063,0.0,0.0,En agglomération,Hors intersection,6.0,Plein jour,Normale,4,Bidirectionnelle,2.0,Plat,1.0,0.0,10.0,Normale,0.0,Sur chaussée,Blessé léger,Masculin,30.0,Non renseigné,3,9,1.0,0.0,1.0,2.0,201400024834B01,7,24,1.0,Cohérente,Non cohérentes
2240,201400024837,2014-11-25,2014,novembre,mardi,22:30,33,33063,0.0,0.0,En agglomération,Intersection en T,3.0,Nuit avec éclairage public allumé,Temps couvert,4,Bidirectionnelle,3.0,Plat,1.0,0.0,141.0,Normale,0.0,Sur chaussée,Blessé léger,Masculin,33.0,Non renseigné,3,9,0.0,0.0,7.0,1.0,201400024837B01,7,1,1.0,Cohérente,Non cohérentes
2241,201400024841,2014-11-26,2014,novembre,mercredi,80:0,33,33063,0.0,0.0,En agglomération,Hors intersection,2.0,Plein jour,Normale,4,A chaussées séparées,4.0,Plat,1.0,0.0,0.0,Mouillée,0.0,Sur chaussée,Blessé léger,Masculin,54.0,Utilisation professionnelle,3,9,0.0,2.0,1.0,17.0,201400024841A01,10,23,1.0,Non cohérente,Non cohérentes
2242,201400024850,2014-11-30,2014,novembre,dimanche,30:5,33,33063,0.0,0.0,En agglomération,Hors intersection,7.0,Nuit avec éclairage public allumé,Pluie légère,4,Bidirectionnelle,4.0,Plat,1.0,0.0,269.0,Mouillée,0.0,Sur trottoir,Blessé hospitalisé,Masculin,26.0,Promenade - loisirs,3,9,0.0,0.0,0.0,1.0,201400024850A01,,,,Non cohérente,Non cohérentes
2243,201400024859,2014-12-05,2014,décembre,vendredi,22:0,33,33063,0.0,0.0,En agglomération,Intersection en T,7.0,Nuit avec éclairage public allumé,Normale,4,Bidirectionnelle,3.0,Plat,1.0,0.0,60.0,Normale,0.0,Sur chaussée,Blessé hospitalisé,Féminin,29.0,Non renseigné,3,9,12.0,0.0,2.0,0.0,201400024859A01,,,,Cohérente,Non cohérentes
2244,201400024866,2014-12-08,2014,décembre,lundi,90:0,33,33063,0.0,0.0,En agglomération,Giratoire,3.0,Plein jour,Normale,4,A sens unique,2.0,Plat,1.0,0.0,0.0,Normale,0.0,Sur chaussée,Blessé léger,Masculin,60.0,Promenade - loisirs,3,9,0.0,2.0,1.0,1.0,201400024866B01,10,15,1.0,Non cohérente,Non cohérentes
2245,201400024876,2014-12-10,2014,décembre,mercredi,16:00,33,33063,0.0,0.0,En agglomération,Intersection en T,3.0,Plein jour,Pluie légère,4,Bidirectionnelle,2.0,Sommet de côte,1.0,0.0,0.0,Mouillée,0.0,Sur chaussée,Blessé léger,Masculin,58.0,Non renseigné,3,9,1.0,0.0,1.0,1.0,201400024876B01,7,24,1.0,Cohérente,Non cohérentes
2246,201400024880,2014-12-11,2014,décembre,jeudi,85:3,33,33063,0.0,0.0,En agglomération,Intersection en T,3.0,Plein jour,Normale,4,A chaussées séparées,8.0,Plat,3.0,0.0,0.0,Mouillée,0.0,Sur chaussée,Blessé léger,Masculin,15.0,Non renseigné,3,9,0.0,4.0,1.0,19.0,201400024880A01,40,1,1.0,Non cohérente,Non cohérentes
2247,201400024882,2014-12-11,2014,décembre,jeudi,17:40,33,33063,0.0,0.0,En agglomération,Intersection en T,2.0,Nuit avec éclairage public allumé,Normale,4,A chaussées séparées,7.0,Plat,1.0,0.0,70.0,Mouillée,0.0,Sur chaussée,Indemne,Masculin,14.0,Non renseigné,3,9,0.0,0.0,0.0,0.0,201400024882B01,30,1,1.0,Cohérente,Non cohérentes
2248,201400024882,2014-12-11,2014,décembre,jeudi,17:40,33,33063,0.0,0.0,En agglomération,Intersection en T,2.0,Nuit avec éclairage public allumé,Normale,4,A chaussées séparées,7.0,Plat,1.0,0.0,70.0,Mouillée,0.0,Sur chaussée,Blessé léger,Féminin,14.0,Promenade - loisirs,3,9,0.0,0.0,0.0,0.0,201400024882B01,30,1,1.0,Cohérente,Non cohérentes
2249,201400026752,2014-01-20,2014,janvier,lundi,60:0,38,38185,0.0,0.0,En agglomération,Hors intersection,6.0,Nuit avec éclairage public allumé,Pluie légère,3,Bidirectionnelle,2.0,Plat,1.0,0.0,0.0,Mouillée,0.0,Sur chaussée,Blessé léger,Masculin,56.0,Domicile - travail,1,9,0.0,2.0,4.0,2.0,201400026752B01,14,2,1.0,Non cohérente,Non cohérentes
2250,201400026805,2014-05-23,2014,mai,vendredi,11:40,38,38185,0.0,0.0,En agglomération,Hors intersection,6.0,Plein jour,Normale,4,A sens unique,1.0,Plat,1.0,0.0,45.0,Normale,0.0,Sur chaussée,Blessé hospitalisé,Féminin,71.0,Non renseigné,3,9,1.0,0.0,0.0,0.0,201400026805B01,7,22,1.0,Cohérente,Non cohérentes
2251,201400026808,2014-05-26,2014,mai,lundi,11:45,38,38185,0.0,0.0,En agglomération,Hors intersection,3.0,Plein jour,Normale,4,Non renseigné,0.0,Plat,1.0,0.0,68.0,Normale,0.0,Sur chaussée,Blessé léger,Masculin,32.0,Non renseigné,3,4,0.0,0.0,1.0,1.0,201400026808A01,40,1,1.0,Cohérente,Non cohérentes
2252,201400026823,2014-06-28,2014,juin,samedi,14:30,38,38185,0.0,0.0,En agglomération,Hors intersection,6.0,Plein jour,Normale,6,Non renseigné,0.0,Plat,1.0,0.0,0.0,Normale,0.0,Sur chaussée,Indemne,Féminin,54.0,Non renseigné,1,9,1.0,1.0,1.0,1.0,201400026823A01,,,,Cohérente,Non cohérentes
2253,201400026823,2014-06-28,2014,juin,samedi,14:30,38,38185,0.0,0.0,En agglomération,Hors intersection,6.0,Plein jour,Normale,6,Non renseigné,0.0,Plat,1.0,0.0,0.0,Normale,0.0,Sur chaussée,Blessé léger,Féminin,3.0,Promenade - loisirs,3,9,1.0,1.0,1.0,1.0,201400026823A01,,,,Cohérente,Non cohérentes
2254,201400026827,2014-07-08,2014,juillet,mardi,44:0,38,38185,0.0,0.0,Hors agglomération,Hors intersection,3.0,Nuit avec éclairage public allumé,Pluie légère,3,A sens unique,2.0,Plat,1.0,0.0,0.0,Mouillée,2.0,Sur chaussée,Blessé léger,Masculin,55.0,Non renseigné,3,4,0.0,2.0,8.0,1.0,201400026827B01,7,1,1.0,Non cohérente,Non cohérentes
2255,201400026836,2014-07-18,2014,juillet,vendredi,10:40,38,38185,0.0,0.0,En agglomération,Hors intersection,6.0,Plein jour,Normale,3,A sens unique,0.0,Plat,3.0,0.0,0.0,Normale,5.0,Sur chaussée,Blessé hospitalisé,Masculin,37.0,Non renseigné,3,4,0.0,2.0,1.0,19.0,201400026836A01,7,9,1.0,Cohérente,Non cohérentes
2256,201400026839,2014-07-30,2014,juillet,mercredi,15:00,38,38185,0.0,0.0,En agglomération,Intersection en X,5.0,Plein jour,Normale,3,Bidirectionnelle,0.0,Plat,1.0,0.0,0.0,Normale,0.0,Sur chaussée,Blessé hospitalisé,Masculin,24.0,Utilisation professionnelle,2,4,0.0,2.0,1.0,0.0,201400026839A01,7,1,2.0,Cohérente,Non cohérentes
2257,201400026845,2014-08-06,2014,août,mercredi,13:40,38,38185,0.0,0.0,En agglomération,Hors intersection,3.0,Plein jour,Normale,4,A chaussées séparées,2.0,Plat,1.0,0.0,60.0,Normale,4.0,Sur chaussée,Blessé hospitalisé,Féminin,20.0,Non renseigné,2,4,9.0,2.0,8.0,19.0,201400026845B01,7,1,1.0,Cohérente,Non cohérentes
2258,201400026860,2014-09-25,2014,septembre,jeudi,10:32,38,38185,0.0,0.0,En agglomération,Intersection en T,3.0,Plein jour,Normale,4,Bidirectionnelle,1.0,Plat,1.0,0.0,0.0,Normale,5.0,Sur chaussée,Blessé léger,Masculin,29.0,Non renseigné,2,4,0.0,2.0,1.0,1.0,201400026860B01,7,15,1.0,Cohérente,Non cohérentes
2259,201400026865,2014-10-06,2014,octobre,lundi,17:20,38,38185,0.0,0.0,En agglomération,Hors intersection,6.0,Plein jour,Normale,4,Non renseigné,1.0,Plat,1.0,0.0,15.0,Normale,0.0,Sur piste cyclable,Indemne,Féminin,19.0,Non renseigné,3,9,0.0,1.0,1.0,0.0,201400026865A01,,,,Cohérente,Non cohérentes
2260,201400026884,2014-11-14,2014,novembre,vendredi,13:50,38,38185,0.0,0.0,En agglomération,Hors intersection,6.0,Plein jour,Normale,4,Non renseigné,1.0,Plat,1.0,0.0,35.0,Normale,0.0,Sur chaussée,Blessé hospitalisé,Masculin,14.0,Promenade - loisirs,3,9,0.0,2.0,1.0,19.0,201400026884A01,7,1,1.0,Cohérente,Non cohérentes
2261,201400026889,2014-11-27,2014,novembre,jeudi,10:30,38,38185,0.0,0.0,En agglomération,Hors intersection,6.0,Plein jour,Normale,4,Bidirectionnelle,2.0,Plat,1.0,0.0,0.0,Normale,0.0,Sur chaussée,Blessé léger,Masculin,57.0,Non renseigné,3,4,1.0,0.0,2.0,1.0,201400026889B01,7,22,1.0,Cohérente,Non cohérentes
2262,201400033162,2014-01-10,2014,janvier,vendredi,16:20,67,67482,0.0,0.0,En agglomération,Hors intersection,6.0,Plein jour,Normale,4,Bidirectionnelle,2.0,Plat,3.0,0.0,60.0,Normale,0.0,Sur chaussée,Blessé léger,Féminin,54.0,Non renseigné,3,9,0.0,2.0,1.0,16.0,201400033162B01,1,16,1.0,Cohérente,Non cohérentes
2263,201400033162,2014-01-10,2014,janvier,vendredi,16:20,67,67482,0.0,0.0,En agglomération,Hors intersection,6.0,Plein jour,Normale,4,Bidirectionnelle,2.0,Plat,3.0,0.0,60.0,Normale,0.0,Sur chaussée,Indemne,Masculin,67.0,Promenade - loisirs,3,9,0.0,2.0,1.0,16.0,201400033162A01,1,16,1.0,Cohérente,Non cohérentes
2264,201400033163,2014-01-10,2014,janvier,vendredi,16:30,67,67482,0.0,0.0,En agglomération,Hors intersection,3.0,Crépuscule ou aube,Normale,4,A chaussées séparées,2.0,Plat,1.0,20.0,90.0,Normale,0.0,Sur chaussée,Blessé léger,Masculin,23.0,Promenade - loisirs,3,9,0.0,2.0,1.0,19.0,201400033163A01,7,1,1.0,Cohérente,Non cohérentes
2265,201400033167,2014-01-14,2014,janvier,mardi,19:10,67,67482,0.0,0.0,En agglomération,Hors intersection,3.0,Nuit avec éclairage public allumé,Normale,4,Bidirectionnelle,2.0,Plat,1.0,55.0,100.0,Mouillée,0.0,Sur chaussée,Blessé léger,Féminin,51.0,Promenade - loisirs,2,4,0.0,2.0,8.0,19.0,201400033167B01,7,1,1.0,Cohérente,Non cohérentes
2266,201400033177,2014-01-27,2014,janvier,lundi,17:30,67,67482,0.0,0.0,En agglomération,Intersection en T,1.0,Crépuscule ou aube,Pluie légère,4,Bidirectionnelle,3.0,Plat,1.0,0.0,60.0,Mouillée,0.0,Sur chaussée,Blessé léger,Féminin,34.0,Domicile - travail,2,4,0.0,2.0,1.0,19.0,201400033177B01,2,16,1.0,Cohérente,Non cohérentes
2267,201400033197,2014-02-20,2014,février,jeudi,73:0,67,67482,0.0,0.0,En agglomération,Intersection en T,3.0,Plein jour,Normale,4,Bidirectionnelle,2.0,Plat,1.0,0.0,80.0,Normale,0.0,Sur chaussée,Blessé léger,Masculin,45.0,Domicile - travail,1,2,0.0,2.0,1.0,1.0,201400033197B01,7,16,1.0,Non cohérente,Non cohérentes
2268,201400033200,2014-02-22,2014,février,samedi,14:15,67,67482,0.0,0.0,En agglomération,Intersection en X,3.0,Plein jour,Normale,4,Bidirectionnelle,2.0,Plat,1.0,0.0,105.0,Normale,0.0,Sur chaussée,Blessé léger,Féminin,56.0,Promenade - loisirs,3,9,0.0,2.0,4.0,1.0,201400033200B01,7,16,1.0,Cohérente,Non cohérentes
2269,201400033204,2014-02-26,2014,février,mercredi,15:10,67,67482,0.0,0.0,En agglomération,Intersection en T,3.0,Plein jour,Pluie légère,4,Bidirectionnelle,2.0,Plat,1.0,0.0,70.0,Mouillée,0.0,Sur chaussée,Blessé léger,Féminin,48.0,Domicile - travail,2,9,0.0,2.0,1.0,16.0,201400033204B01,7,15,1.0,Cohérente,Non cohérentes
2270,201400033210,2014-03-06,2014,mars,jeudi,14:15,67,67482,0.0,0.0,En agglomération,Hors intersection,6.0,Plein jour,Normale,4,A sens unique,2.0,Plat,1.0,0.0,85.0,Normale,0.0,Aucun,Blessé léger,Féminin,29.0,Non renseigné,3,9,1.0,0.0,1.0,1.0,201400033210B01,7,22,1.0,Cohérente,Non cohérentes
2271,201400033241,2014-03-22,2014,mars,samedi,94:5,67,67482,0.0,0.0,En agglomération,Intersection en X,6.0,Plein jour,Pluie légère,4,Bidirectionnelle,2.0,Plat,1.0,0.0,80.0,Mouillée,0.0,Sur chaussée,Indemne,Masculin,20.0,Non renseigné,3,9,0.0,1.0,2.0,1.0,201400033241A01,,,,Non cohérente,Non cohérentes
2272,201400033244,2014-03-25,2014,mars,mardi,13:30,67,67482,0.0,0.0,En agglomération,Hors intersection,6.0,Plein jour,Normale,4,A sens unique,1.0,Plat,1.0,0.0,70.0,Normale,0.0,Sur chaussée,Blessé léger,Féminin,39.0,Promenade - loisirs,3,9,0.0,2.0,1.0,1.0,201400033244B01,2,15,1.0,Cohérente,Non cohérentes
2273,201400033256,2014-04-06,2014,avril,dimanche,20:0,67,67482,0.0,0.0,En agglomération,Intersection en X,3.0,Nuit avec éclairage public allumé,Normale,4,Bidirectionnelle,2.0,Non renseigné,1.0,0.0,128.0,Normale,0.0,Sur chaussée,Blessé léger,Masculin,22.0,Promenade - loisirs,3,9,0.0,2.0,2.0,1.0,201400033256B01,7,16,1.0,Cohérente,Non cohérentes
2274,201400033259,2014-04-07,2014,avril,lundi,21:30,67,67482,0.0,0.0,En agglomération,Hors intersection,3.0,Nuit avec éclairage public allumé,Normale,4,Bidirectionnelle,5.0,Plat,1.0,0.0,152.0,Normale,2.0,Sur chaussée,Blessé léger,Masculin,56.0,Promenade - loisirs,3,9,0.0,2.0,1.0,1.0,201400033259B01,7,15,1.0,Cohérente,Non cohérentes
2275,201400033260,2014-04-07,2014,avril,lundi,22:15,67,67482,0.0,0.0,En agglomération,Intersection en T,2.0,Nuit avec éclairage public allumé,Normale,4,Bidirectionnelle,1.0,Plat,1.0,0.0,72.0,Normale,0.0,Sur chaussée,Blessé léger,Féminin,51.0,Promenade - loisirs,3,9,0.0,2.0,4.0,1.0,201400033260B01,7,15,1.0,Cohérente,Non cohérentes
2276,201400033261,2014-04-08,2014,avril,mardi,15:45,67,67482,0.0,0.0,En agglomération,Intersection en T,3.0,Plein jour,Normale,4,Bidirectionnelle,2.0,Plat,1.0,0.0,80.0,Normale,0.0,Sur chaussée,Blessé léger,Féminin,19.0,Autre,3,9,0.0,2.0,1.0,16.0,201400033261A01,7,1,1.0,Cohérente,Non cohérentes
2277,201400033263,2014-04-09,2014,avril,mercredi,17:05,67,67482,0.0,0.0,En agglomération,Hors intersection,6.0,Plein jour,Normale,4,Non renseigné,1.0,Plat,1.0,0.0,0.0,Normale,6.0,Sur chaussée,Indemne,Masculin,18.0,Promenade - loisirs,3,9,0.0,1.0,1.0,1.0,201400033263A01,,,,Cohérente,Non cohérentes
2278,201400033266,2014-04-10,2014,avril,jeudi,15:10,67,67482,0.0,0.0,En agglomération,Hors intersection,3.0,Plein jour,Normale,4,A chaussées séparées,2.0,Plat,1.0,0.0,60.0,Normale,0.0,Sur chaussée,Blessé léger,Féminin,21.0,Promenade - loisirs,2,9,0.0,2.0,5.0,1.0,201400033266B01,7,1,1.0,Cohérente,Non cohérentes
2279,201400033269,2014-04-11,2014,avril,vendredi,18:25,67,67482,0.0,0.0,En agglomération,Hors intersection,3.0,Plein jour,Normale,4,A sens unique,1.0,Plat,1.0,0.0,0.0,Normale,0.0,Sur chaussée,Blessé léger,Féminin,49.0,Promenade - loisirs,3,9,0.0,2.0,2.0,1.0,201400033269B01,7,1,1.0,Cohérente,Non cohérentes
2280,201400033270,2014-04-12,2014,avril,samedi,18:55,67,67482,0.0,0.0,En agglomération,Intersection en Y,3.0,Plein jour,Normale,4,A sens unique,3.0,Plat,1.0,0.0,42.0,Normale,0.0,Sur chaussée,Blessé léger,Féminin,63.0,Promenade - loisirs,3,9,0.0,2.0,7.0,1.0,201400033270B01,7,16,1.0,Cohérente,Non cohérentes
2281,201400033274,2014-04-15,2014,avril,mardi,18:45,67,67482,0.0,0.0,En agglomération,Hors intersection,3.0,Plein jour,Normale,4,Bidirectionnelle,3.0,Plat,3.0,0.0,119.0,Normale,0.0,Sur chaussée,Blessé léger,Masculin,66.0,Promenade - loisirs,2,2,0.0,2.0,8.0,1.0,201400033274B01,7,16,1.0,Cohérente,Non cohérentes
2282,201400033276,2014-04-16,2014,avril,mercredi,18:35,67,67482,0.0,0.0,En agglomération,Hors intersection,3.0,Plein jour,Normale,4,Bidirectionnelle,2.0,Plat,2.0,0.0,80.0,Normale,0.0,Sur chaussée,Blessé léger,Masculin,11.0,Promenade - loisirs,1,2,0.0,2.0,1.0,1.0,201400033276B01,7,23,1.0,Cohérente,Non cohérentes
2283,201400033284,2014-04-29,2014,avril,mardi,16:00,67,67482,0.0,0.0,En agglomération,Hors intersection,3.0,Plein jour,Normale,4,A chaussées séparées,4.0,Plat,1.0,60.0,285.0,Normale,0.0,Sur chaussée,Blessé léger,Féminin,31.0,Promenade - loisirs,3,9,0.0,2.0,8.0,1.0,201400033284B01,7,1,1.0,Cohérente,Non cohérentes
2284,201400033293,2014-05-13,2014,mai,mardi,20:57,67,67482,0.0,0.0,En agglomération,Intersection en T,1.0,Plein jour,Normale,4,Bidirectionnelle,2.0,Plat,1.0,0.0,0.0,Normale,0.0,Sur chaussée,Blessé léger,Masculin,27.0,Utilisation professionnelle,3,9,0.0,2.0,1.0,1.0,201400033293A01,1,1,1.0,Cohérente,Non cohérentes
2285,201400033293,2014-05-13,2014,mai,mardi,20:57,67,67482,0.0,0.0,En agglomération,Intersection en T,1.0,Plein jour,Normale,4,Bidirectionnelle,2.0,Plat,1.0,0.0,0.0,Normale,0.0,Sur chaussée,Blessé léger,Masculin,18.0,Promenade - loisirs,3,9,0.0,2.0,1.0,1.0,201400033293B01,1,1,1.0,Cohérente,Non cohérentes
2286,201400033294,2014-05-14,2014,mai,mercredi,17:50,67,67482,0.0,0.0,En agglomération,Intersection en T,3.0,Plein jour,Normale,4,Bidirectionnelle,2.0,Plat,1.0,70.0,60.0,Normale,0.0,Sur chaussée,Blessé léger,Féminin,22.0,Promenade - loisirs,3,9,0.0,2.0,2.0,1.0,201400033294B01,7,16,1.0,Cohérente,Non cohérentes
2287,201400033296,2014-05-15,2014,mai,jeudi,16:40,67,67482,0.0,0.0,En agglomération,Hors intersection,1.0,Plein jour,Normale,4,Bidirectionnelle,1.0,Plat,1.0,0.0,113.0,Normale,0.0,Sur piste cyclable,Blessé léger,Masculin,13.0,Promenade - loisirs,3,9,0.0,2.0,1.0,1.0,201400033296A01,1,1,1.0,Cohérente,Non cohérentes
2288,201400033296,2014-05-15,2014,mai,jeudi,16:40,67,67482,0.0,0.0,En agglomération,Hors intersection,1.0,Plein jour,Normale,4,Bidirectionnelle,1.0,Plat,1.0,0.0,113.0,Normale,0.0,Sur piste cyclable,Indemne,Masculin,21.0,Promenade - loisirs,3,9,0.0,2.0,6.0,1.0,201400033296B01,1,1,1.0,Cohérente,Non cohérentes
2289,201400033300,2014-05-17,2014,mai,samedi,15:22,67,67482,0.0,0.0,En agglomération,Hors intersection,3.0,Plein jour,Normale,4,Bidirectionnelle,3.0,Plat,1.0,0.0,110.0,Normale,0.0,Sur chaussée,Blessé léger,Masculin,84.0,Promenade - loisirs,3,9,0.0,2.0,1.0,19.0,201400033300A01,37,1,1.0,Cohérente,Non cohérentes
2290,201400033302,2014-05-19,2014,mai,lundi,81:5,67,67482,0.0,0.0,En agglomération,Intersection en T,3.0,Plein jour,Normale,4,A sens unique,1.0,Plat,1.0,0.0,0.0,Normale,0.0,Sur chaussée,Blessé léger,Féminin,44.0,Domicile - travail,3,9,0.0,2.0,1.0,1.0,201400033302A01,7,0,1.0,Non cohérente,Non cohérentes
2291,201400033304,2014-05-19,2014,mai,lundi,16:25,67,67482,0.0,0.0,En agglomération,Intersection en T,3.0,Plein jour,Normale,4,Bidirectionnelle,1.0,Plat,1.0,0.0,240.0,Normale,0.0,Sur chaussée,Blessé léger,Féminin,16.0,Promenade - loisirs,1,2,0.0,2.0,1.0,1.0,201400033304B01,7,15,1.0,Cohérente,Non cohérentes
2292,201400033305,2014-05-21,2014,mai,mercredi,14:10,67,67482,0.0,0.0,En agglomération,Hors intersection,3.0,Plein jour,Normale,4,Bidirectionnelle,2.0,Plat,1.0,0.0,59.0,Normale,0.0,Sur piste cyclable,Blessé léger,Masculin,33.0,Autre,3,9,0.0,2.0,1.0,1.0,201400033305B01,7,1,1.0,Cohérente,Non cohérentes
2293,201400033310,2014-05-23,2014,mai,vendredi,18:20,67,67482,0.0,0.0,En agglomération,Hors intersection,3.0,Plein jour,Normale,4,A sens unique,1.0,Plat,1.0,30.0,60.0,Normale,0.0,Sur chaussée,Blessé léger,Féminin,37.0,Promenade - loisirs,3,9,0.0,0.0,1.0,1.0,201400033310B01,7,1,1.0,Cohérente,Non cohérentes
2294,201400033311,2014-05-23,2014,mai,vendredi,19:15,67,67482,0.0,0.0,En agglomération,Place,3.0,Plein jour,Normale,4,Bidirectionnelle,0.0,Plat,1.0,0.0,0.0,Normale,0.0,Sur chaussée,Blessé léger,Féminin,58.0,Domicile - travail,3,9,0.0,2.0,7.0,1.0,201400033311B01,1,1,1.0,Cohérente,Non cohérentes