,Num_Acc,date,an,mois,jour,hrmn,dep,com,lat,long,agg,int,col,lum,atm,catr,circ,nbv,prof,plan,lartpc,larrout,surf,infra,situ,grav,sexe,age,trajet,secuexist,equipement,obs,obsm,choc,manv,vehiculeid,typevehicules,manoeuvehicules,numVehicules,statut_heure,statut_coord
2295,201400033311,2014-05-23,2014,mai,vendredi,19:15,67,67482,0.0,0.0,En agglomération,Place,3.0,Plein jour,Normale,4,Bidirectionnelle,0.0,Plat,1.0,0.0,0.0,Normale,0.0,Sur chaussée,Indemne,Masculin,32.0,Non renseigné,3,9,0.0,2.0,1.0,1.0,201400033311A01,1,1,1.0,Cohérente,Non cohérentes
2296,201400033314,2014-05-28,2014,mai,mercredi,22:50,67,67482,0.0,0.0,En agglomération,Hors intersection,6.0,Nuit avec éclairage public allumé,Normale,4,A sens unique,1.0,Plat,1.0,0.0,38.0,Normale,0.0,Sur chaussée,Blessé léger,Masculin,43.0,Promenade - loisirs,3,9,0.0,2.0,1.0,1.0,201400033314B01,7,4,1.0,Cohérente,Non cohérentes
2297,201400033318,2014-06-03,2014,juin,mardi,18:30,67,67482,0.0,0.0,En agglomération,Hors intersection,7.0,Plein jour,Normale,4,Bidirectionnelle,2.0,Plat,2.0,0.0,0.0,Normale,0.0,Sur piste cyclable,Blessé léger,Féminin,56.0,Domicile - travail,2,9,0.0,0.0,1.0,0.0,201400033318B01,30,1,1.0,Cohérente,Non cohérentes
2298,201400033328,2014-06-12,2014,juin,jeudi,84:0,67,67482,0.0,0.0,En agglomération,Hors intersection,3.0,Plein jour,Normale,4,Bidirectionnelle,2.0,Plat,1.0,0.0,60.0,Normale,0.0,Sur chaussée,Blessé hospitalisé,Féminin,31.0,Promenade - loisirs,3,9,0.0,2.0,2.0,0.0,201400033328B01,7,1,1.0,Non cohérente,Non cohérentes
2299,201400033330,2014-06-13,2014,juin,vendredi,14:25,67,67482,0.0,0.0,En agglomération,Hors intersection,6.0,Plein jour,Normale,4,Bidirectionnelle,2.0,Plat,1.0,0.0,71.0,Normale,0.0,Sur chaussée,Blessé léger,Féminin,75.0,Promenade - loisirs,3,9,0.0,2.0,1.0,1.0,201400033330B01,7,22,1.0,Cohérente,Non cohérentes
2300,201400033337,2014-06-19,2014,juin,jeudi,16:15,67,67482,0.0,0.0,En agglomération,Hors intersection,6.0,Plein jour,Normale,4,Bidirectionnelle,2.0,Plat,1.0,0.0,76.0,Normale,0.0,Sur chaussée,Blessé léger,Masculin,70.0,Promenade - loisirs,3,9,0.0,2.0,1.0,1.0,201400033337B01,7,22,1.0,Cohérente,Non cohérentes
2301,201400033341,2014-06-20,2014,juin,vendredi,18:35,67,67482,0.0,0.0,En agglomération,Intersection en T,3.0,Plein jour,Normale,4,Bidirectionnelle,3.0,Plat,1.0,0.0,150.0,Normale,0.0,Sur chaussée,Blessé léger,Féminin,27.0,Promenade - loisirs,3,9,0.0,2.0,7.0,19.0,201400033341B01,7,1,1.0,Cohérente,Non cohérentes
2302,201400033343,2014-06-22,2014,juin,dimanche,15:5,67,67482,0.0,0.0,En agglomération,Hors intersection,3.0,Nuit avec éclairage public allumé,Normale,4,Bidirectionnelle,2.0,Plat,1.0,0.0,120.0,Normale,0.0,Sur chaussée,Blessé léger,Masculin,17.0,Promenade - loisirs,3,9,0.0,2.0,1.0,1.0,201400033343A01,1,19,1.0,Cohérente,Non cohérentes
2303,201400033343,2014-06-22,2014,juin,dimanche,15:5,67,67482,0.0,0.0,En agglomération,Hors intersection,3.0,Nuit avec éclairage public allumé,Normale,4,Bidirectionnelle,2.0,Plat,1.0,0.0,120.0,Normale,0.0,Sur chaussée,Blessé léger,Féminin,19.0,Promenade - loisirs,3,9,0.0,2.0,8.0,19.0,201400033343B01,1,1,1.0,Cohérente,Non cohérentes
2304,201400033353,2014-06-28,2014,juin,samedi,13:45,67,67482,0.0,0.0,En agglomération,Hors intersection,6.0,Plein jour,Pluie légère,4,Bidirectionnelle,2.0,Plat,2.0,0.0,55.0,Mouillée,0.0,Sur chaussée,Blessé léger,Masculin,54.0,Promenade - loisirs,3,9,0.0,1.0,1.0,1.0,201400033353A01,,,,Cohérente,Non cohérentes
2305,201400033358,2014-07-04,2014,juillet,vendredi,17:10,67,67482,0.0,0.0,En agglomération,Intersection en T,3.0,Plein jour,Normale,4,Bidirectionnelle,2.0,Plat,1.0,0.0,100.0,Normale,0.0,Sur chaussée,Blessé léger,Féminin,16.0,Promenade - loisirs,3,9,0.0,2.0,1.0,16.0,201400033358B01,7,1,1.0,Cohérente,Non cohérentes
2306,201400033368,2014-07-19,2014,juillet,samedi,14:35,67,67482,0.0,0.0,En agglomération,Intersection en T,3.0,Plein jour,Normale,4,Bidirectionnelle,3.0,Plat,1.0,0.0,205.0,Normale,0.0,Sur chaussée,Blessé léger,Masculin,84.0,Non renseigné,3,9,0.0,2.0,1.0,1.0,201400033368A01,30,1,1.0,Cohérente,Non cohérentes
2307,201400033375,2014-07-22,2014,juillet,mardi,16:50,67,67482,0.0,0.0,En agglomération,Hors intersection,3.0,Plein jour,Normale,4,Bidirectionnelle,4.0,Plat,1.0,50.0,50.0,Normale,0.0,Sur chaussée,Blessé léger,Masculin,16.0,Promenade - loisirs,3,9,0.0,2.0,1.0,1.0,201400033375A01,40,1,1.0,Cohérente,Non cohérentes
2308,201400033377,2014-07-24,2014,juillet,jeudi,19:00,67,67482,0.0,0.0,En agglomération,Hors intersection,3.0,Plein jour,Normale,4,Bidirectionnelle,2.0,Plat,1.0,0.0,45.0,Normale,0.0,Sur chaussée,Blessé léger,Masculin,7.0,Promenade - loisirs,3,9,0.0,2.0,1.0,19.0,201400033377A01,7,1,1.0,Cohérente,Non cohérentes
2309,201400033380,2014-07-28,2014,juillet,lundi,17:00,67,67482,0.0,0.0,En agglomération,Hors intersection,3.0,Plein jour,Normale,4,A sens unique,1.0,Plat,1.0,70.0,25.0,Normale,0.0,Sur chaussée,Blessé léger,Masculin,12.0,Promenade - loisirs,3,9,0.0,2.0,1.0,1.0,201400033380B01,7,1,1.0,Cohérente,Non cohérentes
2310,201400033381,2014-07-29,2014,juillet,mardi,10:50,67,67482,0.0,0.0,En agglomération,Hors intersection,3.0,Plein jour,Pluie forte,4,A sens unique,3.0,Plat,1.0,0.0,90.0,Mouillée,0.0,Sur chaussée,Blessé léger,Masculin,68.0,Promenade - loisirs,3,9,0.0,2.0,1.0,1.0,201400033381A01,7,1,1.0,Cohérente,Non cohérentes
2311,201400033382,2014-07-31,2014,juillet,jeudi,75:0,67,67482,0.0,0.0,En agglomération,Intersection en T,3.0,Plein jour,Normale,4,Bidirectionnelle,2.0,Plat,1.0,20.0,45.0,Normale,0.0,Sur chaussée,Blessé léger,Féminin,33.0,Domicile - travail,3,9,0.0,2.0,1.0,1.0,201400033382B01,7,16,1.0,Non cohérente,Non cohérentes
2312,201400033390,2014-08-04,2014,août,lundi,15:53,67,67482,0.0,0.0,En agglomération,Intersection en X,3.0,Plein jour,Normale,4,Bidirectionnelle,2.0,Plat,1.0,0.0,60.0,Normale,0.0,Sur chaussée,Blessé léger,Masculin,67.0,Promenade - loisirs,3,9,0.0,2.0,4.0,1.0,201400033390B01,40,1,1.0,Cohérente,Non cohérentes
2313,201400033394,2014-08-11,2014,août,lundi,14:00,67,67482,0.0,0.0,En agglomération,Hors intersection,2.0,Plein jour,Normale,4,Bidirectionnelle,2.0,Plat,1.0,0.0,80.0,Normale,0.0,Sur chaussée,Blessé léger,Masculin,31.0,Promenade - loisirs,3,9,0.0,2.0,1.0,1.0,201400033394A01,7,1,1.0,Cohérente,Non cohérentes
2314,201400033398,2014-08-16,2014,août,samedi,11:20,67,67482,0.0,0.0,En agglomération,Intersection en X,6.0,Plein jour,Normale,4,Bidirectionnelle,2.0,Plat,1.0,0.0,60.0,Normale,0.0,Sur piste cyclable,Blessé léger,Masculin,76.0,Promenade - loisirs,1,4,0.0,2.0,1.0,1.0,201400033398B01,7,15,1.0,Cohérente,Non cohérentes
2315,201400033399,2014-08-19,2014,août,mardi,13:10,67,67482,0.0,0.0,En agglomération,Intersection en T,3.0,Plein jour,Normale,4,Bidirectionnelle,4.0,Plat,1.0,0.0,140.0,Normale,0.0,Sur chaussée,Blessé léger,Masculin,78.0,Promenade - loisirs,1,4,0.0,2.0,7.0,19.0,201400033399A01,10,1,1.0,Cohérente,Non cohérentes
2316,201400033410,2014-09-04,2014,septembre,jeudi,18:55,67,67482,0.0,0.0,En agglomération,Hors intersection,3.0,Plein jour,Normale,4,Bidirectionnelle,2.0,Plat,1.0,0.0,84.0,Normale,0.0,Sur piste cyclable,Blessé léger,Masculin,10.0,Non renseigné,3,9,0.0,2.0,1.0,5.0,201400033410A01,37,7,1.0,Cohérente,Non cohérentes
2317,201400033412,2014-09-08,2014,septembre,lundi,35:,67,67482,0.0,0.0,En agglomération,Intersection en T,3.0,Nuit avec éclairage public allumé,Normale,4,Bidirectionnelle,2.0,Plat,1.0,0.0,105.0,Normale,0.0,Sur chaussée,Blessé léger,Masculin,24.0,Promenade - loisirs,3,9,0.0,2.0,1.0,19.0,201400033412B01,7,15,1.0,Non cohérente,Non cohérentes
2318,201400033413,2014-09-08,2014,septembre,lundi,10:45,67,67482,0.0,0.0,En agglomération,Hors intersection,3.0,Plein jour,Temps éblouissant,3,Bidirectionnelle,1.0,Plat,1.0,0.0,60.0,Normale,0.0,Sur chaussée,Blessé léger,Masculin,48.0,Autre,1,4,0.0,2.0,1.0,1.0,201400033413B01,7,20,1.0,Cohérente,Non cohérentes
2319,201400033414,2014-09-08,2014,septembre,lundi,18:45,67,67482,0.0,0.0,En agglomération,Intersection en X,3.0,Plein jour,Normale,4,A chaussées séparées,4.0,Plat,1.0,20.0,60.0,Normale,0.0,Aucun,Blessé léger,Féminin,28.0,Domicile - travail,3,9,0.0,2.0,1.0,19.0,201400033414A01,7,1,1.0,Cohérente,Non cohérentes
2320,201400033416,2014-09-11,2014,septembre,jeudi,84:5,67,67482,0.0,0.0,En agglomération,Intersection en T,3.0,Plein jour,Normale,4,Bidirectionnelle,4.0,Plat,1.0,15.0,150.0,Normale,0.0,Sur trottoir,Blessé léger,Féminin,72.0,Autre,2,4,0.0,2.0,4.0,1.0,201400033416A01,1,15,1.0,Non cohérente,Non cohérentes
2321,201400033416,2014-09-11,2014,septembre,jeudi,84:5,67,67482,0.0,0.0,En agglomération,Intersection en T,3.0,Plein jour,Normale,4,Bidirectionnelle,4.0,Plat,1.0,15.0,150.0,Normale,0.0,Sur trottoir,Indemne,Féminin,22.0,Utilisation professionnelle,2,4,0.0,2.0,1.0,15.0,201400033416B01,1,1,1.0,Non cohérente,Non cohérentes
2322,201400033417,2014-09-12,2014,septembre,vendredi,11:20,67,67482,0.0,0.0,En agglomération,Intersection en X,3.0,Plein jour,Pluie légère,4,A sens unique,4.0,Plat,1.0,0.0,125.0,Normale,5.0,Sur chaussée,Blessé léger,Masculin,15.0,Autre,3,4,0.0,2.0,1.0,19.0,201400033417A01,7,16,1.0,Cohérente,Non cohérentes
2323,201400033422,2014-09-19,2014,septembre,vendredi,10:35,67,67482,0.0,0.0,En agglomération,Intersection en X,3.0,Plein jour,Normale,4,Bidirectionnelle,2.0,Plat,1.0,0.0,75.0,Normale,0.0,Sur chaussée,Blessé léger,Masculin,25.0,Promenade - loisirs,3,9,0.0,2.0,1.0,1.0,201400033422B01,7,16,1.0,Cohérente,Non cohérentes
2324,201400033423,2014-09-19,2014,septembre,vendredi,10:00,67,67482,0.0,0.0,En agglomération,Intersection en X,3.0,Plein jour,Normale,3,Bidirectionnelle,2.0,Plat,1.0,0.0,92.0,Normale,0.0,Sur chaussée,Blessé léger,Masculin,24.0,Promenade - loisirs,3,9,0.0,2.0,7.0,1.0,201400033423A01,7,1,1.0,Cohérente,Non cohérentes
2325,201400033446,2014-10-15,2014,octobre,mercredi,19:30,67,67482,0.0,0.0,En agglomération,Intersection en T,3.0,Nuit avec éclairage public allumé,Pluie légère,4,A sens unique,1.0,Plat,1.0,0.0,60.0,Mouillée,0.0,Sur chaussée,Blessé léger,Féminin,24.0,Non renseigné,1,4,0.0,2.0,1.0,1.0,201400033446A01,7,15,1.0,Cohérente,Non cohérentes
2326,201400033450,2014-10-21,2014,octobre,mardi,75:9,67,67482,0.0,0.0,En agglomération,Hors intersection,6.0,Plein jour,Normale,4,Bidirectionnelle,2.0,Plat,1.0,0.0,50.0,Normale,0.0,Sur trottoir,Indemne,Masculin,36.0,Utilisation professionnelle,1,4,0.0,1.0,1.0,1.0,201400033450A01,,,,Non cohérente,Non cohérentes
2327,201400033453,2014-10-25,2014,octobre,samedi,22:15,67,67482,0.0,0.0,En agglomération,Intersection en T,6.0,Nuit avec éclairage public allumé,Normale,4,Bidirectionnelle,2.0,Plat,1.0,0.0,98.0,Normale,0.0,Sur piste cyclable,Blessé léger,Masculin,35.0,Domicile - travail,1,4,0.0,2.0,1.0,1.0,201400033453A01,7,15,1.0,Cohérente,Non cohérentes
2328,201400033454,2014-10-28,2014,octobre,mardi,93:5,67,67482,0.0,0.0,En agglomération,Intersection en Y,6.0,Plein jour,Normale,4,Bidirectionnelle,2.0,Plat,1.0,22.0,117.0,Normale,0.0,Sur chaussée,Tué,Féminin,90.0,Promenade - loisirs,1,4,0.0,2.0,1.0,15.0,201400033454A01,14,16,1.0,Non cohérente,Non cohérentes
2329,201400033460,2014-11-03,2014,novembre,lundi,16:20,67,67482,0.0,0.0,En agglomération,Intersection en T,6.0,Plein jour,Pluie légère,4,A sens unique,1.0,Plat,1.0,0.0,60.0,Mouillée,0.0,Sur chaussée,Blessé léger,Masculin,34.0,Domicile - travail,1,4,0.0,2.0,1.0,15.0,201400033460B01,7,1,1.0,Cohérente,Non cohérentes
2330,201400033461,2014-11-03,2014,novembre,lundi,19:18,67,67482,0.0,0.0,En agglomération,Intersection en X,6.0,Nuit avec éclairage public allumé,Normale,4,Bidirectionnelle,2.0,Non renseigné,1.0,0.0,50.0,Normale,0.0,Sur chaussée,Blessé léger,Féminin,21.0,Non renseigné,3,4,0.0,2.0,3.0,1.0,201400033461A01,40,1,1.0,Cohérente,Non cohérentes
2331,201400033466,2014-11-07,2014,novembre,vendredi,15:30,67,67482,0.0,0.0,En agglomération,Hors intersection,6.0,Plein jour,Pluie légère,4,Bidirectionnelle,1.0,Plat,1.0,0.0,120.0,Mouillée,0.0,Sur chaussée,Blessé léger,Féminin,19.0,Courses - achats,3,9,0.0,2.0,2.0,1.0,201400033466B01,7,1,1.0,Cohérente,Non cohérentes
2332,201400033470,2014-11-12,2014,novembre,mercredi,17:08,67,67482,0.0,0.0,En agglomération,Hors intersection,3.0,Nuit avec éclairage public allumé,Pluie légère,4,Bidirectionnelle,2.0,Plat,1.0,0.0,80.0,Normale,0.0,Sur chaussée,Blessé léger,Féminin,56.0,Domicile - travail,3,9,0.0,2.0,7.0,1.0,201400033470B01,7,9,1.0,Cohérente,Non cohérentes
2333,201400033479,2014-11-15,2014,novembre,samedi,16:45,67,67482,0.0,0.0,En agglomération,Hors intersection,3.0,Nuit avec éclairage public allumé,Pluie forte,4,Bidirectionnelle,2.0,Pente,1.0,0.0,90.0,Mouillée,0.0,Sur chaussée,Blessé léger,Féminin,48.0,Promenade - loisirs,1,4,0.0,2.0,7.0,1.0,201400033479B01,7,16,1.0,Cohérente,Non cohérentes
2334,201400033484,2014-11-19,2014,novembre,mercredi,11:50,67,67482,0.0,0.0,En agglomération,Intersection en T,6.0,Plein jour,Normale,4,Non renseigné,0.0,Plat,1.0,0.0,0.0,Normale,6.0,Aucun,Blessé léger,Féminin,25.0,Non renseigné,1,4,0.0,2.0,1.0,1.0,201400033484A01,7,1,1.0,Cohérente,Non cohérentes
2335,201400033485,2014-11-19,2014,novembre,mercredi,12:10,67,67482,0.0,0.0,En agglomération,Hors intersection,6.0,Plein jour,Normale,4,A chaussées séparées,2.0,Plat,-1.0,0.0,47.0,Normale,0.0,Sur chaussée,Blessé léger,Féminin,57.0,Promenade - loisirs,3,9,0.0,2.0,1.0,1.0,201400033485B01,7,10,1.0,Cohérente,Non cohérentes
2336,201400033487,2014-11-20,2014,novembre,jeudi,83:5,67,67482,0.0,0.0,Hors agglomération,Intersection en T,6.0,Plein jour,Normale,4,Bidirectionnelle,3.0,Plat,1.0,10.0,100.0,Normale,0.0,Sur chaussée,Blessé léger,Féminin,66.0,Promenade - loisirs,1,4,0.0,2.0,0.0,19.0,201400033487A01,7,1,2.0,Non cohérente,Non cohérentes
2337,201400033491,2014-11-26,2014,novembre,mercredi,75:6,67,67482,0.0,0.0,En agglomération,Hors intersection,6.0,Plein jour,Normale,3,Bidirectionnelle,4.0,Bas de côte,1.0,0.0,110.0,Normale,0.0,Sur chaussée,Blessé léger,Féminin,23.0,Domicile - travail,2,4,0.0,2.0,1.0,15.0,201400033491B01,10,1,1.0,Non cohérente,Non cohérentes
2338,201400033508,2014-12-11,2014,décembre,jeudi,72:0,67,67482,0.0,0.0,En agglomération,Intersection en X,3.0,Nuit avec éclairage public allumé,Pluie légère,4,A chaussées séparées,2.0,Plat,1.0,0.0,110.0,Mouillée,0.0,Sur chaussée,Blessé léger,Masculin,16.0,Autre,1,4,0.0,2.0,7.0,19.0,201400033508A01,7,1,1.0,Non cohérente,Non cohérentes
2339,201400033511,2014-12-15,2014,décembre,lundi,16:15,67,67482,0.0,0.0,En agglomération,Hors intersection,3.0,Plein jour,Normale,4,Bidirectionnelle,3.0,Plat,1.0,0.0,140.0,Normale,0.0,Sur chaussée,Blessé léger,Féminin,43.0,Non renseigné,1,4,0.0,2.0,1.0,9.0,201400033511A01,37,1,1.0,Cohérente,Non cohérentes
2340,201400033513,2014-12-15,2014,décembre,lundi,19:00,67,67482,0.0,0.0,En agglomération,Hors intersection,3.0,Nuit avec éclairage public allumé,Normale,4,Bidirectionnelle,2.0,Plat,1.0,0.0,60.0,Normale,0.0,Sur chaussée,Blessé léger,Féminin,25.0,Non renseigné,1,4,0.0,2.0,1.0,19.0,201400033513B01,7,1,1.0,Cohérente,Non cohérentes
2341,201400033521,2014-12-18,2014,décembre,jeudi,18:35,67,67482,0.0,0.0,En agglomération,Hors intersection,3.0,Nuit avec éclairage public allumé,Normale,4,Bidirectionnelle,2.0,Plat,1.0,0.0,120.0,Mouillée,0.0,Sur chaussée,Blessé léger,Masculin,21.0,Promenade - loisirs,3,9,0.0,2.0,1.0,19.0,201400033521B01,7,17,1.0,Cohérente,Non cohérentes
2342,201400033526,2014-12-23,2014,décembre,mardi,10:33,67,67482,0.0,0.0,En agglomération,Intersection en X,3.0,Plein jour,Normale,4,Bidirectionnelle,2.0,Plat,1.0,0.0,0.0,Normale,0.0,Sur chaussée,Blessé léger,Masculin,28.0,Non renseigné,1,4,0.0,2.0,1.0,1.0,201400033526A01,37,1,1.0,Cohérente,Non cohérentes
2343,201400033527,2014-12-24,2014,décembre,mercredi,14:40,67,67482,0.0,0.0,En agglomération,Intersection en T,3.0,Plein jour,Normale,4,Bidirectionnelle,2.0,Plat,1.0,0.0,130.0,Normale,0.0,Sur chaussée,Blessé léger,Masculin,84.0,Non renseigné,1,4,0.0,2.0,1.0,1.0,201400033527A01,7,1,1.0,Cohérente,Non cohérentes
2344,201400034577,2014-01-24,2014,janvier,vendredi,22:20,74,74010,0.0,0.0,En agglomération,Giratoire,2.0,Nuit avec éclairage public allumé,Normale,4,Bidirectionnelle,2.0,Plat,3.0,0.0,80.0,Normale,0.0,Sur chaussée,Blessé léger,Masculin,30.0,Autre,3,9,0.0,2.0,4.0,1.0,201400034577A01,7,9,1.0,Cohérente,Non cohérentes
2345,201400034586,2014-03-11,2014,mars,mardi,16:10,74,74010,0.0,0.0,En agglomération,Giratoire,6.0,Plein jour,Normale,3,A chaussées séparées,4.0,Plat,3.0,50.0,150.0,Normale,5.0,Sur chaussée,Blessé hospitalisé,Masculin,47.0,Promenade - loisirs,3,9,0.0,2.0,1.0,1.0,201400034586B01,7,1,1.0,Cohérente,Non cohérentes
2346,201400034593,2014-04-24,2014,avril,jeudi,17:25,74,74010,0.0,0.0,En agglomération,Hors intersection,6.0,Plein jour,Normale,3,Bidirectionnelle,4.0,Plat,1.0,0.0,60.0,Normale,0.0,Sur piste cyclable,Blessé léger,Masculin,75.0,Autre,2,9,1.0,0.0,1.0,1.0,201400034593B01,7,22,1.0,Cohérente,Non cohérentes
2347,201400034621,2014-11-21,2014,novembre,vendredi,18:25,74,74010,0.0,0.0,En agglomération,Intersection en T,3.0,Nuit avec éclairage public allumé,Normale,4,A sens unique,2.0,Plat,1.0,0.0,90.0,Normale,0.0,Aucun,Blessé hospitalisé,Féminin,49.0,Non renseigné,2,4,0.0,2.0,7.0,19.0,201400034621B01,7,1,1.0,Cohérente,Non cohérentes
2348,201500023235,2015-03-17,2015,mars,mardi,12:45,33,33063,44.857,-0.61992,En agglomération,Intersection en X,3.0,Plein jour,Normale,4,Non renseigné,2.0,Plat,1.0,0.0,0.0,Normale,5.0,Aucun,Blessé léger,Masculin,61.0,Promenade - loisirs,3,8,0.0,2.0,3.0,1.0,201500023235A01,10,16,1.0,Cohérente,Non cohérentes
2349,201500023247,2015-03-23,2015,mars,lundi,75:5,33,33063,44.8283,-0.56223,En agglomération,Hors intersection,3.0,Plein jour,Normale,4,Bidirectionnelle,2.0,Plat,1.0,0.0,0.0,Normale,0.0,Sur chaussée,Blessé hospitalisé,Féminin,40.0,Non renseigné,3,9,0.0,2.0,1.0,1.0,201500023247B01,10,24,1.0,Non cohérente,Non cohérentes
2350,201500023271,2015-03-27,2015,mars,vendredi,15:40,33,33063,44.8421,-0.59418,En agglomération,Intersection en X,3.0,Plein jour,Normale,4,A sens unique,2.0,Plat,1.0,0.0,0.0,Normale,0.0,Sur chaussée,Blessé léger,Masculin,28.0,Non renseigné,3,9,0.0,2.0,1.0,1.0,201500023271B01,7,16,1.0,Cohérente,Non cohérentes
2351,201500023279,2015-04-01,2015,avril,mercredi,22:15,33,33063,44.8399,-0.57418,En agglomération,Hors intersection,6.0,Nuit avec éclairage public allumé,Normale,4,Bidirectionnelle,1.0,Plat,1.0,0.0,0.0,Normale,6.0,Sur chaussée,Indemne,Masculin,28.0,Non renseigné,3,9,0.0,1.0,1.0,1.0,201500023279A01,,,,Cohérente,Non cohérentes
2352,201500023285,2015-04-02,2015,avril,jeudi,16:20,33,33063,44.8653,-0.5773,En agglomération,Hors intersection,6.0,Plein jour,Normale,4,A chaussées séparées,7.0,Plat,1.0,0.0,0.0,Normale,0.0,Sur chaussée,Blessé léger,Masculin,15.0,Non renseigné,3,9,0.0,2.0,1.0,1.0,201500023285B01,7,23,1.0,Cohérente,Non cohérentes
2353,201500023286,2015-04-04,2015,avril,samedi,13:0,33,33063,44.8363,-0.56606,En agglomération,Intersection en X,3.0,Nuit avec éclairage public allumé,Pluie légère,4,A chaussées séparées,2.0,Plat,1.0,0.0,37.0,Mouillée,0.0,Sur chaussée,Blessé léger,Masculin,34.0,Promenade - loisirs,2,2,0.0,2.0,2.0,1.0,201500023286A01,7,1,1.0,Cohérente,Non cohérentes
2354,201500023290,2015-04-03,2015,avril,vendredi,20:20,33,33063,44.85047,-0.57203,En agglomération,Intersection en T,3.0,Nuit avec éclairage public allumé,Pluie légère,4,A sens unique,1.0,Plat,1.0,0.0,0.0,Mouillée,0.0,Sur chaussée,Blessé léger,Masculin,28.0,Promenade - loisirs,3,9,0.0,2.0,3.0,16.0,201500023290B01,7,1,1.0,Cohérente,Non cohérentes
2355,201500023292,2015-04-03,2015,avril,vendredi,1:,33,33063,44.8381,-0.58289,En agglomération,Hors intersection,6.0,Nuit avec éclairage public allumé,Normale,4,Bidirectionnelle,4.0,Plat,3.0,0.0,66.0,Normale,4.0,Sur chaussée,Blessé hospitalisé,Masculin,21.0,Non renseigné,3,9,8.0,0.0,1.0,1.0,201500023292A01,,,,Non cohérente,Non cohérentes
2356,201500023305,2015-04-11,2015,avril,samedi,18:34,33,33063,44.84416,-0.58889,En agglomération,Intersection en X,3.0,Plein jour,Normale,4,A sens unique,2.0,Plat,1.0,0.0,30.0,Normale,0.0,Sur chaussée,Blessé léger,Masculin,28.0,Promenade - loisirs,3,9,0.0,2.0,4.0,1.0,201500023305A01,7,1,1.0,Cohérente,Non cohérentes
2357,201500023306,2015-04-11,2015,avril,samedi,23:5,33,33063,44.8298,-0.56803,En agglomération,Intersection en X,3.0,Nuit avec éclairage public allumé,Normale,4,Bidirectionnelle,3.0,Plat,1.0,0.0,0.0,Normale,0.0,Sur chaussée,Blessé hospitalisé,Féminin,33.0,Non renseigné,3,2,0.0,2.0,1.0,1.0,201500023306A01,7,1,1.0,Cohérente,Non cohérentes
2358,201500023307,2015-04-10,2015,avril,vendredi,21:10,33,33063,44.84208,-0.59417,En agglomération,Intersection à plus de 4 branches,3.0,Crépuscule ou aube,Normale,4,A sens unique,2.0,Plat,1.0,0.0,45.0,Normale,0.0,Sur chaussée,Blessé léger,Masculin,20.0,Non renseigné,3,2,0.0,2.0,7.0,1.0,201500023307A01,7,1,1.0,Cohérente,Non cohérentes
2359,201500023323,2015-04-13,2015,avril,lundi,11:30,33,33063,44.8244,-0.59108,En agglomération,Hors intersection,3.0,Plein jour,Normale,4,Bidirectionnelle,2.0,Plat,1.0,0.0,0.0,Normale,0.0,Sur chaussée,Blessé léger,Masculin,26.0,Promenade - loisirs,3,2,1.0,0.0,1.0,1.0,201500023323B01,7,22,1.0,Cohérente,Non cohérentes
2360,201500023331,2015-04-14,2015,avril,mardi,15:40,33,33063,44.8323,-0.57941,En agglomération,Intersection en T,3.0,Plein jour,Normale,4,Bidirectionnelle,4.0,Pente,1.0,0.0,0.0,Normale,0.0,Sur chaussée,Blessé hospitalisé,Féminin,58.0,Utilisation professionnelle,3,2,0.0,2.0,3.0,15.0,201500023331B01,14,15,1.0,Cohérente,Non cohérentes
2361,201500023332,2015-04-16,2015,avril,jeudi,14:20,33,33063,44.8628,-0.58365,En agglomération,Hors intersection,3.0,Plein jour,Normale,4,A sens unique,6.0,Plat,1.0,0.0,80.0,Normale,0.0,Sur chaussée,Blessé hospitalisé,Féminin,37.0,Utilisation professionnelle,2,2,0.0,2.0,8.0,1.0,201500023332B01,10,16,1.0,Cohérente,Non cohérentes
2362,201500023343,2015-04-15,2015,avril,mercredi,83:0,33,33063,44.8575,-0.62112,En agglomération,Hors intersection,3.0,Plein jour,Normale,4,Bidirectionnelle,4.0,Plat,1.0,0.0,0.0,Normale,0.0,Sur chaussée,Blessé léger,Masculin,17.0,Non renseigné,3,9,0.0,0.0,0.0,1.0,201500023343A01,7,15,1.0,Non cohérente,Non cohérentes
2363,201500023345,2015-04-17,2015,avril,vendredi,14:45,33,33063,44.8455,-0.59408,En agglomération,Hors intersection,3.0,Plein jour,Normale,4,A sens unique,1.0,Plat,1.0,0.0,78.0,Normale,0.0,Sur chaussée,Blessé hospitalisé,Masculin,16.0,Non renseigné,3,9,0.0,0.0,0.0,0.0,201500023345B01,7,1,1.0,Cohérente,Non cohérentes
2364,201500023346,2015-04-18,2015,avril,samedi,21:00,33,33063,44.8275,-0.57584,En agglomération,Intersection en X,3.0,Crépuscule ou aube,Pluie forte,4,Bidirectionnelle,3.0,Plat,1.0,0.0,91.0,Mouillée,4.0,Sur chaussée,Blessé hospitalisé,Masculin,28.0,Autre,3,8,0.0,2.0,1.0,1.0,201500023346A01,7,1,1.0,Cohérente,Non cohérentes
2365,201500023350,2015-04-20,2015,avril,lundi,15:00,33,33063,44.8491,-0.54521,En agglomération,Intersection en T,3.0,Plein jour,Normale,4,A chaussées séparées,9.0,Plat,1.0,0.0,0.0,Normale,0.0,Sur chaussée,Blessé léger,Masculin,17.0,Autre,3,3,0.0,2.0,1.0,1.0,201500023350B01,7,5,1.0,Cohérente,Non cohérentes