,Num_Acc,date,an,mois,jour,hrmn,dep,com,lat,long,agg,int,col,lum,atm,catr,circ,nbv,prof,plan,lartpc,larrout,surf,infra,situ,grav,sexe,age,trajet,secuexist,equipement,obs,obsm,choc,manv,vehiculeid,typevehicules,manoeuvehicules,numVehicules,statut_heure,statut_coord
2366,201500023355,2015-04-23,2015,avril,jeudi,15:05,33,33063,44.8276,-0.60191,En agglomération,Hors intersection,3.0,Plein jour,Temps couvert,4,Bidirectionnelle,4.0,Plat,1.0,0.0,70.0,Normale,0.0,Sur chaussée,Blessé hospitalisé,Féminin,49.0,Non renseigné,3,9,0.0,2.0,1.0,21.0,201500023355A01,7,1,1.0,Cohérente,Non cohérentes
2367,201500023357,2015-04-22,2015,avril,mercredi,80:5,33,33063,44.8171,-0.56873,En agglomération,Intersection en T,1.0,Plein jour,Normale,4,A sens unique,1.0,Plat,1.0,0.0,0.0,Normale,0.0,Sur chaussée,Blessé hospitalisé,Masculin,55.0,Domicile - travail,3,9,0.0,2.0,1.0,15.0,201500023357B01,1,5,1.0,Non cohérente,Non cohérentes
2368,201500023357,2015-04-22,2015,avril,mercredi,80:5,33,33063,44.8171,-0.56873,En agglomération,Intersection en T,1.0,Plein jour,Normale,4,A sens unique,1.0,Plat,1.0,0.0,0.0,Normale,0.0,Sur chaussée,Blessé léger,Masculin,35.0,Promenade - loisirs,3,2,0.0,2.0,1.0,5.0,201500023357A01,1,15,1.0,Non cohérente,Non cohérentes
2369,201500023373,2015-04-26,2015,avril,dimanche,10:25,33,33063,44.8315,-0.5586,En agglomération,Intersection en X,3.0,Plein jour,Pluie légère,4,A sens unique,4.0,Plat,1.0,0.0,0.0,Mouillée,0.0,Sur chaussée,Blessé hospitalisé,Masculin,91.0,Non renseigné,3,9,0.0,2.0,1.0,1.0,201500023373A01,7,1,1.0,Cohérente,Non cohérentes
2370,201500023381,2015-05-05,2015,mai,mardi,75:5,33,33063,44.8339,-0.57708,En agglomération,Hors intersection,3.0,Plein jour,Vent fort - tempête,4,A sens unique,1.0,Plat,1.0,0.0,30.0,Normale,0.0,Sur chaussée,Blessé léger,Masculin,53.0,Non renseigné,1,9,1.0,0.0,1.0,1.0,201500023381B01,7,22,1.0,Non cohérente,Non cohérentes
2371,201500023401,2015-05-13,2015,mai,mercredi,16:20,33,33063,44.8421,-0.60287,En agglomération,Intersection en X,3.0,Plein jour,Normale,4,A sens unique,3.0,Plat,1.0,0.0,0.0,Normale,0.0,Sur chaussée,Blessé léger,Féminin,47.0,Promenade - loisirs,3,9,0.0,2.0,1.0,1.0,201500023401A01,7,16,1.0,Cohérente,Non cohérentes
2372,201500023404,2015-05-14,2015,mai,jeudi,30:,33,33063,44.8553,-0.60062,En agglomération,Hors intersection,6.0,Nuit avec éclairage public allumé,Normale,4,Bidirectionnelle,2.0,Plat,1.0,0.0,0.0,Normale,0.0,Sur chaussée,Blessé léger,Masculin,17.0,Non renseigné,3,9,0.0,2.0,1.0,1.0,201500023404A01,7,0,1.0,Non cohérente,Non cohérentes
2373,201500023416,2015-05-18,2015,mai,lundi,55:0,33,33063,44.861,-0.56917,En agglomération,Hors intersection,2.0,Crépuscule ou aube,Normale,4,A sens unique,1.0,Plat,1.0,0.0,98.0,Normale,0.0,Sur chaussée,Blessé léger,Féminin,26.0,Domicile - travail,1,4,0.0,0.0,4.0,1.0,201500023416B01,7,1,1.0,Non cohérente,Non cohérentes
2374,201500023417,2015-05-18,2015,mai,lundi,18:15,33,33063,44.8483,-0.57051,En agglomération,Hors intersection,1.0,Plein jour,Normale,4,Bidirectionnelle,2.0,Plat,1.0,0.0,0.0,Normale,0.0,Sur piste cyclable,Blessé léger,Masculin,34.0,Non renseigné,1,9,0.0,2.0,0.0,1.0,201500023417B01,1,1,1.0,Cohérente,Non cohérentes
2375,201500023417,2015-05-18,2015,mai,lundi,18:15,33,33063,44.8483,-0.57051,En agglomération,Hors intersection,1.0,Plein jour,Normale,4,Bidirectionnelle,2.0,Plat,1.0,0.0,0.0,Normale,0.0,Sur piste cyclable,Blessé léger,Masculin,26.0,Non renseigné,1,9,0.0,2.0,0.0,1.0,201500023417A01,1,1,1.0,Cohérente,Non cohérentes
2376,201500023423,2015-05-19,2015,mai,mardi,17:35,33,33063,44.8423,-0.58574,En agglomération,Intersection en T,2.0,Plein jour,Normale,4,A sens unique,1.0,Plat,1.0,0.0,0.0,Normale,0.0,Aucun,Blessé léger,Masculin,32.0,Autre,1,4,0.0,2.0,1.0,2.0,201500023423A01,7,15,1.0,Cohérente,Non cohérentes
2377,201500023428,2015-05-20,2015,mai,mercredi,91:5,33,33063,44.86,-0.56456,En agglomération,Intersection en T,1.0,Plein jour,Normale,4,A sens unique,1.0,Plat,1.0,0.0,0.0,Normale,0.0,Sur chaussée,Blessé léger,Féminin,50.0,Non renseigné,3,9,0.0,2.0,1.0,8.0,201500023428A01,7,16,1.0,Non cohérente,Non cohérentes
2378,201500023429,2015-05-23,2015,mai,samedi,35:,33,33063,44.8415,-0.56945,En agglomération,Hors intersection,3.0,Nuit avec éclairage public allumé,Normale,4,Bidirectionnelle,6.0,Plat,1.0,0.0,155.0,Normale,0.0,Sur chaussée,Blessé léger,Masculin,23.0,Promenade - loisirs,3,9,0.0,2.0,1.0,1.0,201500023429A01,7,1,1.0,Non cohérente,Non cohérentes
2379,201500023442,2015-05-26,2015,mai,mardi,16:35,33,33063,44.822,-0.57654,En agglomération,Intersection en X,3.0,Plein jour,Normale,4,A sens unique,1.0,Plat,1.0,0.0,0.0,Normale,0.0,Sur chaussée,Blessé léger,Féminin,15.0,Non renseigné,3,9,0.0,2.0,1.0,1.0,201500023442A01,7,1,1.0,Cohérente,Non cohérentes
2380,201500023447,2015-05-28,2015,mai,jeudi,19:15,33,33063,44.8307,-0.60128,En agglomération,Hors intersection,1.0,Plein jour,Normale,4,Bidirectionnelle,2.0,Pente,1.0,0.0,70.0,Normale,4.0,Sur chaussée,Blessé léger,Masculin,29.0,Promenade - loisirs,3,8,0.0,2.0,1.0,1.0,201500023447B01,1,1,1.0,Cohérente,Non cohérentes
2381,201500023447,2015-05-28,2015,mai,jeudi,19:15,33,33063,44.8307,-0.60128,En agglomération,Hors intersection,1.0,Plein jour,Normale,4,Bidirectionnelle,2.0,Pente,1.0,0.0,70.0,Normale,4.0,Sur chaussée,Blessé léger,Masculin,24.0,Promenade - loisirs,3,8,0.0,2.0,1.0,1.0,201500023447A01,1,1,1.0,Cohérente,Non cohérentes
2382,201500023448,2015-05-27,2015,mai,mercredi,10:05,33,33063,44.8617,-0.57086,En agglomération,Hors intersection,3.0,Plein jour,Normale,4,Bidirectionnelle,4.0,Plat,1.0,0.0,0.0,Normale,0.0,Sur chaussée,Blessé léger,Masculin,46.0,Non renseigné,3,9,0.0,2.0,8.0,1.0,201500023448A01,2,16,1.0,Cohérente,Non cohérentes
2383,201500023450,2015-05-27,2015,mai,mercredi,70:0,33,33063,44.8569,-0.56884,En agglomération,Intersection en T,3.0,Plein jour,Normale,4,A chaussées séparées,1.0,Plat,1.0,0.0,0.0,Normale,0.0,Aucun,Blessé léger,Féminin,39.0,Domicile - travail,3,9,0.0,2.0,1.0,5.0,201500023450A01,7,16,1.0,Non cohérente,Non cohérentes
2384,201500023453,2015-05-28,2015,mai,jeudi,81:0,33,33063,44.8404,-0.59642,En agglomération,Intersection en X,3.0,Plein jour,Normale,4,A sens unique,1.0,Plat,1.0,0.0,0.0,Normale,0.0,Sur chaussée,Blessé hospitalisé,Féminin,41.0,Non renseigné,3,9,0.0,2.0,1.0,1.0,201500023453B01,7,15,1.0,Non cohérente,Non cohérentes
2385,201500023454,2015-05-27,2015,mai,mercredi,15:15,33,33063,44.8292,-0.56831,En agglomération,Intersection en X,3.0,Plein jour,Normale,4,Bidirectionnelle,2.0,Plat,1.0,0.0,110.0,Normale,0.0,Sur chaussée,Blessé hospitalisé,Féminin,31.0,Non renseigné,3,9,0.0,2.0,0.0,1.0,201500023454B01,7,1,1.0,Cohérente,Non cohérentes
2386,201500023485,2015-06-04,2015,juin,jeudi,13:55,33,33063,44.854,-0.59282,En agglomération,Hors intersection,2.0,Plein jour,Normale,4,Bidirectionnelle,2.0,Pente,-1.0,0.0,0.0,Normale,0.0,Sur chaussée,Blessé léger,Féminin,54.0,Non renseigné,3,2,0.0,0.0,1.0,1.0,201500023485B01,7,20,1.0,Cohérente,Non cohérentes
2387,201500023496,2015-06-09,2015,juin,mardi,13:45,33,33063,44.8267,-0.55776,En agglomération,Hors intersection,3.0,Plein jour,Normale,4,Bidirectionnelle,5.0,Plat,1.0,0.0,0.0,Normale,0.0,Sur chaussée,Blessé léger,Féminin,21.0,Promenade - loisirs,3,9,0.0,2.0,1.0,5.0,201500023496A01,7,16,1.0,Cohérente,Non cohérentes
2388,201500023511,2015-06-12,2015,juin,vendredi,21:09,33,33063,44.8289,-0.56842,En agglomération,Intersection en T,3.0,Plein jour,Normale,4,A sens unique,1.0,Plat,1.0,0.0,0.0,Normale,0.0,Sur chaussée,Blessé léger,Masculin,21.0,Non renseigné,3,9,0.0,2.0,1.0,1.0,201500023511B01,10,9,1.0,Cohérente,Non cohérentes
2389,201500023522,2015-06-10,2015,juin,mercredi,19:08,33,33063,44.8589,-0.55676,En agglomération,Intersection en T,3.0,Plein jour,Normale,4,Bidirectionnelle,6.0,Plat,1.0,0.0,0.0,Normale,0.0,Sur chaussée,Blessé léger,Masculin,17.0,Promenade - loisirs,3,2,0.0,4.0,1.0,15.0,201500023522A01,40,1,1.0,Cohérente,Non cohérentes
2390,201500023530,2015-06-17,2015,juin,mercredi,21:10,33,33063,44.84004,-0.56893,En agglomération,Intersection en X,7.0,Plein jour,Normale,4,A chaussées séparées,7.0,Plat,1.0,0.0,0.0,Normale,0.0,Sur chaussée,Blessé léger,Masculin,41.0,Domicile - travail,1,9,9.0,0.0,7.0,1.0,201500023530A01,,,,Cohérente,Non cohérentes
2391,201500023532,2015-06-20,2015,juin,samedi,90:8,33,33063,44.8139,-0.57298,En agglomération,Intersection en T,6.0,Plein jour,Normale,4,A sens unique,1.0,Plat,1.0,0.0,0.0,Normale,0.0,Sur chaussée,Blessé léger,Féminin,57.0,Non renseigné,1,9,1.0,0.0,1.0,1.0,201500023532B01,7,22,1.0,Non cohérente,Non cohérentes
2392,201500023540,2015-06-23,2015,juin,mardi,81:0,33,33063,44.8172,-0.56477,En agglomération,Hors intersection,6.0,Plein jour,Normale,4,Bidirectionnelle,3.0,Plat,1.0,0.0,0.0,Normale,0.0,Sur chaussée,Blessé léger,Masculin,36.0,Domicile - travail,3,2,0.0,0.0,3.0,2.0,201500023540B01,7,17,1.0,Non cohérente,Non cohérentes
2393,201500023569,2015-07-04,2015,juillet,samedi,35:,33,33063,44.8373,-0.56452,En agglomération,Hors intersection,6.0,Nuit avec éclairage public allumé,Normale,4,A chaussées séparées,6.0,Plat,1.0,0.0,192.0,Normale,2.0,Sur piste cyclable,Indemne,Masculin,24.0,Promenade - loisirs,3,8,0.0,1.0,3.0,5.0,201500023569A01,,,,Non cohérente,Non cohérentes
2394,201500023572,2015-01-03,2015,janvier,samedi,14:15,33,33063,44.8285,-0.56205,En agglomération,Intersection en X,3.0,Plein jour,Normale,4,Bidirectionnelle,4.0,Plat,1.0,0.0,0.0,Mouillée,0.0,Sur chaussée,Blessé léger,Masculin,24.0,Non renseigné,1,9,0.0,2.0,1.0,16.0,201500023572A01,7,15,1.0,Cohérente,Non cohérentes
2395,201500023573,2015-07-03,2015,juillet,vendredi,17:01,33,33063,44.8499,-0.54427,En agglomération,Intersection en T,3.0,Plein jour,Normale,4,A chaussées séparées,6.0,Plat,1.0,0.0,0.0,Normale,0.0,Sur chaussée,Blessé léger,Masculin,42.0,Autre,3,8,0.0,2.0,1.0,1.0,201500023573B01,3,16,1.0,Cohérente,Non cohérentes
2396,201500023588,2015-07-12,2015,juillet,dimanche,19:30,33,33063,44.8354,-0.56919,En agglomération,Intersection en T,3.0,Plein jour,Normale,4,A sens unique,1.0,Plat,1.0,0.0,0.0,Normale,0.0,Aucun,Blessé léger,Féminin,23.0,Autre,3,8,0.0,2.0,1.0,1.0,201500023588B01,7,23,1.0,Cohérente,Non cohérentes
2397,201500023596,2015-07-16,2015,juillet,jeudi,24:5,33,33063,44.83567,-0.5674,En agglomération,Hors intersection,6.0,Nuit avec éclairage public allumé,Normale,4,Bidirectionnelle,1.0,Plat,1.0,0.0,36.0,Normale,0.0,Sur chaussée,Indemne,Masculin,42.0,Non renseigné,3,8,0.0,1.0,0.0,1.0,201500023596A01,,,,Non cohérente,Non cohérentes
2398,201500023602,2015-07-07,2015,juillet,mardi,21:50,33,33063,44.8363,-0.58099,En agglomération,Intersection en X,3.0,Nuit avec éclairage public allumé,Normale,4,A chaussées séparées,6.0,Plat,1.0,0.0,0.0,Normale,0.0,Sur chaussée,Blessé léger,Masculin,18.0,Autre,3,8,0.0,2.0,0.0,1.0,201500023602B01,7,1,1.0,Cohérente,Non cohérentes
2399,201500023606,2015-07-07,2015,juillet,mardi,91:5,33,33063,44.8607,-0.5753,En agglomération,Giratoire,3.0,Plein jour,Normale,4,Bidirectionnelle,2.0,Plat,1.0,0.0,0.0,Normale,0.0,Sur chaussée,Blessé léger,Féminin,41.0,Autre,3,8,0.0,0.0,1.0,1.0,201500023606B01,7,9,1.0,Non cohérente,Non cohérentes
2400,201500023607,2015-07-09,2015,juillet,jeudi,17:05,33,33063,44.8569,-0.5911,En agglomération,Intersection en X,3.0,Plein jour,Normale,4,Bidirectionnelle,2.0,Plat,1.0,0.0,0.0,Normale,0.0,Sur chaussée,Blessé léger,Masculin,45.0,Utilisation professionnelle,3,8,0.0,2.0,0.0,1.0,201500023607A01,7,1,1.0,Cohérente,Non cohérentes
2401,201500023618,2015-07-17,2015,juillet,vendredi,11:30,33,33063,44.8404,-0.56171,En agglomération,Intersection en T,3.0,Plein jour,Normale,4,Bidirectionnelle,4.0,Plat,1.0,0.0,0.0,Normale,0.0,Sur chaussée,Blessé léger,Masculin,52.0,Promenade - loisirs,3,9,0.0,2.0,9.0,1.0,201500023618B01,10,15,1.0,Cohérente,Non cohérentes
2402,201500023622,2015-07-18,2015,juillet,samedi,11:10,33,33063,44.8493,-0.58434,En agglomération,Intersection en T,3.0,Plein jour,Normale,4,A sens unique,1.0,Plat,1.0,0.0,0.0,Normale,0.0,Sur chaussée,Blessé hospitalisé,Féminin,38.0,Promenade - loisirs,3,8,0.0,2.0,1.0,5.0,201500023622A01,10,16,1.0,Cohérente,Non cohérentes
2403,201500023639,2015-07-26,2015,juillet,dimanche,10:40,33,33063,44.8557,-0.58434,En agglomération,Hors intersection,3.0,Plein jour,Normale,4,Bidirectionnelle,2.0,Plat,1.0,0.0,0.0,Normale,0.0,Sur chaussée,Blessé léger,Masculin,5.0,Autre,3,8,0.0,2.0,1.0,19.0,201500023639B01,33,1,1.0,Cohérente,Non cohérentes
2404,201500023646,2015-07-28,2015,juillet,mardi,16:54,33,33063,44.8421,-0.57582,En agglomération,Hors intersection,6.0,Plein jour,Normale,4,Bidirectionnelle,4.0,Plat,1.0,0.0,0.0,Normale,0.0,Aucun,Indemne,Féminin,32.0,Non renseigné,3,8,0.0,1.0,0.0,1.0,201500023646A01,,,,Cohérente,Non cohérentes
2405,201500023649,2015-07-28,2015,juillet,mardi,11:15,33,33063,44.85602,-0.5701,En agglomération,Intersection en T,3.0,Plein jour,Normale,4,A sens unique,2.0,Plat,1.0,0.0,0.0,Normale,0.0,Sur chaussée,Blessé léger,Féminin,45.0,Non renseigné,3,8,0.0,2.0,1.0,8.0,201500023649A01,7,16,1.0,Cohérente,Non cohérentes
2406,201500023650,2015-07-28,2015,juillet,mardi,13:5,33,33063,44.8242,-0.58744,En agglomération,Hors intersection,7.0,Nuit avec éclairage public allumé,Normale,4,A chaussées séparées,6.0,Pente,1.0,0.0,0.0,Normale,0.0,Sur chaussée,Blessé léger,Masculin,19.0,Non renseigné,1,2,0.0,0.0,0.0,1.0,201500023650A01,,,,Cohérente,Non cohérentes
2407,201500023665,2015-08-05,2015,août,mercredi,85:0,33,33063,44.8291,-0.55844,En agglomération,Hors intersection,3.0,Plein jour,Normale,4,Bidirectionnelle,4.0,Plat,1.0,0.0,0.0,Normale,0.0,Sur chaussée,Blessé léger,Féminin,31.0,Non renseigné,3,8,0.0,2.0,1.0,8.0,201500023665A01,7,16,1.0,Non cohérente,Non cohérentes
2408,201500023667,2015-08-06,2015,août,jeudi,11:5,33,33063,44.8333,-0.60175,En agglomération,Intersection en T,3.0,Nuit avec éclairage public allumé,Normale,4,Bidirectionnelle,2.0,Plat,1.0,0.0,0.0,Normale,0.0,Aucun,Blessé léger,Masculin,27.0,Non renseigné,3,8,0.0,2.0,0.0,13.0,201500023667B01,10,1,1.0,Cohérente,Non cohérentes
2409,201500023687,2015-08-17,2015,août,lundi,16:00,33,33063,44.8598,-0.54341,En agglomération,Intersection en T,3.0,Plein jour,Normale,4,Bidirectionnelle,2.0,Non renseigné,1.0,0.0,0.0,Non renseigné,0.0,Aucun,Blessé léger,Masculin,25.0,Non renseigné,3,8,0.0,2.0,3.0,13.0,201500023687A01,37,7,1.0,Cohérente,Non cohérentes
2410,201500023696,2015-08-21,2015,août,vendredi,11:0,33,33063,44.8233,-0.57256,En agglomération,Intersection en T,3.0,Nuit avec éclairage public allumé,Normale,4,Non renseigné,1.0,Non renseigné,-1.0,0.0,0.0,Non renseigné,0.0,Aucun,Blessé léger,Masculin,28.0,Non renseigné,3,9,0.0,2.0,1.0,1.0,201500023696A01,7,4,1.0,Cohérente,Non cohérentes
2411,201500023704,2015-08-24,2015,août,lundi,72:2,33,33063,44.83,-0.60294,En agglomération,Intersection en T,3.0,Plein jour,Normale,4,Non renseigné,3.0,Plat,2.0,0.0,0.0,Normale,0.0,Sur chaussée,Blessé léger,Masculin,38.0,Non renseigné,3,9,0.0,2.0,1.0,19.0,201500023704A01,33,1,1.0,Non cohérente,Non cohérentes
2412,201500023711,2015-08-30,2015,août,dimanche,19:20,33,33063,44.87751,-0.57609,En agglomération,Hors intersection,3.0,Plein jour,Normale,4,Bidirectionnelle,2.0,Plat,2.0,0.0,0.0,Normale,0.0,Sur chaussée,Blessé hospitalisé,Masculin,20.0,Non renseigné,3,9,0.0,0.0,8.0,1.0,201500023711B01,7,1,1.0,Cohérente,Non cohérentes
2413,201500023717,2015-08-28,2015,août,vendredi,82:5,33,33063,44.8345,-0.60355,En agglomération,Intersection en T,3.0,Plein jour,Normale,4,A sens unique,1.0,Plat,1.0,0.0,0.0,Normale,0.0,Sur chaussée,Blessé léger,Féminin,52.0,Domicile - travail,3,2,1.0,0.0,1.0,1.0,201500023717B01,7,22,1.0,Non cohérente,Non cohérentes
2414,201500023722,2015-09-06,2015,septembre,dimanche,15:40,33,33063,44.8313,-0.58961,En agglomération,Hors intersection,3.0,Plein jour,Normale,4,A sens unique,2.0,Plat,1.0,0.0,0.0,Normale,0.0,Sur chaussée,Blessé léger,Masculin,16.0,Non renseigné,1,2,0.0,2.0,0.0,1.0,201500023722B01,7,1,1.0,Cohérente,Non cohérentes
2415,201500023740,2015-09-08,2015,septembre,mardi,13:00,33,33063,44.8364,-0.58102,En agglomération,Intersection en X,3.0,Plein jour,Normale,4,Bidirectionnelle,4.0,Plat,1.0,10.0,198.0,Normale,0.0,Sur chaussée,Indemne,Masculin,35.0,Non renseigné,3,9,0.0,2.0,1.0,19.0,201500023740A01,33,2,1.0,Cohérente,Non cohérentes
2416,201500023742,2015-09-08,2015,septembre,mardi,12:15,33,33063,44.83004,-0.5808,En agglomération,Hors intersection,1.0,Plein jour,Normale,4,Bidirectionnelle,2.0,Plat,1.0,0.0,70.0,Normale,0.0,Sur chaussée,Blessé léger,Masculin,20.0,Non renseigné,1,2,0.0,0.0,0.0,0.0,201500023742B01,7,1,1.0,Cohérente,Non cohérentes
2417,201500023763,2015-09-20,2015,septembre,dimanche,80:5,33,33063,44.8192,-0.57234,En agglomération,Hors intersection,2.0,Plein jour,Normale,4,Bidirectionnelle,2.0,Plat,1.0,0.0,0.0,Normale,0.0,Sur chaussée,Blessé hospitalisé,Masculin,19.0,Non renseigné,3,9,0.0,2.0,1.0,2.0,201500023763A01,7,23,1.0,Non cohérente,Non cohérentes
2418,201500023775,2015-09-22,2015,septembre,mardi,83:0,33,33063,44.84357,-0.60818,En agglomération,Intersection en T,3.0,Plein jour,Normale,4,Bidirectionnelle,2.0,Plat,1.0,0.0,0.0,Normale,0.0,Sur chaussée,Blessé hospitalisé,Masculin,51.0,Domicile - travail,1,2,0.0,2.0,1.0,1.0,201500023775B01,7,16,1.0,Non cohérente,Non cohérentes
2419,201500023778,2015-09-23,2015,septembre,mercredi,14:45,33,33063,44.8257,-0.59001,En agglomération,Hors intersection,3.0,Plein jour,Normale,4,A sens unique,7.0,Plat,1.0,0.0,0.0,Normale,0.0,Sur chaussée,Blessé léger,Féminin,54.0,Non renseigné,1,2,0.0,2.0,1.0,1.0,201500023778B01,30,14,1.0,Cohérente,Non cohérentes
2420,201500023783,2015-09-23,2015,septembre,mercredi,10:50,33,33063,44.8205,-0.54935,En agglomération,Intersection en T,2.0,Plein jour,Normale,4,Bidirectionnelle,5.0,Plat,1.0,0.0,0.0,Normale,0.0,Sur chaussée,Blessé léger,Féminin,64.0,Promenade - loisirs,3,9,0.0,2.0,1.0,1.0,201500023783A01,7,16,1.0,Cohérente,Non cohérentes
2421,201500023796,2015-09-17,2015,septembre,jeudi,18:20,33,33063,44.85572,-0.62551,En agglomération,Intersection en T,5.0,Plein jour,Normale,4,Bidirectionnelle,3.0,Plat,1.0,0.0,95.0,Normale,0.0,Sur chaussée,Blessé léger,Masculin,15.0,Non renseigné,3,9,0.0,2.0,0.0,1.0,201500023796B01,7,16,1.0,Cohérente,Non cohérentes
2422,201500023796,2015-09-17,2015,septembre,jeudi,18:20,33,33063,44.85572,-0.62551,En agglomération,Intersection en T,5.0,Plein jour,Normale,4,Bidirectionnelle,3.0,Plat,1.0,0.0,95.0,Normale,0.0,Sur chaussée,Blessé léger,Masculin,14.0,Non renseigné,3,9,0.0,2.0,0.0,1.0,201500023796C01,7,16,1.0,Cohérente,Non cohérentes
2423,201500023810,2015-09-23,2015,septembre,mercredi,11:45,33,33063,44.8314,-0.55841,En agglomération,Intersection en X,3.0,Plein jour,Normale,4,A chaussées séparées,7.0,Plat,1.0,0.0,0.0,Normale,0.0,Sur chaussée,Blessé léger,Masculin,36.0,Non renseigné,3,9,0.0,2.0,1.0,19.0,201500023810B01,10,1,1.0,Cohérente,Non cohérentes
2424,201500023812,2015-09-28,2015,septembre,lundi,80:5,33,33063,44.8595,-0.58173,En agglomération,Giratoire,3.0,Plein jour,Normale,4,Bidirectionnelle,3.0,Plat,3.0,0.0,0.0,Normale,0.0,Sur chaussée,Blessé léger,Féminin,37.0,Non renseigné,3,9,0.0,2.0,5.0,1.0,201500023812B01,7,1,1.0,Non cohérente,Non cohérentes
2425,201500023816,2015-09-30,2015,septembre,mercredi,21:00,33,33063,44.85603,-0.57009,En agglomération,Intersection en X,1.0,Nuit avec éclairage public allumé,Normale,4,A sens unique,1.0,Plat,1.0,0.0,90.0,Normale,0.0,Sur chaussée,Blessé léger,Féminin,52.0,Non renseigné,3,9,0.0,2.0,1.0,5.0,201500023816A01,30,1,1.0,Cohérente,Non cohérentes
2426,201500023835,2015-10-06,2015,octobre,mardi,65:5,33,33063,44.82856,-0.59394,En agglomération,Hors intersection,3.0,Nuit avec éclairage public allumé,Normale,4,A chaussées séparées,6.0,Plat,1.0,0.0,0.0,Mouillée,0.0,Sur chaussée,Blessé léger,Masculin,20.0,Utilisation professionnelle,2,9,0.0,2.0,1.0,1.0,201500023835A01,7,0,1.0,Non cohérente,Non cohérentes
2427,201500023882,2015-10-16,2015,octobre,vendredi,10:50,33,33063,44.8181,-0.57228,En agglomération,Hors intersection,2.0,Plein jour,Normale,4,Bidirectionnelle,2.0,Plat,1.0,0.0,0.0,Normale,0.0,Sur chaussée,Blessé léger,Féminin,43.0,Non renseigné,3,9,0.0,0.0,0.0,0.0,201500023882B01,3,2,1.0,Cohérente,Non cohérentes
2428,201500023908,2015-10-24,2015,octobre,samedi,17:00,33,33063,44.81522,-0.56534,En agglomération,Intersection à plus de 4 branches,1.0,Plein jour,Normale,4,Bidirectionnelle,2.0,Plat,1.0,0.0,0.0,Normale,0.0,Sur chaussée,Blessé léger,Masculin,18.0,Promenade - loisirs,3,9,0.0,2.0,1.0,1.0,201500023908A01,7,15,1.0,Cohérente,Non cohérentes
2429,201500023930,2015-11-02,2015,novembre,lundi,16:30,33,33063,44.8561,-0.57109,En agglomération,Hors intersection,5.0,Plein jour,Normale,4,Bidirectionnelle,2.0,Plat,1.0,0.0,0.0,Normale,0.0,Sur chaussée,Indemne,Masculin,63.0,Promenade - loisirs,3,2,0.0,0.0,4.0,15.0,201500023930B01,32/ 7,1,2.0,Cohérente,Non cohérentes
2430,201500023931,2015-11-03,2015,novembre,mardi,85:5,33,33063,44.8308,-0.54464,En agglomération,Intersection en T,3.0,Plein jour,Normale,4,A sens unique,1.0,Plat,1.0,0.0,0.0,Normale,0.0,Sur chaussée,Blessé léger,Féminin,35.0,Non renseigné,3,9,0.0,0.0,0.0,1.0,201500023931B01,7,1,1.0,Non cohérente,Non cohérentes
2431,201500023965,2015-11-10,2015,novembre,mardi,14:50,33,33063,44.8416,-0.5835,En agglomération,Intersection en T,3.0,Plein jour,Normale,4,A sens unique,1.0,Plat,1.0,0.0,0.0,Normale,0.0,Sur chaussée,Blessé hospitalisé,Masculin,40.0,Non renseigné,3,2,0.0,2.0,8.0,1.0,201500023965B01,37,1,1.0,Cohérente,Non cohérentes
2432,201500023968,2015-11-12,2015,novembre,jeudi,19:10,33,33063,44.8446,-0.55261,En agglomération,Intersection en T,3.0,Nuit avec éclairage public allumé,Brouillard - fumée,4,Bidirectionnelle,4.0,Plat,1.0,0.0,0.0,Normale,0.0,Sur chaussée,Blessé léger,Féminin,22.0,Promenade - loisirs,3,9,0.0,2.0,1.0,1.0,201500023968B01,10,16,1.0,Cohérente,Non cohérentes
2433,201500023978,2015-11-16,2015,novembre,lundi,13:40,33,33063,44.83939,-0.55905,Hors agglomération,Intersection en T,3.0,Plein jour,Normale,4,Bidirectionnelle,,Plat,1.0,0.0,0.0,Normale,0.0,Sur chaussée,Blessé léger,Masculin,22.0,Non renseigné,3,2,0.0,0.0,7.0,1.0,201500023978B01,7,1,1.0,Cohérente,Non cohérentes
2434,201500023989,2015-11-19,2015,novembre,jeudi,84:0,33,33063,44.85141,-0.58226,En agglomération,Intersection en X,3.0,Plein jour,Normale,4,A sens unique,1.0,Plat,1.0,0.0,0.0,Mouillée,0.0,Sur chaussée,Blessé léger,Masculin,14.0,Domicile - école,3,9,0.0,2.0,1.0,1.0,201500023989A01,7,1,1.0,Non cohérente,Non cohérentes
2435,201500023990,2015-11-19,2015,novembre,jeudi,19:15,33,33063,44.8308,-0.54464,En agglomération,Intersection en X,1.0,Nuit avec éclairage public allumé,Normale,4,Bidirectionnelle,2.0,Plat,1.0,0.0,0.0,Mouillée,0.0,Sur chaussée,Blessé léger,Masculin,18.0,Non renseigné,1,2,0.0,2.0,1.0,1.0,201500023990A01,31,1,1.0,Cohérente,Non cohérentes