,Num_Acc,date,an,mois,jour,hrmn,dep,com,lat,long,agg,int,col,lum,atm,catr,circ,nbv,prof,plan,lartpc,larrout,surf,infra,situ,grav,sexe,age,trajet,secuexist,equipement,obs,obsm,choc,manv,vehiculeid,typevehicules,manoeuvehicules,numVehicules,statut_heure,statut_coord
2436,201500024008,2015-11-27,2015,novembre,vendredi,75:6,33,33063,44.83144,-0.59836,En agglomération,Intersection en X,3.0,Plein jour,Normale,4,Bidirectionnelle,2.0,Plat,1.0,0.0,0.0,Normale,4.0,Sur chaussée,Blessé léger,Masculin,16.0,Non renseigné,1,2,0.0,0.0,0.0,15.0,201500024008A01,40,1,1.0,Non cohérente,Non cohérentes
2437,201500024011,2015-11-28,2015,novembre,samedi,14:00,33,33063,44.85967,-0.5547,En agglomération,Intersection en T,3.0,Plein jour,Normale,4,A chaussées séparées,9.0,Plat,1.0,0.0,0.0,Normale,0.0,Sur chaussée,Blessé léger,Féminin,24.0,Non renseigné,3,9,0.0,0.0,8.0,19.0,201500024011B01,7,1,1.0,Cohérente,Non cohérentes
2438,201500024024,2015-12-01,2015,décembre,mardi,83:0,33,33063,44.8467,-0.59815,En agglomération,Intersection en X,3.0,Plein jour,Brouillard - fumée,4,A sens unique,2.0,Plat,1.0,0.0,0.0,Normale,0.0,Sur chaussée,Blessé léger,Masculin,26.0,Non renseigné,3,9,0.0,2.0,1.0,17.0,201500024024A01,7,15,1.0,Non cohérente,Non cohérentes
2439,201500024027,2015-11-26,2015,novembre,jeudi,16:30,33,33063,44.8244,-0.59108,En agglomération,Hors intersection,2.0,Plein jour,Pluie légère,4,Bidirectionnelle,2.0,Plat,1.0,0.0,97.0,Normale,0.0,Sur chaussée,Blessé léger,Masculin,19.0,Non renseigné,3,9,0.0,0.0,4.0,1.0,201500024027B01,10,1,1.0,Cohérente,Non cohérentes
2440,201500024027,2015-11-26,2015,novembre,jeudi,16:30,33,33063,44.8244,-0.59108,En agglomération,Hors intersection,2.0,Plein jour,Pluie légère,4,Bidirectionnelle,2.0,Plat,1.0,0.0,97.0,Normale,0.0,Sur chaussée,Indemne,Masculin,19.0,Promenade - loisirs,3,9,0.0,0.0,4.0,1.0,201500024027B01,10,1,1.0,Cohérente,Non cohérentes
2441,201500024030,2015-12-02,2015,décembre,mercredi,20:10,33,33063,44.8344,-0.59014,En agglomération,Intersection en T,1.0,Nuit avec éclairage public allumé,Normale,4,A sens unique,1.0,Plat,1.0,0.0,0.0,Normale,0.0,Sur chaussée,Blessé léger,Féminin,50.0,Non renseigné,3,9,0.0,2.0,1.0,16.0,201500024030A01,7,1,1.0,Cohérente,Non cohérentes
2442,201500024031,2015-12-03,2015,décembre,jeudi,19:30,33,33063,44.8223,-0.59366,En agglomération,Hors intersection,3.0,Nuit avec éclairage public allumé,Normale,4,Bidirectionnelle,2.0,Plat,1.0,0.0,0.0,Normale,0.0,Sur chaussée,Blessé léger,Masculin,28.0,Non renseigné,3,9,0.0,0.0,0.0,1.0,201500024031B01,7,16,1.0,Cohérente,Non cohérentes
2443,201500024039,2015-11-30,2015,novembre,lundi,11:30,33,33063,44.86422,-0.57999,En agglomération,Hors intersection,3.0,Plein jour,Normale,4,A chaussées séparées,6.0,Plat,1.0,0.0,0.0,Normale,0.0,Sur chaussée,Blessé léger,Masculin,29.0,Promenade - loisirs,3,9,1.0,2.0,1.0,1.0,201500024039B01,10,22,1.0,Cohérente,Non cohérentes
2444,201500024040,2015-12-06,2015,décembre,dimanche,90:5,33,33063,44.84005,-0.59175,En agglomération,Hors intersection,3.0,Plein jour,Normale,4,Non renseigné,2.0,Plat,1.0,0.0,30.0,Normale,0.0,Sur chaussée,Blessé léger,Masculin,65.0,Non renseigné,3,2,0.0,2.0,1.0,1.0,201500024040B01,7,0,1.0,Non cohérente,Non cohérentes
2445,201500024044,2015-12-06,2015,décembre,dimanche,16:35,33,33063,44.86743,-0.57573,En agglomération,Hors intersection,1.0,Plein jour,Normale,4,A chaussées séparées,8.0,Plat,1.0,0.0,60.0,Normale,0.0,Sur chaussée,Blessé léger,Féminin,56.0,Non renseigné,3,2,0.0,2.0,8.0,19.0,201500024044B01,32,1,1.0,Cohérente,Non cohérentes
2446,201500024075,2015-11-30,2015,novembre,lundi,17:15,33,33063,44.84197,-0.5761,En agglomération,Hors intersection,6.0,Plein jour,Normale,4,Bidirectionnelle,2.0,Plat,1.0,0.0,0.0,Normale,0.0,Sur chaussée,Indemne,Masculin,18.0,Non renseigné,1,2,0.0,1.0,1.0,1.0,201500024075A01,,,,Cohérente,Non cohérentes
2447,201500024087,2015-12-16,2015,décembre,mercredi,10:40,33,33063,44.8399,-0.60339,En agglomération,Intersection en X,3.0,Plein jour,Normale,4,A sens unique,2.0,Plat,1.0,0.0,0.0,Normale,0.0,Sur chaussée,Indemne,Masculin,33.0,Non renseigné,1,2,0.0,2.0,2.0,15.0,201500024087B01,10,1,1.0,Cohérente,Non cohérentes
2448,201500024099,2015-12-19,2015,décembre,samedi,22:55,33,33063,44.8406,-0.58074,En agglomération,Intersection en Y,6.0,Nuit avec éclairage public allumé,Normale,4,Avec voies d'affectation variable,0.0,Pente,1.0,0.0,0.0,Normale,0.0,Sur chaussée,Blessé léger,Masculin,18.0,Autre,3,2,1.0,0.0,4.0,1.0,201500024099A01,,,,Cohérente,Non cohérentes
2449,201500024112,2015-12-21,2015,décembre,lundi,23:00,33,33063,44.8334,-0.59426,En agglomération,Intersection en T,3.0,Nuit avec éclairage public allumé,Normale,4,A sens unique,1.0,Plat,1.0,0.0,0.0,Normale,0.0,Aucun,Blessé hospitalisé,Masculin,21.0,Non renseigné,3,2,0.0,2.0,1.0,19.0,201500024112A01,10,1,1.0,Cohérente,Non cohérentes
2450,201500024132,2015-12-30,2015,décembre,mercredi,15:05,33,33063,44.83203,-0.59388,En agglomération,Intersection en X,3.0,Plein jour,Normale,4,A sens unique,1.0,Plat,1.0,0.0,35.0,Normale,0.0,Sur chaussée,Blessé léger,Féminin,34.0,Non renseigné,3,9,0.0,0.0,7.0,1.0,201500024132B01,7,1,1.0,Cohérente,Non cohérentes
2451,201500024142,2015-01-10,2015,janvier,samedi,40:5,33,33063,44.8213,-0.58277,En agglomération,Intersection en X,3.0,Nuit avec éclairage public allumé,Normale,4,A chaussées séparées,6.0,Plat,1.0,15.0,70.0,Mouillée,0.0,Sur chaussée,Blessé léger,Masculin,22.0,Promenade - loisirs,3,8,0.0,2.0,0.0,1.0,201500024142B01,37,1,1.0,Non cohérente,Non cohérentes
2452,201500024179,2015-01-20,2015,janvier,mardi,13:40,33,33063,44.8503,-0.60552,En agglomération,Intersection en T,2.0,Plein jour,Normale,4,Bidirectionnelle,2.0,Plat,1.0,0.0,0.0,Normale,0.0,Sur chaussée,Blessé hospitalisé,Féminin,24.0,Non renseigné,3,8,0.0,2.0,1.0,2.0,201500024179A01,7,16,1.0,Cohérente,Non cohérentes
2453,201500024218,2015-02-07,2015,février,samedi,15:00,33,33063,44.8605,-0.57641,En agglomération,Hors intersection,3.0,Plein jour,Normale,4,Bidirectionnelle,2.0,Plat,1.0,0.0,0.0,Normale,0.0,Sur chaussée,Blessé léger,Masculin,26.0,Non renseigné,3,9,0.0,0.0,0.0,13.0,201500024218B01,10,22,1.0,Cohérente,Non cohérentes
2454,201500024222,2015-01-23,2015,janvier,vendredi,15:05,33,33063,44.8453,-0.58541,En agglomération,Intersection en X,3.0,Plein jour,Normale,4,A sens unique,1.0,Plat,1.0,0.0,0.0,Normale,0.0,Sur chaussée,Blessé léger,Masculin,28.0,Non renseigné,3,8,0.0,0.0,1.0,1.0,201500024222B01,7,1,1.0,Cohérente,Non cohérentes
2455,201500024253,2015-02-23,2015,février,lundi,19:00,33,33063,44.8391,-0.61308,En agglomération,Intersection en T,1.0,Nuit avec éclairage public allumé,Pluie forte,4,Bidirectionnelle,2.0,Plat,1.0,0.0,0.0,Mouillée,0.0,Aucun,Blessé léger,Masculin,53.0,Domicile - travail,3,9,0.0,2.0,1.0,1.0,201500024253B01,7,9,1.0,Cohérente,Non cohérentes
2456,201500024254,2015-02-24,2015,février,mardi,18:15,33,33063,44.8285,-0.56205,En agglomération,Intersection en T,3.0,Plein jour,Normale,4,Bidirectionnelle,3.0,Plat,1.0,0.0,0.0,Normale,0.0,Sur chaussée,Blessé hospitalisé,Masculin,19.0,Promenade - loisirs,3,9,0.0,2.0,1.0,1.0,201500024254B01,7,15,1.0,Cohérente,Non cohérentes
2457,201500024266,2015-03-02,2015,mars,lundi,19:50,33,33063,44.8319,-0.57727,En agglomération,Intersection en X,1.0,Nuit avec éclairage public allumé,Normale,4,Bidirectionnelle,3.0,Plat,1.0,0.0,95.0,Mouillée,0.0,Sur chaussée,Blessé léger,Féminin,23.0,Promenade - loisirs,3,9,0.0,2.0,1.0,1.0,201500024266A01,10,1,1.0,Cohérente,Non cohérentes
2458,201500024278,2015-03-11,2015,mars,mercredi,18:30,33,33063,44.8589,-0.62799,En agglomération,Intersection en T,3.0,Plein jour,Normale,4,Bidirectionnelle,3.0,Plat,1.0,0.0,0.0,Normale,0.0,Sur chaussée,Blessé léger,Masculin,59.0,Promenade - loisirs,1,2,0.0,2.0,1.0,1.0,201500024278A01,7,15,1.0,Cohérente,Non cohérentes
2459,201500024288,2015-03-13,2015,mars,vendredi,21:55,33,33063,44.8422,-0.58546,En agglomération,Hors intersection,3.0,Nuit avec éclairage public allumé,Normale,4,Bidirectionnelle,3.0,Plat,1.0,0.0,130.0,Mouillée,0.0,Sur chaussée,Blessé léger,Féminin,18.0,Non renseigné,3,8,1.0,0.0,1.0,1.0,201500024288B01,7,22,1.0,Cohérente,Non cohérentes
2460,201500025872,2015-05-07,2015,mai,jeudi,85:0,38,38185,45.19142,5.72511,En agglomération,Intersection en T,3.0,Plein jour,Normale,4,A sens unique,1.0,Plat,1.0,0.0,0.0,Normale,0.0,Sur chaussée,Blessé hospitalisé,Féminin,55.0,Non renseigné,1,9,0.0,2.0,2.0,19.0,201500025872A01,7,1,1.0,Non cohérente,Cohérentes
2461,201500025873,2015-02-12,2015,février,jeudi,15:10,38,38185,45.18487,5.72167,En agglomération,Hors intersection,6.0,Plein jour,Normale,4,A sens unique,2.0,Plat,1.0,0.0,0.0,Normale,0.0,Sur chaussée,Indemne,Masculin,22.0,Non renseigné,3,9,0.0,1.0,1.0,1.0,201500025873A01,,,,Cohérente,Cohérentes
2462,201500025874,2015-05-05,2015,mai,mardi,13:38,38,38185,45.17621,5.70919,En agglomération,Hors intersection,6.0,Plein jour,Normale,4,Bidirectionnelle,1.0,Plat,1.0,0.0,0.0,Normale,0.0,Sur chaussée,Indemne,Masculin,20.0,Domicile - école,3,2,0.0,2.0,1.0,21.0,201500025874B01,7,1/22,2.0,Cohérente,Cohérentes
2463,201500025881,2015-02-21,2015,février,samedi,55:,38,38185,0.0,0.0,En agglomération,Hors intersection,6.0,Nuit avec éclairage public allumé,Normale,4,A sens unique,1.0,Plat,1.0,0.0,0.0,Normale,0.0,Sur chaussée,Blessé léger,Masculin,28.0,Promenade - loisirs,2,9,0.0,2.0,7.0,1.0,201500025881B01,7,16,1.0,Non cohérente,Non cohérentes
2464,201500025887,2015-03-01,2015,mars,dimanche,13:40,38,38185,0.0,0.0,En agglomération,Hors intersection,6.0,Plein jour,Autre,3,Bidirectionnelle,1.0,Plat,1.0,0.0,0.0,Mouillée,0.0,Sur chaussée,Blessé léger,Masculin,75.0,Non renseigné,3,9,0.0,2.0,7.0,19.0,201500025887B01,7,1,1.0,Cohérente,Non cohérentes
2465,201500025892,2015-05-29,2015,mai,vendredi,80:5,38,38185,45.17116,5.72395,En agglomération,Hors intersection,3.0,Plein jour,Normale,4,Bidirectionnelle,4.0,Plat,1.0,0.0,0.0,Normale,0.0,Sur chaussée,Blessé léger,Féminin,45.0,Domicile - travail,3,9,0.0,2.0,2.0,1.0,201500025892B01,7,19,1.0,Non cohérente,Cohérentes
2466,201500025893,2015-03-06,2015,mars,vendredi,11:10,38,38185,0.0,0.0,En agglomération,Hors intersection,6.0,Plein jour,Normale,4,Non renseigné,2.0,Plat,1.0,0.0,70.0,Normale,0.0,Sur chaussée,Blessé léger,Féminin,75.0,Promenade - loisirs,2,2,0.0,2.0,7.0,19.0,201500025893B01,7,1,1.0,Cohérente,Non cohérentes
2467,201500025902,2015-06-12,2015,juin,vendredi,16:40,38,38185,45.18706,5.73061,En agglomération,Intersection en X,6.0,Plein jour,Pluie légère,4,A sens unique,0.0,Plat,1.0,0.0,57.0,Mouillée,0.0,Sur chaussée,Indemne,Féminin,30.0,Non renseigné,3,2,0.0,1.0,1.0,21.0,201500025902A01,,,,Cohérente,Cohérentes
2468,201500025906,2015-06-25,2015,juin,jeudi,82:0,38,38185,0.0,0.0,En agglomération,Hors intersection,6.0,Plein jour,Normale,4,Bidirectionnelle,0.0,Plat,1.0,0.0,0.0,Normale,0.0,Sur piste cyclable,Indemne,Féminin,37.0,Non renseigné,3,2,0.0,1.0,2.0,1.0,201500025906A01,,,,Non cohérente,Non cohérentes
2469,201500025930,2015-09-15,2015,septembre,mardi,14:00,38,38185,45.19419,5.71894,En agglomération,Intersection en X,6.0,Plein jour,Normale,3,A sens unique,0.0,Plat,1.0,0.0,0.0,Normale,0.0,Sur chaussée,Blessé hospitalisé,Masculin,55.0,Domicile - travail,3,2,0.0,2.0,0.0,0.0,201500025930B01,7,0,1.0,Cohérente,Cohérentes
2470,201500025932,2015-09-18,2015,septembre,vendredi,84:5,38,38185,45.17348,5.71783,En agglomération,Hors intersection,6.0,Plein jour,Normale,3,Non renseigné,2.0,Pente,1.0,0.0,56.0,Mouillée,0.0,Sur piste cyclable,Blessé léger,Masculin,53.0,Domicile - travail,2,9,0.0,2.0,1.0,1.0,201500025932B01,10,15,1.0,Non cohérente,Cohérentes
2471,201500025944,2015-10-21,2015,octobre,mercredi,12:20,38,38185,45.18069,5.71957,En agglomération,Intersection en X,6.0,Plein jour,Temps couvert,3,Non renseigné,0.0,Non renseigné,-1.0,0.0,0.0,Non renseigné,0.0,Aucun,Blessé hospitalisé,Masculin,20.0,Promenade - loisirs,1,9,0.0,2.0,1.0,1.0,201500025944B01,14,16,1.0,Cohérente,Cohérentes
2472,201500025946,2015-10-22,2015,octobre,jeudi,91:5,38,38185,45.17657,5.73168,En agglomération,Intersection en X,3.0,Plein jour,Normale,3,Bidirectionnelle,4.0,Plat,1.0,0.0,0.0,Normale,0.0,Sur chaussée,Blessé hospitalisé,Masculin,35.0,Promenade - loisirs,2,4,0.0,0.0,0.0,0.0,201500025946B01,7,1,1.0,Non cohérente,Cohérentes
2473,201500025968,2015-12-08,2015,décembre,mardi,10:35,38,38185,45.18379,5.73112,En agglomération,Hors intersection,6.0,Plein jour,Normale,3,Non renseigné,1.0,Plat,1.0,0.0,0.0,Normale,0.0,Sur trottoir,Indemne,Masculin,26.0,Domicile - école,3,9,0.0,1.0,1.0,1.0,201500025968A01,,,,Cohérente,Cohérentes
2474,201500032138,2015-01-04,2015,janvier,dimanche,17:57,67,67482,0.0,0.0,En agglomération,Hors intersection,3.0,Nuit avec éclairage public allumé,Normale,4,Bidirectionnelle,2.0,Plat,1.0,0.0,120.0,Normale,0.0,Sur chaussée,Blessé léger,Masculin,31.0,Non renseigné,1,4,0.0,2.0,1.0,1.0,201500032138A01,7,0,1.0,Cohérente,Non cohérentes
2475,201500032139,2015-03-02,2015,mars,lundi,15:15,67,67482,48.5918,7.70444,En agglomération,Hors intersection,3.0,Plein jour,Normale,4,Bidirectionnelle,2.0,Plat,1.0,0.0,70.0,Normale,0.0,Sur chaussée,Blessé léger,Masculin,14.0,Non renseigné,1,4,0.0,2.0,7.0,19.0,201500032139B01,7,1,1.0,Cohérente,Non cohérentes
2476,201500032151,2015-01-11,2015,janvier,dimanche,14:20,67,67482,0.0,0.0,En agglomération,Hors intersection,3.0,Plein jour,Normale,4,Bidirectionnelle,2.0,Plat,1.0,0.0,110.0,Normale,0.0,Sur chaussée,Blessé léger,Féminin,84.0,Promenade - loisirs,3,9,0.0,2.0,1.0,19.0,201500032151Y01,7,1,1.0,Cohérente,Non cohérentes
2477,201500032154,2015-03-09,2015,mars,lundi,16:45,67,67482,48.56966,7.76317,Hors agglomération,Intersection en X,3.0,Plein jour,Normale,4,Bidirectionnelle,3.0,Plat,1.0,0.0,100.0,Normale,0.0,Sur chaussée,Blessé léger,Masculin,13.0,Autre,3,9,0.0,2.0,1.0,1.0,201500032154B01,7,1,1.0,Cohérente,Non cohérentes
2478,201500032172,2015-03-20,2015,mars,vendredi,16:00,67,67482,48.58069,7.77686,En agglomération,Hors intersection,3.0,Plein jour,Normale,4,A chaussées séparées,2.0,Plat,1.0,20.0,120.0,Normale,0.0,Sur chaussée,Blessé léger,Féminin,18.0,Promenade - loisirs,2,9,0.0,2.0,4.0,19.0,201500032172B01,7,1,1.0,Cohérente,Non cohérentes
2479,201500032173,2015-01-19,2015,janvier,lundi,83:5,67,67482,0.0,0.0,Hors agglomération,Hors intersection,6.0,Plein jour,Temps couvert,4,Bidirectionnelle,2.0,Plat,-1.0,0.0,80.0,Normale,0.0,Sur piste cyclable,Blessé léger,Masculin,42.0,Non renseigné,1,4,0.0,2.0,0.0,1.0,201500032173A01,1,9,1.0,Non cohérente,Non cohérentes
2480,201500032173,2015-01-19,2015,janvier,lundi,83:5,67,67482,0.0,0.0,Hors agglomération,Hors intersection,6.0,Plein jour,Temps couvert,4,Bidirectionnelle,2.0,Plat,-1.0,0.0,80.0,Normale,0.0,Sur piste cyclable,Indemne,Masculin,26.0,Non renseigné,1,4,0.0,2.0,1.0,9.0,201500032173B01,1,1,1.0,Non cohérente,Non cohérentes
2481,201500032182,2015-03-30,2015,mars,lundi,85:5,67,67482,48.5823,7.75717,En agglomération,Intersection en X,3.0,Plein jour,Normale,4,Bidirectionnelle,0.0,Plat,1.0,0.0,67.0,Normale,0.0,Sur chaussée,Blessé léger,Féminin,20.0,Non renseigné,3,9,0.0,2.0,1.0,0.0,201500032182B01,7,1,1.0,Non cohérente,Non cohérentes
2482,201500032191,2015-01-30,2015,janvier,vendredi,53:0,67,67482,0.0,0.0,En agglomération,Giratoire,3.0,Nuit avec éclairage public allumé,Normale,4,A sens unique,2.0,Plat,-1.0,0.0,60.0,Mouillée,0.0,Sur chaussée,Blessé léger,Masculin,22.0,Non renseigné,1,4,0.0,2.0,3.0,1.0,201500032191A01,7,0,1.0,Non cohérente,Non cohérentes
2483,201500032191,2015-01-30,2015,janvier,vendredi,53:0,67,67482,0.0,0.0,En agglomération,Giratoire,3.0,Nuit avec éclairage public allumé,Normale,4,A sens unique,2.0,Plat,-1.0,0.0,60.0,Mouillée,0.0,Sur chaussée,Blessé léger,Féminin,21.0,Non renseigné,1,4,0.0,2.0,3.0,1.0,201500032191A01,7,0,1.0,Non cohérente,Non cohérentes
2484,201500032205,2015-04-14,2015,avril,mardi,17:24,67,67482,48.60033,7.75456,En agglomération,Hors intersection,3.0,Plein jour,Normale,4,A chaussées séparées,2.0,Plat,1.0,50.0,80.0,Normale,0.0,Sur chaussée,Blessé hospitalisé,Féminin,58.0,Domicile - travail,3,9,0.0,2.0,8.0,19.0,201500032205A01,7,1,1.0,Cohérente,Non cohérentes
2485,201500032212,2015-02-14,2015,février,samedi,15:05,67,67482,0.0,0.0,En agglomération,Intersection en T,3.0,Plein jour,Normale,4,Bidirectionnelle,2.0,Plat,1.0,0.0,69.0,Normale,0.0,Sur chaussée,Blessé léger,Féminin,80.0,Promenade - loisirs,1,4,0.0,2.0,1.0,1.0,201500032212B01,7,15,1.0,Cohérente,Non cohérentes
2486,201500032214,2015-02-17,2015,février,mardi,17:30,67,67482,0.0,0.0,En agglomération,Intersection en T,3.0,Nuit avec éclairage public allumé,Normale,4,Bidirectionnelle,2.0,Plat,1.0,0.0,30.0,Normale,0.0,Sur chaussée,Blessé léger,Féminin,24.0,Domicile - travail,2,9,0.0,2.0,3.0,1.0,201500032214B01,7,1,1.0,Cohérente,Non cohérentes
2487,201500032220,2015-02-21,2015,février,samedi,15:,67,67482,0.0,0.0,En agglomération,Hors intersection,6.0,Nuit avec éclairage public allumé,Normale,4,A sens unique,1.0,Plat,1.0,0.0,40.0,Normale,0.0,Sur chaussée,Blessé hospitalisé,Féminin,21.0,Promenade - loisirs,3,9,0.0,4.0,8.0,1.0,201500032220A01,40,1,1.0,Non cohérente,Non cohérentes
2488,201500032222,2015-02-23,2015,février,lundi,14:15,67,67482,0.0,0.0,En agglomération,Intersection en X,3.0,Plein jour,Temps couvert,4,Bidirectionnelle,3.0,Plat,1.0,0.0,140.0,Mouillée,0.0,Sur chaussée,Blessé léger,Masculin,24.0,Non renseigné,1,4,0.0,2.0,6.0,1.0,201500032222A01,7,1,1.0,Cohérente,Non cohérentes
2489,201500032223,2015-04-24,2015,avril,vendredi,19:00,67,67482,48.58772,7.69783,En agglomération,Intersection en T,3.0,Plein jour,Normale,4,Bidirectionnelle,2.0,Plat,1.0,0.0,125.0,Normale,0.0,Sur chaussée,Blessé léger,Masculin,5.0,Promenade - loisirs,3,9,0.0,2.0,8.0,19.0,201500032223B01,7,16,1.0,Cohérente,Non cohérentes
2490,201500032224,2015-02-27,2015,février,vendredi,10:12,67,67482,0.0,0.0,En agglomération,Intersection en T,3.0,Plein jour,Pluie légère,4,Bidirectionnelle,2.0,Plat,1.0,0.0,60.0,Mouillée,0.0,Sur chaussée,Blessé léger,Féminin,29.0,Utilisation professionnelle,2,4,0.0,2.0,8.0,1.0,201500032224B01,7,16,1.0,Cohérente,Non cohérentes
2491,201500032226,2015-02-28,2015,février,samedi,21:55,67,67482,0.0,0.0,En agglomération,Hors intersection,3.0,Nuit avec éclairage public non allumé,Normale,4,Bidirectionnelle,3.0,Plat,1.0,20.0,150.0,Normale,0.0,Sur chaussée,Blessé léger,Masculin,25.0,Promenade - loisirs,1,4,0.0,2.0,6.0,1.0,201500032226B01,7,1,1.0,Cohérente,Non cohérentes
2492,201500032231,2015-04-29,2015,avril,mercredi,21:05,67,67482,48.58747,7.73858,En agglomération,Intersection en X,1.0,Nuit avec éclairage public allumé,Normale,4,Non renseigné,2.0,Plat,1.0,0.0,80.0,Normale,4.0,Sur chaussée,Blessé léger,Masculin,42.0,Promenade - loisirs,3,9,0.0,2.0,7.0,15.0,201500032231B01,7,1,1.0,Cohérente,Non cohérentes
2493,201500032232,2015-04-29,2015,avril,mercredi,21:55,67,67482,48.56197,7.73061,En agglomération,Hors intersection,3.0,Nuit avec éclairage public allumé,Normale,4,Bidirectionnelle,2.0,Plat,1.0,0.0,57.0,Normale,0.0,Sur chaussée,Blessé léger,Masculin,3.0,Promenade - loisirs,1,2,0.0,2.0,8.0,19.0,201500032232B01,7,1,1.0,Cohérente,Non cohérentes
2494,201500032236,2015-05-04,2015,mai,lundi,17:10,67,67482,48.5788,7.75931,En agglomération,Hors intersection,3.0,Plein jour,Normale,4,A chaussées séparées,2.0,Plat,1.0,50.0,166.0,Normale,0.0,Sur chaussée,Blessé léger,Féminin,29.0,Non renseigné,1,4,0.0,2.0,0.0,1.0,201500032236B01,7,22,1.0,Cohérente,Non cohérentes
2495,201500032237,2015-05-06,2015,mai,mercredi,17:30,67,67482,48.57364,7.76672,En agglomération,Hors intersection,4.0,Plein jour,Normale,4,Bidirectionnelle,2.0,Plat,1.0,20.0,140.0,Normale,0.0,Sur chaussée,Indemne,Masculin,19.0,Non renseigné,1,4,0.0,0.0,0.0,0.0,201500032237C01,7,1,2.0,Cohérente,Non cohérentes
2496,201500032240,2015-05-07,2015,mai,jeudi,18:22,67,67482,48.57935,7.7327,En agglomération,Hors intersection,3.0,Plein jour,Normale,4,A sens unique,2.0,Plat,1.0,0.0,80.0,Normale,0.0,Sur chaussée,Blessé léger,Masculin,10.0,Promenade - loisirs,3,9,0.0,2.0,1.0,1.0,201500032240B01,7,9,1.0,Cohérente,Non cohérentes
2497,201500032244,2015-05-14,2015,mai,jeudi,18:45,67,67482,48.54918,7.75658,En agglomération,Hors intersection,3.0,Plein jour,Normale,4,Bidirectionnelle,2.0,Plat,1.0,0.0,50.0,Normale,0.0,Sur chaussée,Blessé léger,Masculin,5.0,Promenade - loisirs,3,9,0.0,2.0,7.0,19.0,201500032244A01,7,1,1.0,Cohérente,Non cohérentes
2498,201500032248,2015-05-21,2015,mai,jeudi,83:7,67,67482,48.5789,7.74342,En agglomération,Hors intersection,2.0,Plein jour,Normale,4,Non renseigné,2.0,Plat,1.0,0.0,70.0,Normale,0.0,Aucun,Blessé léger,Féminin,35.0,Domicile - école,2,9,0.0,2.0,1.0,1.0,201500032248A01,7,21,1.0,Non cohérente,Non cohérentes
2499,201500032261,2015-05-28,2015,mai,jeudi,12:00,67,67482,48.5814,7.76278,En agglomération,Intersection en X,1.0,Plein jour,Normale,4,Bidirectionnelle,2.0,Plat,1.0,0.0,60.0,Normale,0.0,Sur chaussée,Blessé léger,Masculin,24.0,Promenade - loisirs,2,9,0.0,2.0,3.0,1.0,201500032261B01,7,15,1.0,Cohérente,Non cohérentes
2500,201500032265,2015-06-03,2015,juin,mercredi,11:20,67,67482,48.5906,7.75597,En agglomération,Hors intersection,3.0,Plein jour,Normale,4,A chaussées séparées,2.0,Plat,1.0,0.0,60.0,Normale,0.0,Sur piste cyclable,Blessé hospitalisé,Masculin,45.0,Autre,2,2,0.0,2.0,2.0,1.0,201500032265A01,7,1,1.0,Cohérente,Non cohérentes
2501,201500032270,2015-06-05,2015,juin,vendredi,16:50,67,67482,48.59696,7.74166,En agglomération,Hors intersection,3.0,Plein jour,Normale,4,Bidirectionnelle,2.0,Plat,1.0,0.0,40.0,Normale,0.0,Sur chaussée,Blessé léger,Masculin,66.0,Promenade - loisirs,3,9,0.0,2.0,1.0,19.0,201500032270A01,37,1,1.0,Cohérente,Non cohérentes
2502,201500032271,2015-06-05,2015,juin,vendredi,18:20,67,67482,48.5951,7.69397,En agglomération,Hors intersection,3.0,Plein jour,Normale,4,Bidirectionnelle,2.0,Plat,1.0,0.0,80.0,Normale,0.0,Sur chaussée,Blessé léger,Masculin,12.0,Non renseigné,1,4,0.0,2.0,1.0,19.0,201500032271A01,7,1,1.0,Cohérente,Non cohérentes
2503,201500032274,2015-06-10,2015,juin,mercredi,13:05,67,67482,48.59896,7.7909,En agglomération,Hors intersection,3.0,Plein jour,Normale,4,Bidirectionnelle,2.0,Plat,1.0,0.0,45.0,Normale,0.0,Sur chaussée,Blessé hospitalisé,Masculin,44.0,Non renseigné,1,4,0.0,2.0,1.0,19.0,201500032274A01,7,1,1.0,Cohérente,Non cohérentes
2504,201500032277,2015-06-12,2015,juin,vendredi,12:15,67,67482,48.58941,7.7452,En agglomération,Intersection en T,3.0,Plein jour,Normale,3,A sens unique,1.0,Plat,1.0,0.0,40.0,Normale,0.0,Sur chaussée,Blessé léger,Féminin,14.0,Domicile - école,2,2,0.0,2.0,7.0,19.0,201500032277B01,34,1,1.0,Cohérente,Non cohérentes