,Num_Acc,date,an,mois,jour,hrmn,dep,com,lat,long,agg,int,col,lum,atm,catr,circ,nbv,prof,plan,lartpc,larrout,surf,infra,situ,grav,sexe,age,trajet,secuexist,equipement,obs,obsm,choc,manv,vehiculeid,typevehicules,manoeuvehicules,numVehicules,statut_heure,statut_coord
2505,201500032278,2015-06-12,2015,juin,vendredi,17:42,67,67482,48.5914,7.70728,En agglomération,Hors intersection,1.0,Plein jour,Normale,4,A sens unique,1.0,Plat,1.0,95.0,90.0,Normale,0.0,Sur chaussée,Blessé léger,Masculin,21.0,Non renseigné,3,9,0.0,2.0,2.0,19.0,201500032278A01,7,1,1.0,Cohérente,Non cohérentes
2506,201500032279,2015-06-13,2015,juin,samedi,10:03,67,67482,48.5785,7.75998,En agglomération,Hors intersection,2.0,Plein jour,Normale,4,Bidirectionnelle,0.0,Pente,2.0,0.0,180.0,Mouillée,0.0,Sur chaussée,Blessé léger,Masculin,19.0,Domicile - travail,1,4,0.0,2.0,1.0,2.0,201500032279A01,10,2,1.0,Cohérente,Non cohérentes
2507,201500032285,2015-06-19,2015,juin,vendredi,14:10,67,67482,48.58831,7.7559,En agglomération,Hors intersection,3.0,Plein jour,Normale,4,Bidirectionnelle,4.0,Plat,1.0,20.0,120.0,Normale,0.0,Sur chaussée,Blessé léger,Féminin,38.0,Promenade - loisirs,3,9,0.0,2.0,7.0,19.0,201500032285B01,7,1,1.0,Cohérente,Non cohérentes
2508,201500032287,2015-06-19,2015,juin,vendredi,21:00,67,67482,48.58703,7.76019,En agglomération,Hors intersection,3.0,Plein jour,Normale,4,Bidirectionnelle,4.0,Plat,1.0,0.0,130.0,Normale,0.0,Sur chaussée,Blessé hospitalisé,Féminin,49.0,Autre,3,2,0.0,2.0,1.0,19.0,201500032287B01,7,1,1.0,Cohérente,Non cohérentes
2509,201500032292,2015-06-25,2015,juin,jeudi,18:50,67,67482,48.59215,7.71861,En agglomération,Hors intersection,3.0,Plein jour,Normale,4,Bidirectionnelle,3.0,Plat,1.0,0.0,97.0,Normale,0.0,Aucun,Blessé léger,Masculin,16.0,Promenade - loisirs,2,2,0.0,2.0,8.0,19.0,201500032292A01,7,1,1.0,Cohérente,Non cohérentes
2510,201500032295,2015-06-28,2015,juin,dimanche,18:05,67,67482,48.5926,7.71134,En agglomération,Intersection en T,3.0,Plein jour,Normale,4,Bidirectionnelle,2.0,Plat,1.0,0.0,60.0,Normale,0.0,Sur chaussée,Blessé hospitalisé,Masculin,59.0,Promenade - loisirs,3,9,0.0,2.0,7.0,19.0,201500032295B01,7,1,1.0,Cohérente,Non cohérentes
2511,201500032297,2015-06-29,2015,juin,lundi,19:23,67,67482,48.57577,7.75292,En agglomération,Hors intersection,6.0,Plein jour,Normale,4,Bidirectionnelle,2.0,Plat,1.0,50.0,0.0,Normale,0.0,Sur trottoir,Indemne,Féminin,17.0,Non renseigné,1,9,0.0,1.0,1.0,1.0,201500032297A01,,,,Cohérente,Non cohérentes
2512,201500032300,2015-07-01,2015,juillet,mercredi,15:10,67,67482,48.57756,7.753,En agglomération,Intersection en X,3.0,Plein jour,Normale,4,Bidirectionnelle,3.0,Plat,1.0,0.0,90.0,Normale,0.0,Sur chaussée,Blessé léger,Masculin,31.0,Promenade - loisirs,2,2,0.0,2.0,7.0,0.0,201500032300B01,7,1,1.0,Cohérente,Non cohérentes
2513,201500032301,2015-07-01,2015,juillet,mercredi,16:25,67,67482,48.59367,7.75805,En agglomération,Intersection en T,3.0,Plein jour,Normale,4,Bidirectionnelle,2.0,Plat,1.0,0.0,140.0,Normale,0.0,Sur chaussée,Blessé léger,Féminin,15.0,Promenade - loisirs,3,9,0.0,2.0,7.0,1.0,201500032301B01,7,9,1.0,Cohérente,Non cohérentes
2514,201500032304,2015-07-03,2015,juillet,vendredi,23:45,67,67482,48.5794,7.75083,En agglomération,Intersection en X,3.0,Nuit avec éclairage public allumé,Normale,4,A sens unique,1.0,Plat,1.0,0.0,57.0,Normale,2.0,Sur chaussée,Blessé léger,Masculin,53.0,Promenade - loisirs,1,2,0.0,2.0,1.0,19.0,201500032304B01,30,1,1.0,Cohérente,Non cohérentes
2515,201500032306,2015-07-06,2015,juillet,lundi,72:3,67,67482,48.57463,7.7498,En agglomération,Intersection en X,3.0,Plein jour,Normale,4,Bidirectionnelle,5.0,Plat,1.0,0.0,120.0,Normale,0.0,Sur chaussée,Blessé léger,Féminin,45.0,Domicile - travail,1,2,0.0,2.0,1.0,0.0,201500032306B01,10,16,1.0,Non cohérente,Non cohérentes
2516,201500032308,2015-07-06,2015,juillet,lundi,17:15,67,67482,48.54858,7.74094,En agglomération,Hors intersection,3.0,Plein jour,Normale,4,A chaussées séparées,5.0,Plat,1.0,70.0,105.0,Normale,0.0,Sur chaussée,Blessé léger,Féminin,45.0,Promenade - loisirs,2,9,0.0,2.0,1.0,1.0,201500032308B01,3,16,1.0,Cohérente,Non cohérentes
2517,201500032321,2015-07-17,2015,juillet,vendredi,20:50,67,67482,48.60085,7.71583,En agglomération,Intersection en T,3.0,Plein jour,Normale,4,Bidirectionnelle,2.0,Plat,1.0,0.0,40.0,Normale,0.0,Sur chaussée,Blessé léger,Masculin,17.0,Non renseigné,3,4,0.0,2.0,1.0,1.0,201500032321A01,7,16,1.0,Cohérente,Non cohérentes
2518,201500032323,2015-07-20,2015,juillet,lundi,20:02,67,67482,48.58801,7.7588,En agglomération,Hors intersection,3.0,Plein jour,Normale,4,A sens unique,1.0,Plat,1.0,0.0,40.0,Normale,0.0,Sur chaussée,Blessé léger,Masculin,11.0,Promenade - loisirs,2,2,0.0,2.0,1.0,1.0,201500032323A01,7,1,1.0,Cohérente,Non cohérentes
2519,201500032325,2015-07-25,2015,juillet,samedi,10:44,67,67482,48.5794,7.73287,En agglomération,Intersection en T,3.0,Plein jour,Normale,4,A sens unique,1.0,Plat,1.0,0.0,30.0,Normale,0.0,Sur chaussée,Blessé léger,Masculin,41.0,Domicile - travail,3,9,0.0,2.0,1.0,0.0,201500032325B01,7,16,1.0,Cohérente,Non cohérentes
2520,201500032327,2015-07-28,2015,juillet,mardi,15:15,67,67482,48.5696,7.78092,En agglomération,Hors intersection,3.0,Plein jour,Normale,4,Bidirectionnelle,3.0,Plat,1.0,0.0,150.0,Normale,0.0,Sur chaussée,Blessé léger,Féminin,65.0,Promenade - loisirs,2,9,0.0,2.0,1.0,19.0,201500032327B01,7,0,1.0,Cohérente,Non cohérentes
2521,201500032330,2015-08-01,2015,août,samedi,17:50,67,67482,48.57908,7.73489,En agglomération,Intersection en X,3.0,Plein jour,Normale,4,A sens unique,2.0,Plat,1.0,0.0,50.0,Non renseigné,0.0,Aucun,Blessé hospitalisé,Féminin,21.0,Promenade - loisirs,3,9,0.0,2.0,1.0,19.0,201500032330A01,40,1,1.0,Cohérente,Non cohérentes
2522,201500032337,2015-08-18,2015,août,mardi,90:0,67,67482,0.0,0.0,En agglomération,Hors intersection,3.0,Plein jour,Normale,4,A chaussées séparées,5.0,Plat,1.0,85.0,140.0,Normale,0.0,Sur piste cyclable,Tué,Féminin,25.0,Domicile - travail,1,4,0.0,2.0,8.0,1.0,201500032337B01,13,1,1.0,Non cohérente,Non cohérentes
2523,201500032340,2015-08-25,2015,août,mardi,13:35,67,67482,48.57477,7.73657,En agglomération,Hors intersection,1.0,Plein jour,Normale,4,Bidirectionnelle,4.0,Plat,1.0,0.0,80.0,Normale,2.0,Sur piste cyclable,Blessé léger,Masculin,29.0,Non renseigné,1,2,0.0,2.0,1.0,1.0,201500032340A01,1,1,1.0,Cohérente,Non cohérentes
2524,201500032340,2015-08-25,2015,août,mardi,13:35,67,67482,48.57477,7.73657,En agglomération,Hors intersection,1.0,Plein jour,Normale,4,Bidirectionnelle,4.0,Plat,1.0,0.0,80.0,Normale,2.0,Sur piste cyclable,Blessé léger,Masculin,22.0,Promenade - loisirs,1,4,0.0,2.0,1.0,1.0,201500032340B01,1,1,1.0,Cohérente,Non cohérentes
2525,201500032341,2015-08-25,2015,août,mardi,20:35,67,67482,0.0,0.0,En agglomération,Hors intersection,3.0,Crépuscule ou aube,Normale,4,Bidirectionnelle,2.0,Plat,1.0,0.0,50.0,Normale,0.0,Sur chaussée,Blessé léger,Masculin,74.0,Non renseigné,3,2,0.0,2.0,1.0,19.0,201500032341A01,40,1,1.0,Cohérente,Non cohérentes
2526,201500032342,2015-08-27,2015,août,jeudi,55:5,67,67482,48.5665,7.72785,En agglomération,Intersection en X,3.0,Nuit avec éclairage public allumé,Normale,4,Bidirectionnelle,2.0,Plat,1.0,0.0,80.0,Normale,0.0,Aucun,Blessé léger,Féminin,46.0,Domicile - travail,1,4,0.0,2.0,1.0,16.0,201500032342A01,7,1,1.0,Non cohérente,Non cohérentes
2527,201500032367,2015-09-15,2015,septembre,mardi,15:40,67,67482,48.59189,7.76216,En agglomération,Hors intersection,3.0,Plein jour,Pluie légère,4,Bidirectionnelle,2.0,Non renseigné,-1.0,0.0,100.0,Non renseigné,0.0,Aucun,Blessé hospitalisé,Féminin,25.0,Domicile - travail,2,9,0.0,2.0,3.0,19.0,201500032367A01,7,1,1.0,Cohérente,Non cohérentes
2528,201500032370,2015-09-17,2015,septembre,jeudi,18:30,67,67482,48.57925,7.73338,En agglomération,Intersection en X,3.0,Crépuscule ou aube,Normale,4,Non renseigné,4.0,Plat,-1.0,0.0,62.0,Normale,0.0,Sur piste cyclable,Blessé léger,Féminin,25.0,Promenade - loisirs,2,9,0.0,2.0,1.0,1.0,201500032370B01,7,16,1.0,Cohérente,Non cohérentes
2529,201500032375,2015-09-19,2015,septembre,samedi,20:25,67,67482,48.59204,7.73335,En agglomération,Intersection en X,3.0,Nuit avec éclairage public allumé,Normale,4,A chaussées séparées,2.0,Plat,1.0,0.0,60.0,Normale,0.0,Sur piste cyclable,Blessé léger,Masculin,30.0,Promenade - loisirs,3,9,0.0,2.0,1.0,1.0,201500032375A01,7,1,1.0,Cohérente,Non cohérentes
2530,201500032379,2015-09-21,2015,septembre,lundi,16:05,67,67482,48.58122,7.77015,En agglomération,Intersection en X,6.0,Plein jour,Normale,4,Bidirectionnelle,4.0,Plat,1.0,0.0,60.0,Normale,0.0,Sur chaussée,Blessé léger,Féminin,22.0,Non renseigné,1,4,0.0,2.0,1.0,1.0,201500032379A01,30,0,1.0,Cohérente,Non cohérentes
2531,201500032393,2015-10-02,2015,octobre,vendredi,81:5,67,67482,48.5823,7.75727,En agglomération,Intersection en T,3.0,Plein jour,Normale,4,Non renseigné,2.0,Non renseigné,-1.0,0.0,0.0,Non renseigné,0.0,Sur chaussée,Blessé léger,Masculin,36.0,Non renseigné,1,2,0.0,2.0,1.0,16.0,201500032393B01,7,0,1.0,Non cohérente,Non cohérentes
2532,201500032399,2015-10-07,2015,octobre,mercredi,17:15,67,67482,48.59078,7.71593,Hors agglomération,Intersection en X,1.0,Plein jour,Normale,4,Bidirectionnelle,2.0,Plat,1.0,0.0,60.0,Normale,0.0,Sur chaussée,Blessé léger,Masculin,72.0,Non renseigné,3,9,0.0,2.0,6.0,19.0,201500032399B01,7,16,1.0,Cohérente,Non cohérentes
2533,201500032400,2015-10-08,2015,octobre,jeudi,64:0,67,67482,48.58953,7.74089,En agglomération,Intersection à plus de 4 branches,1.0,Nuit avec éclairage public allumé,Normale,4,A chaussées séparées,6.0,Plat,1.0,0.0,180.0,Normale,0.0,Sur chaussée,Blessé léger,Masculin,18.0,Domicile - travail,3,2,0.0,2.0,1.0,13.0,201500032400A01,7,1,1.0,Non cohérente,Non cohérentes
2534,201500032401,2015-10-08,2015,octobre,jeudi,17:00,67,67482,48.59538,7.7279,En agglomération,Intersection en T,3.0,Plein jour,Normale,4,A sens unique,1.0,Plat,1.0,0.0,0.0,Non renseigné,0.0,Sur piste cyclable,Indemne,Masculin,46.0,Domicile - travail,3,9,0.0,2.0,1.0,1.0,201500032401B01,1,1,1.0,Cohérente,Non cohérentes
2535,201500032401,2015-10-08,2015,octobre,jeudi,17:00,67,67482,48.59538,7.7279,En agglomération,Intersection en T,3.0,Plein jour,Normale,4,A sens unique,1.0,Plat,1.0,0.0,0.0,Non renseigné,0.0,Sur piste cyclable,Blessé hospitalisé,Féminin,52.0,Domicile - travail,2,9,0.0,2.0,1.0,1.0,201500032401A01,1,1,1.0,Cohérente,Non cohérentes
2536,201500032408,2015-10-24,2015,octobre,samedi,23:25,67,67482,48.58652,7.76222,En agglomération,Hors intersection,3.0,Nuit avec éclairage public allumé,Normale,4,Bidirectionnelle,6.0,Plat,1.0,0.0,194.0,Normale,0.0,Sur chaussée,Blessé léger,Féminin,21.0,Promenade - loisirs,2,4,0.0,2.0,1.0,19.0,201500032408A01,7,1,1.0,Cohérente,Non cohérentes
2537,201500032417,2015-11-07,2015,novembre,samedi,11:15,67,67482,48.58307,7.77223,En agglomération,Intersection en X,2.0,Plein jour,Normale,2,Bidirectionnelle,3.0,Plat,1.0,0.0,156.0,Normale,0.0,Sur chaussée,Blessé léger,Féminin,53.0,Autre,2,9,0.0,2.0,4.0,2.0,201500032417B01,7,2,1.0,Cohérente,Non cohérentes
2538,201500032418,2015-11-09,2015,novembre,lundi,74:5,67,67482,48.5855,7.76006,En agglomération,Hors intersection,5.0,Plein jour,Normale,4,Bidirectionnelle,2.0,Plat,-1.0,0.0,115.0,Normale,0.0,Sur chaussée,Blessé léger,Masculin,17.0,Non renseigné,1,4,0.0,2.0,1.0,16.0,201500032418A01,7,16,1.0,Non cohérente,Non cohérentes
2539,201500032419,2015-11-10,2015,novembre,mardi,84:0,67,67482,48.58222,7.74143,En agglomération,Hors intersection,1.0,Plein jour,Normale,4,A sens unique,1.0,Plat,1.0,0.0,85.0,Normale,6.0,Sur chaussée,Blessé léger,Masculin,30.0,Non renseigné,3,9,0.0,2.0,2.0,1.0,201500032419B01,1,21,1.0,Non cohérente,Non cohérentes
2540,201500032419,2015-11-10,2015,novembre,mardi,84:0,67,67482,48.58222,7.74143,En agglomération,Hors intersection,1.0,Plein jour,Normale,4,A sens unique,1.0,Plat,1.0,0.0,85.0,Normale,6.0,Sur chaussée,Indemne,Masculin,20.0,Promenade - loisirs,3,9,1.0,2.0,8.0,21.0,201500032419A01,1,1,1.0,Non cohérente,Non cohérentes
2541,201500032420,2015-11-10,2015,novembre,mardi,17:00,67,67482,48.59574,7.7866,En agglomération,Intersection en X,3.0,Crépuscule ou aube,Normale,4,Bidirectionnelle,2.0,Plat,1.0,0.0,50.0,Normale,0.0,Sur chaussée,Blessé léger,Féminin,42.0,Domicile - travail,2,9,0.0,2.0,1.0,1.0,201500032420B01,7,16,1.0,Cohérente,Non cohérentes
2542,201500032429,2015-11-24,2015,novembre,mardi,17:30,67,67482,48.54589,7.75822,En agglomération,Intersection en X,3.0,Nuit avec éclairage public allumé,Normale,4,Bidirectionnelle,3.0,Plat,1.0,0.0,100.0,Normale,0.0,Sur chaussée,Blessé léger,Masculin,20.0,Promenade - loisirs,1,4,0.0,2.0,1.0,1.0,201500032429B01,7,15,1.0,Cohérente,Non cohérentes
2543,201500032434,2015-12-01,2015,décembre,mardi,90:0,67,67482,48.57848,7.78283,En agglomération,Hors intersection,3.0,Plein jour,Normale,4,Bidirectionnelle,4.0,Plat,1.0,0.0,124.0,Mouillée,0.0,Sur chaussée,Blessé léger,Féminin,61.0,Non renseigné,1,2,0.0,2.0,1.0,1.0,201500032434B01,7,1,1.0,Non cohérente,Non cohérentes
2544,201500032438,2015-12-03,2015,décembre,jeudi,73:0,67,67482,48.57344,7.79835,En agglomération,Hors intersection,1.0,Crépuscule ou aube,Normale,4,A chaussées séparées,4.0,Plat,1.0,24.0,140.0,Normale,0.0,Sur piste cyclable,Blessé léger,Féminin,64.0,Domicile - travail,3,4,0.0,2.0,1.0,13.0,201500032438A01,1,1,1.0,Non cohérente,Non cohérentes
2545,201500032438,2015-12-03,2015,décembre,jeudi,73:0,67,67482,48.57344,7.79835,En agglomération,Hors intersection,1.0,Crépuscule ou aube,Normale,4,A chaussées séparées,4.0,Plat,1.0,24.0,140.0,Normale,0.0,Sur piste cyclable,Blessé léger,Masculin,56.0,Domicile - travail,3,4,0.0,2.0,1.0,1.0,201500032438B01,1,13,1.0,Non cohérente,Non cohérentes
2546,201500032451,2015-12-19,2015,décembre,samedi,14:15,67,67482,48.54585,7.75803,En agglomération,Hors intersection,3.0,Plein jour,Normale,4,Bidirectionnelle,3.0,Plat,1.0,0.0,98.0,Normale,0.0,Sur chaussée,Blessé léger,Féminin,47.0,Domicile - travail,1,9,0.0,2.0,4.0,19.0,201500032451B01,10,16,1.0,Cohérente,Non cohérentes
2547,201500033160,2015-05-17,2015,mai,dimanche,95:0,74,74010,0.0,0.0,En agglomération,Giratoire,3.0,Plein jour,Normale,3,A sens unique,2.0,Plat,-1.0,0.0,56.0,Normale,5.0,Sur chaussée,Blessé hospitalisé,Masculin,28.0,Promenade - loisirs,3,2,0.0,2.0,2.0,1.0,201500033160B01,7,1,1.0,Non cohérente,Non cohérentes
2548,201500033171,2015-10-26,2015,octobre,lundi,74:5,74,74010,0.0,0.0,En agglomération,Giratoire,3.0,Crépuscule ou aube,Normale,4,Avec voies d'affectation variable,2.0,Plat,2.0,0.0,0.0,Normale,5.0,Sur chaussée,Blessé hospitalisé,Masculin,47.0,Utilisation professionnelle,2,2,0.0,2.0,1.0,1.0,201500033171B01,7,1,1.0,Non cohérente,Non cohérentes
2549,201500033172,2015-11-10,2015,novembre,mardi,11:40,74,74010,45.90784,6.1363,En agglomération,Giratoire,3.0,Plein jour,Normale,4,Bidirectionnelle,2.0,Plat,2.0,0.0,0.0,Normale,5.0,Sur chaussée,Blessé hospitalisé,Masculin,50.0,Courses - achats,1,2,0.0,0.0,0.0,0.0,201500033172B01,7,1,1.0,Cohérente,Non cohérentes
2550,201500033173,2015-11-12,2015,novembre,jeudi,13:29,74,74010,0.0,0.0,En agglomération,Hors intersection,3.0,Plein jour,Normale,3,Bidirectionnelle,2.0,Plat,1.0,0.0,104.0,Normale,0.0,Sur piste cyclable,Blessé hospitalisé,Masculin,60.0,Promenade - loisirs,1,2,0.0,2.0,1.0,1.0,201500033173B01,7,15,1.0,Cohérente,Non cohérentes
2551,201500033177,2015-11-09,2015,novembre,lundi,19:00,74,74010,45.9058,6.12692,En agglomération,Hors intersection,6.0,Nuit avec éclairage public allumé,Normale,4,A chaussées séparées,2.0,Plat,1.0,0.0,0.0,Normale,0.0,Sur chaussée,Blessé hospitalisé,Masculin,40.0,Promenade - loisirs,2,9,0.0,2.0,8.0,2.0,201500033177A01,99,0,1.0,Cohérente,Non cohérentes
2552,201500049187,2015-10-20,2015,octobre,mardi,17:20,33,33063,44.88192,-0.54733,Hors agglomération,Hors intersection,1.0,Plein jour,Normale,1,Non renseigné,1.0,Pente,1.0,0.0,0.0,Normale,2.0,Sur piste cyclable,Indemne,Féminin,50.0,Domicile - travail,2,2,0.0,0.0,0.0,0.0,201500049187B01,1,1,1.0,Cohérente,Non cohérentes
2553,201500049187,2015-10-20,2015,octobre,mardi,17:20,33,33063,44.88192,-0.54733,Hors agglomération,Hors intersection,1.0,Plein jour,Normale,1,Non renseigné,1.0,Pente,1.0,0.0,0.0,Normale,2.0,Sur piste cyclable,Blessé léger,Masculin,48.0,Domicile - travail,2,2,0.0,9.0,1.0,1.0,201500049187A01,1,0,1.0,Cohérente,Non cohérentes
2554,201600023577,2016-01-11,2016,janvier,lundi,20:35,33,33063,44.8208,-0.54147,En agglomération,Autre intersection,3.0,Nuit avec éclairage public allumé,Normale,4,A chaussées séparées,6.0,Plat,2.0,0.0,0.0,Mouillée,0.0,Sur chaussée,Blessé léger,Masculin,32.0,Autre,3,2,0.0,0.0,0.0,19.0,201600023577B01,7,1,1.0,Cohérente,Non cohérentes
2555,201600023596,2016-01-21,2016,janvier,jeudi,22:15,33,33063,44.8391,-0.58615,En agglomération,Intersection en T,3.0,Nuit avec éclairage public allumé,Temps couvert,4,Bidirectionnelle,3.0,Plat,1.0,0.0,135.0,Normale,0.0,Sur chaussée,Blessé léger,Féminin,47.0,Promenade - loisirs,1,4,0.0,0.0,4.0,1.0,201600023596B01,7,16,1.0,Cohérente,Non cohérentes
2556,201600023616,2016-01-27,2016,janvier,mercredi,18:45,33,33063,44.8268,-0.60124,En agglomération,Giratoire,1.0,Nuit avec éclairage public non allumé,Normale,4,A sens unique,6.0,Plat,2.0,0.0,0.0,Normale,0.0,Sur chaussée,Blessé léger,Masculin,52.0,Autre,3,2,0.0,0.0,4.0,1.0,201600023616B01,7,1,1.0,Cohérente,Non cohérentes
2557,201600023661,2016-02-12,2016,février,vendredi,95:5,33,33063,44.82835,-0.56164,En agglomération,Intersection en T,3.0,Plein jour,Pluie légère,4,Bidirectionnelle,2.0,Plat,1.0,0.0,0.0,Mouillée,0.0,Aucun,Blessé léger,Féminin,26.0,Non renseigné,3,2,0.0,2.0,3.0,13.0,201600023661B01,7,17,1.0,Non cohérente,Non cohérentes
2558,201600023670,2016-02-16,2016,février,mardi,17:20,33,33063,44.843,-0.57317,En agglomération,Intersection en X,1.0,Plein jour,Normale,4,Bidirectionnelle,1.0,Plat,1.0,0.0,0.0,Normale,0.0,Sur chaussée,Blessé léger,Féminin,9.0,Promenade - loisirs,1,2,0.0,2.0,2.0,19.0,201600023670B01,10,1,1.0,Cohérente,Non cohérentes
2559,201600023698,2016-02-29,2016,février,lundi,13:20,33,33063,44.8212,-0.56582,En agglomération,Intersection en X,3.0,Plein jour,Normale,4,A sens unique,1.0,Plat,1.0,0.0,70.0,Normale,0.0,Sur chaussée,Blessé léger,Masculin,40.0,Autre,3,9,0.0,2.0,1.0,5.0,201600023698A01,10,1,1.0,Cohérente,Non cohérentes
2560,201600023713,2016-03-04,2016,mars,vendredi,61:5,33,33063,44.8333,-0.60175,En agglomération,Intersection en T,3.0,Nuit avec éclairage public allumé,Pluie légère,4,Bidirectionnelle,2.0,Plat,1.0,0.0,0.0,Mouillée,0.0,Aucun,Blessé léger,Masculin,41.0,Autre,3,9,0.0,0.0,4.0,1.0,201600023713B01,7,16,1.0,Non cohérente,Non cohérentes
2561,201600023718,2016-03-08,2016,mars,mardi,74:5,33,33063,44.8563,-0.54898,En agglomération,Hors intersection,3.0,Plein jour,Normale,4,Bidirectionnelle,4.0,Plat,1.0,0.0,0.0,Normale,0.0,Sur chaussée,Blessé léger,Masculin,36.0,Autre,3,9,0.0,0.0,8.0,1.0,201600023718B01,14,16,1.0,Non cohérente,Non cohérentes
2562,201600023738,2016-03-15,2016,mars,mardi,20:10,33,33063,44.8347,-0.5638,En agglomération,Intersection en T,6.0,Nuit avec éclairage public allumé,Normale,4,A sens unique,2.0,Plat,1.0,0.0,0.0,Normale,0.0,Aucun,Blessé léger,Féminin,32.0,Non renseigné,3,9,0.0,0.0,8.0,19.0,201600023738B01,7,1,1.0,Cohérente,Non cohérentes
2563,201600023746,2016-03-18,2016,mars,vendredi,15:28,33,33063,44.8432,-0.58647,En agglomération,Intersection en T,6.0,Plein jour,Normale,4,Bidirectionnelle,2.0,Plat,1.0,0.0,0.0,Non renseigné,0.0,Sur chaussée,Indemne,Masculin,17.0,Promenade - loisirs,2,2,0.0,1.0,1.0,1.0,201600023746A01,,,,Cohérente,Non cohérentes
2564,201600023752,2016-03-25,2016,mars,vendredi,95:0,33,33063,44.8388,-0.58877,En agglomération,Intersection en Y,3.0,Plein jour,Pluie légère,4,Bidirectionnelle,2.0,Plat,1.0,0.0,0.0,Mouillée,0.0,Sur chaussée,Blessé léger,Masculin,21.0,Non renseigné,3,9,0.0,2.0,1.0,1.0,201600023752B01,7,16,1.0,Non cohérente,Non cohérentes
2565,201600023753,2016-03-25,2016,mars,vendredi,21:40,33,33063,44.8366,-0.59888,En agglomération,Intersection en T,7.0,Nuit avec éclairage public allumé,Pluie légère,4,A sens unique,2.0,Plat,1.0,0.0,0.0,Mouillée,0.0,Aucun,Blessé léger,Masculin,19.0,Non renseigné,3,9,0.0,0.0,0.0,1.0,201600023753A01,,,,Cohérente,Non cohérentes
2566,201600023758,2016-03-29,2016,mars,mardi,13:30,33,33063,44.8362,-0.57358,En agglomération,Hors intersection,6.0,Plein jour,Normale,4,A sens unique,1.0,Plat,1.0,0.0,0.0,Normale,6.0,Sur chaussée,Indemne,Masculin,6.0,Non renseigné,3,2,0.0,1.0,0.0,1.0,201600023758A01,,,,Cohérente,Non cohérentes
2567,201600023758,2016-03-29,2016,mars,mardi,13:30,33,33063,44.8362,-0.57358,En agglomération,Hors intersection,6.0,Plein jour,Normale,4,A sens unique,1.0,Plat,1.0,0.0,0.0,Normale,6.0,Sur chaussée,Blessé léger,Masculin,4.0,Non renseigné,3,8,0.0,1.0,0.0,1.0,201600023758A01,,,,Cohérente,Non cohérentes
2568,201600023762,2016-03-31,2016,mars,jeudi,93:0,33,33063,44.82813,-0.56039,En agglomération,Hors intersection,6.0,Plein jour,Pluie légère,4,Bidirectionnelle,3.0,Pente,1.0,0.0,12.0,Mouillée,0.0,Sur chaussée,Blessé léger,Masculin,40.0,Non renseigné,3,2,0.0,0.0,0.0,0.0,201600023762B01,7,23,1.0,Non cohérente,Non cohérentes
2569,201600023763,2016-03-30,2016,mars,mercredi,17:50,33,33063,44.837,-0.6068,En agglomération,Intersection en X,3.0,Plein jour,Normale,4,A sens unique,2.0,Plat,1.0,0.0,70.0,Normale,0.0,Sur chaussée,Blessé léger,Masculin,35.0,Autre,3,2,0.0,2.0,1.0,7.0,201600023763A01,7,1,1.0,Cohérente,Non cohérentes
2570,201600023770,2016-04-03,2016,avril,dimanche,20:40,33,33063,44.8543,-0.57226,En agglomération,Intersection en X,3.0,Crépuscule ou aube,Pluie légère,4,A sens unique,3.0,Plat,1.0,0.0,0.0,Mouillée,0.0,Aucun,Blessé léger,Féminin,26.0,Autre,3,9,0.0,2.0,8.0,1.0,201600023770B01,10,15,1.0,Cohérente,Non cohérentes
2571,201600023789,2016-04-08,2016,avril,vendredi,94:5,33,33063,44.8349,-0.58678,En agglomération,Hors intersection,6.0,Plein jour,Normale,4,A chaussées séparées,8.0,Plat,1.0,0.0,0.0,Normale,0.0,Sur chaussée,Blessé hospitalisé,Masculin,54.0,Autre,3,9,0.0,0.0,0.0,1.0,201600023789B01,7,22,1.0,Non cohérente,Non cohérentes
2572,201600023790,2016-04-08,2016,avril,vendredi,17:05,33,33063,44.8453,-0.61535,En agglomération,Intersection en X,3.0,Plein jour,Normale,4,A sens unique,1.0,Plat,1.0,0.0,0.0,Normale,0.0,Aucun,Blessé léger,Masculin,25.0,Utilisation professionnelle,3,9,0.0,2.0,1.0,1.0,201600023790B01,7,15,1.0,Cohérente,Non cohérentes
2573,201600023792,2016-04-09,2016,avril,samedi,21:45,33,33063,44.8318,-0.57343,En agglomération,Hors intersection,6.0,Nuit avec éclairage public allumé,Normale,4,A sens unique,4.0,Plat,1.0,0.0,0.0,Normale,4.0,Sur chaussée,Blessé hospitalisé,Masculin,25.0,Autre,3,9,9.0,0.0,1.0,19.0,201600023792A01,,,,Cohérente,Non cohérentes
2574,201600023798,2016-04-12,2016,avril,mardi,17:45,33,33063,44.8499,-0.54427,En agglomération,Intersection en T,3.0,Plein jour,Pluie légère,4,A sens unique,1.0,Plat,1.0,0.0,0.0,Mouillée,0.0,Sur chaussée,Blessé léger,Masculin,61.0,Promenade - loisirs,3,9,0.0,2.0,1.0,1.0,201600023798B01,7,16,1.0,Cohérente,Non cohérentes