,Num_Acc,date,an,mois,jour,hrmn,dep,com,lat,long,agg,int,col,lum,atm,catr,circ,nbv,prof,plan,lartpc,larrout,surf,infra,situ,grav,sexe,age,trajet,secuexist,equipement,obs,obsm,choc,manv,vehiculeid,typevehicules,manoeuvehicules,numVehicules,statut_heure,statut_coord
2575,201600023822,2016-04-26,2016,avril,mardi,75:0,33,33063,44.8502,-0.58626,En agglomération,Intersection en T,3.0,Plein jour,Normale,4,A sens unique,2.0,Plat,1.0,0.0,0.0,Normale,0.0,Sur chaussée,Blessé léger,Féminin,24.0,Domicile - travail,3,2,0.0,2.0,8.0,1.0,201600023822B01,10,14,1.0,Non cohérente,Non cohérentes
2576,201600023825,2016-04-27,2016,avril,mercredi,20:45,33,33063,44.8355,-0.56479,En agglomération,Intersection en T,6.0,Plein jour,Temps éblouissant,4,A sens unique,1.0,Plat,1.0,0.0,0.0,Normale,0.0,Aucun,Blessé léger,Masculin,29.0,Autre,3,2,0.0,2.0,1.0,1.0,201600023825A01,7,0,1.0,Cohérente,Non cohérentes
2577,201600023830,2016-04-29,2016,avril,vendredi,17:00,33,33063,44.8285,-0.56205,En agglomération,Intersection en Y,3.0,Plein jour,Normale,4,Bidirectionnelle,0.0,Pente,1.0,0.0,0.0,Normale,0.0,Sur chaussée,Blessé léger,Masculin,77.0,Autre,3,2,0.0,2.0,1.0,1.0,201600023830B01,7,15,1.0,Cohérente,Non cohérentes
2578,201600023841,2016-05-03,2016,mai,mardi,22:30,33,33063,44.8231,-0.58217,En agglomération,Intersection en X,3.0,Nuit avec éclairage public allumé,Normale,4,A sens unique,2.0,Plat,1.0,0.0,0.0,Normale,0.0,Sur chaussée,Indemne,Masculin,22.0,Promenade - loisirs,1,2,0.0,0.0,8.0,5.0,201600023841A01,30,1,1.0,Cohérente,Non cohérentes
2579,201600023845,2016-05-04,2016,mai,mercredi,19:05,33,33063,44.8371,-0.57891,En agglomération,Intersection en T,2.0,Plein jour,Normale,4,A sens unique,1.0,Plat,1.0,0.0,0.0,Normale,0.0,Sur chaussée,Blessé léger,Masculin,54.0,Autre,3,2,0.0,2.0,4.0,1.0,201600023845B01,7,1,1.0,Cohérente,Non cohérentes
2580,201600023850,2016-05-06,2016,mai,vendredi,16:58,33,33063,44.83563,-0.56479,En agglomération,Intersection en T,3.0,Plein jour,Normale,4,A chaussées séparées,11.0,Plat,1.0,0.0,0.0,Normale,4.0,Sur chaussée,Blessé léger,Masculin,8.0,Promenade - loisirs,1,2,0.0,4.0,0.0,19.0,201600023850B01,40,1,1.0,Cohérente,Non cohérentes
2581,201600023872,2016-05-13,2016,mai,vendredi,84:0,33,33063,44.83058,-0.60305,En agglomération,Intersection en X,3.0,Plein jour,Normale,4,A chaussées séparées,0.0,Sommet de côte,1.0,0.0,0.0,Normale,0.0,Sur chaussée,Blessé léger,Féminin,36.0,Promenade - loisirs,3,2,0.0,2.0,8.0,1.0,201600023872B01,13,16,1.0,Non cohérente,Non cohérentes
2582,201600023872,2016-05-13,2016,mai,vendredi,84:0,33,33063,44.83058,-0.60305,En agglomération,Intersection en X,3.0,Plein jour,Normale,4,A chaussées séparées,0.0,Sommet de côte,1.0,0.0,0.0,Normale,0.0,Sur chaussée,Blessé hospitalisé,Masculin,6.0,Non renseigné,3,2,0.0,2.0,8.0,1.0,201600023872B01,13,16,1.0,Non cohérente,Non cohérentes
2583,201600023891,2016-05-20,2016,mai,vendredi,21:15,33,33063,44.8187,-0.54552,En agglomération,Hors intersection,1.0,Plein jour,Normale,4,A chaussées séparées,4.0,Plat,1.0,0.0,0.0,Normale,0.0,Sur chaussée,Blessé léger,Féminin,71.0,Autre,3,9,0.0,0.0,0.0,19.0,201600023891A01,7,1,1.0,Cohérente,Non cohérentes
2584,201600023894,2016-05-23,2016,mai,lundi,13:30,33,33063,44.8285,-0.56205,En agglomération,Intersection en X,1.0,Plein jour,Normale,4,Bidirectionnelle,3.0,Plat,1.0,0.0,0.0,Normale,0.0,Sur chaussée,Blessé léger,Masculin,53.0,Non renseigné,3,2,0.0,0.0,0.0,1.0,201600023894B01,14,1,1.0,Cohérente,Non cohérentes
2585,201600023898,2016-05-24,2016,mai,mardi,85:0,33,33063,44.8351,-0.5861,En agglomération,Intersection en X,3.0,Plein jour,Normale,4,A sens unique,1.0,Plat,1.0,0.0,0.0,Normale,0.0,Sur chaussée,Blessé léger,Masculin,27.0,Autre,3,9,0.0,2.0,1.0,1.0,201600023898B01,10,16,1.0,Non cohérente,Non cohérentes
2586,201600023912,2016-05-24,2016,mai,mardi,74:5,33,33063,44.8526,-0.62014,En agglomération,Intersection en Y,2.0,Plein jour,Normale,4,A chaussées séparées,2.0,Plat,1.0,0.0,0.0,Normale,0.0,Aucun,Blessé léger,Masculin,14.0,Autre,3,9,0.0,2.0,1.0,2.0,201600023912A01,7,1,1.0,Non cohérente,Non cohérentes
2587,201600023913,2016-05-28,2016,mai,samedi,15:35,33,33063,44.8384,-0.59919,En agglomération,Intersection en X,3.0,Plein jour,Normale,4,A sens unique,1.0,Plat,1.0,0.0,0.0,Normale,0.0,Sur chaussée,Blessé léger,Masculin,29.0,Autre,3,2,0.0,2.0,1.0,1.0,201600023913A01,7,1,1.0,Cohérente,Non cohérentes
2588,201600023917,2016-06-01,2016,juin,mercredi,14:35,33,33063,44.8556,-0.56364,En agglomération,Hors intersection,3.0,Plein jour,Pluie légère,4,A chaussées séparées,9.0,Plat,1.0,0.0,0.0,Mouillée,0.0,Sur chaussée,Blessé hospitalisé,Féminin,28.0,Autre,3,2,0.0,0.0,2.0,19.0,201600023917B01,10,1,1.0,Cohérente,Non cohérentes
2589,201600023918,2016-06-01,2016,juin,mercredi,85:0,33,33063,44.8319,-0.57527,En agglomération,Intersection en X,2.0,Plein jour,Pluie légère,4,A sens unique,1.0,Plat,1.0,0.0,0.0,Mouillée,0.0,Aucun,Blessé léger,Féminin,30.0,Domicile - travail,3,2,0.0,0.0,4.0,23.0,201600023918B01,7,2,1.0,Non cohérente,Non cohérentes
2590,201600023953,2016-06-14,2016,juin,mardi,90:0,33,33063,44.8475,-0.54782,En agglomération,Intersection en X,3.0,Plein jour,Normale,4,A chaussées séparées,8.0,Plat,1.0,0.0,0.0,Normale,0.0,Sur chaussée,Blessé léger,Masculin,13.0,Autre,3,2,0.0,0.0,1.0,19.0,201600023953B01,10,16,1.0,Non cohérente,Non cohérentes
2591,201600023972,2016-06-21,2016,juin,mardi,17:15,33,33063,44.8285,-0.59399,En agglomération,Hors intersection,3.0,Plein jour,Normale,4,A chaussées séparées,4.0,Plat,1.0,0.0,0.0,Normale,0.0,Sur chaussée,Blessé léger,Féminin,46.0,Autre,3,2,0.0,2.0,1.0,13.0,201600023972A01,7,1,1.0,Cohérente,Non cohérentes
2592,201600023979,2016-06-23,2016,juin,jeudi,13:00,33,33063,44.8381,-0.5633,En agglomération,Hors intersection,3.0,Plein jour,Normale,4,A chaussées séparées,6.0,Plat,1.0,0.0,0.0,Normale,0.0,Sur chaussée,Blessé léger,Féminin,20.0,Autre,3,2,15.0,2.0,0.0,13.0,201600023979A01,10,1,1.0,Cohérente,Non cohérentes
2593,201600023991,2016-06-28,2016,juin,mardi,19:35,33,33063,44.8356,-0.56854,En agglomération,Intersection en T,3.0,Plein jour,Normale,4,Bidirectionnelle,4.0,Pente,1.0,0.0,120.0,Normale,0.0,Sur chaussée,Blessé léger,Féminin,35.0,Autre,3,2,0.0,2.0,3.0,7.0,201600023991B01,7,16,1.0,Cohérente,Non cohérentes
2594,201600023994,2016-06-30,2016,juin,jeudi,19:40,33,33063,44.8253,-0.56284,En agglomération,Intersection en X,3.0,Plein jour,Normale,4,Bidirectionnelle,2.0,Plat,1.0,0.0,0.0,Normale,0.0,Aucun,Blessé léger,Masculin,30.0,Autre,3,9,0.0,0.0,0.0,19.0,201600023994B01,7,16,1.0,Cohérente,Non cohérentes
2595,201600024000,2016-07-04,2016,juillet,lundi,85:5,33,33063,44.9043,-0.55436,Hors agglomération,Hors intersection,7.0,Plein jour,Normale,3,Bidirectionnelle,2.0,Plat,1.0,0.0,0.0,Normale,0.0,Sur chaussée,Blessé léger,Masculin,36.0,Autre,3,2,0.0,0.0,8.0,2.0,201600024000B01,7,17,1.0,Non cohérente,Non cohérentes
2596,201600024004,2016-07-04,2016,juillet,lundi,21:20,33,33063,44.8512,-0.5742,En agglomération,Intersection en T,2.0,Plein jour,Normale,4,Bidirectionnelle,5.0,Plat,1.0,0.0,0.0,Normale,4.0,Sur chaussée,Blessé léger,Masculin,21.0,Domicile - travail,1,9,0.0,2.0,1.0,1.0,201600024004A01,7,23,1.0,Cohérente,Non cohérentes
2597,201600024030,2016-07-15,2016,juillet,vendredi,14:40,33,33063,44.8411,-0.56946,En agglomération,Intersection en T,3.0,Plein jour,Normale,4,Non renseigné,1.0,Non renseigné,-1.0,0.0,0.0,Non renseigné,0.0,Aucun,Blessé léger,Féminin,20.0,Autre,3,2,0.0,4.0,6.0,19.0,201600024030A01,40,1,1.0,Cohérente,Non cohérentes
2598,201600024040,2016-07-19,2016,juillet,mardi,84:5,33,33063,44.8285,-0.56205,Hors agglomération,Intersection en X,1.0,Plein jour,Normale,4,Bidirectionnelle,4.0,Plat,1.0,0.0,0.0,Normale,0.0,Sur chaussée,Blessé léger,Féminin,25.0,Autre,3,2,0.0,2.0,1.0,7.0,201600024040B01,7,15,1.0,Non cohérente,Non cohérentes
2599,201600024043,2016-07-20,2016,juillet,mercredi,16:30,33,33063,44.8269,-0.56923,En agglomération,Intersection en X,2.0,Plein jour,Normale,4,Bidirectionnelle,4.0,Plat,1.0,0.0,0.0,Normale,0.0,Aucun,Blessé léger,Masculin,31.0,Autre,3,2,0.0,2.0,1.0,13.0,201600024043A01,7,23,1.0,Cohérente,Non cohérentes
2600,201600024047,2016-07-25,2016,juillet,lundi,90:0,33,33063,44.8432,-0.5718,En agglomération,Intersection en T,3.0,Plein jour,Normale,4,Bidirectionnelle,4.0,Plat,1.0,0.0,0.0,Normale,0.0,Sur chaussée,Blessé léger,Masculin,39.0,Autre,1,4,0.0,2.0,1.0,1.0,201600024047B01,7,16,1.0,Non cohérente,Non cohérentes
2601,201600024062,2016-08-01,2016,août,lundi,19:00,33,33063,44.8775,-0.57625,En agglomération,Intersection en X,5.0,Plein jour,Normale,4,Bidirectionnelle,2.0,Plat,1.0,0.0,0.0,Normale,0.0,Aucun,Blessé hospitalisé,Masculin,52.0,Autre,3,2,0.0,0.0,8.0,19.0,201600024062C01,7/ 10,23/1,2.0,Cohérente,Non cohérentes
2602,201600024071,2016-08-04,2016,août,jeudi,15:40,33,33063,44.8427,-0.59468,En agglomération,Intersection en X,3.0,Plein jour,Pluie légère,4,A sens unique,1.0,Plat,1.0,0.0,0.0,Mouillée,0.0,Sur chaussée,Blessé léger,Masculin,45.0,Autre,3,9,0.0,2.0,1.0,1.0,201600024071B01,7,1,1.0,Cohérente,Non cohérentes
2603,201600024077,2016-08-06,2016,août,samedi,53:5,33,33063,44.8401,-0.56873,En agglomération,Intersection en T,3.0,Nuit avec éclairage public allumé,Normale,4,A chaussées séparées,7.0,Plat,1.0,0.0,0.0,Normale,4.0,Sur chaussée,Blessé léger,Féminin,26.0,Promenade - loisirs,3,4,0.0,0.0,1.0,19.0,201600024077A01,7,1,1.0,Non cohérente,Non cohérentes
2604,201600024083,2016-08-10,2016,août,mercredi,10:0,33,33063,44.866,-0.56115,En agglomération,Intersection en X,3.0,Nuit avec éclairage public allumé,Normale,4,A chaussées séparées,6.0,Plat,1.0,71.0,281.0,Normale,0.0,Sur chaussée,Blessé hospitalisé,Féminin,49.0,Promenade - loisirs,2,2,0.0,0.0,0.0,15.0,201600024083B01,7,1,1.0,Cohérente,Non cohérentes
2605,201600024095,2016-08-16,2016,août,mardi,13:20,33,33063,44.8253,-0.61373,En agglomération,Intersection en X,3.0,Plein jour,Normale,4,Bidirectionnelle,2.0,Plat,1.0,0.0,0.0,Normale,0.0,Sur chaussée,Blessé léger,Féminin,36.0,Domicile - travail,3,8,0.0,2.0,1.0,1.0,201600024095A01,7,1,1.0,Cohérente,Non cohérentes
2606,201600024114,2016-08-29,2016,août,lundi,20:00,33,33063,44.8595,-0.63136,En agglomération,Intersection en T,3.0,Plein jour,Normale,4,Bidirectionnelle,,Plat,1.0,0.0,0.0,Normale,0.0,Aucun,Blessé léger,Masculin,25.0,Promenade - loisirs,3,2,0.0,2.0,1.0,1.0,201600024114B01,7,15,1.0,Cohérente,Non cohérentes
2607,201600024119,2016-09-01,2016,septembre,jeudi,17:10,33,33063,44.855,-0.57668,En agglomération,Hors intersection,6.0,Plein jour,Normale,4,Bidirectionnelle,2.0,Plat,1.0,0.0,0.0,Normale,0.0,Aucun,Blessé léger,Féminin,40.0,Promenade - loisirs,2,2,1.0,0.0,2.0,1.0,201600024119B01,7,22,1.0,Cohérente,Non cohérentes
2608,201600024120,2016-09-01,2016,septembre,jeudi,91:0,33,33063,44.84775,-0.61336,En agglomération,Hors intersection,1.0,Plein jour,Normale,4,Non renseigné,1.0,Plat,1.0,0.0,0.0,Normale,0.0,Sur chaussée,Blessé léger,Féminin,48.0,Non renseigné,3,2,0.0,2.0,3.0,5.0,201600024120A01,7,1,1.0,Non cohérente,Non cohérentes
2609,201600024135,2016-09-07,2016,septembre,mercredi,83:0,33,33063,44.8138,-0.5667,En agglomération,Hors intersection,3.0,Plein jour,Normale,4,A chaussées séparées,6.0,Plat,1.0,0.0,0.0,Normale,0.0,Sur chaussée,Blessé léger,Masculin,89.0,Autre,3,2,0.0,2.0,1.0,1.0,201600024135B01,7,1,1.0,Non cohérente,Non cohérentes
2610,201600024137,2016-09-07,2016,septembre,mercredi,23:45,33,33063,44.8603,-0.55393,En agglomération,Hors intersection,3.0,Nuit avec éclairage public allumé,Normale,4,Bidirectionnelle,0.0,Plat,1.0,0.0,0.0,Normale,4.0,Sur chaussée,Blessé léger,Masculin,30.0,Autre,3,8,0.0,4.0,7.0,19.0,201600024137A01,40,1,1.0,Cohérente,Non cohérentes
2611,201600024158,2016-09-14,2016,septembre,mercredi,15:40,33,33063,44.86696,-0.56257,En agglomération,Hors intersection,1.0,Plein jour,Normale,4,A chaussées séparées,4.0,Plat,1.0,0.0,0.0,Mouillée,0.0,Sur chaussée,Blessé léger,Masculin,24.0,Non renseigné,3,9,0.0,2.0,0.0,5.0,201600024158A01,7,1,1.0,Cohérente,Non cohérentes
2612,201600024168,2016-09-21,2016,septembre,mercredi,83:0,33,33063,44.83773,-0.59289,En agglomération,Autre intersection,3.0,Plein jour,Normale,4,A sens unique,,Non renseigné,1.0,0.0,0.0,Non renseigné,0.0,Sur chaussée,Tué,Féminin,23.0,Domicile - travail,3,2,0.0,2.0,8.0,1.0,201600024168B01,14,16,1.0,Non cohérente,Non cohérentes
2613,201600024174,2016-09-21,2016,septembre,mercredi,21:55,33,33063,44.8452,-0.57789,En agglomération,Giratoire,1.0,Nuit avec éclairage public allumé,Normale,4,A sens unique,2.0,Pente,2.0,0.0,0.0,Normale,0.0,Sur chaussée,Blessé léger,Masculin,19.0,Autre,3,4,0.0,2.0,1.0,1.0,201600024174A01,7,1,1.0,Cohérente,Non cohérentes
2614,201600024178,2016-09-23,2016,septembre,vendredi,18:43,33,33063,44.8511,-0.56927,En agglomération,Hors intersection,3.0,Plein jour,Normale,4,A chaussées séparées,9.0,Plat,1.0,0.0,0.0,Normale,4.0,Sur chaussée,Blessé léger,Masculin,29.0,Autre,3,2,0.0,4.0,1.0,13.0,201600024178A01,40,1,1.0,Cohérente,Non cohérentes
2615,201600024184,2016-09-23,2016,septembre,vendredi,15:40,33,33063,44.85054,-0.60612,En agglomération,Intersection en Y,3.0,Plein jour,Normale,4,Bidirectionnelle,2.0,Plat,1.0,0.0,0.0,Normale,0.0,Aucun,Blessé hospitalisé,Masculin,84.0,Non renseigné,3,9,0.0,2.0,8.0,1.0,201600024184B01,1,14,1.0,Cohérente,Non cohérentes
2616,201600024200,2016-09-30,2016,septembre,vendredi,72:5,33,33063,44.8536,-0.62191,En agglomération,Intersection en T,3.0,Crépuscule ou aube,Normale,4,Bidirectionnelle,2.0,Pente,1.0,0.0,0.0,Normale,0.0,Sur chaussée,Blessé léger,Féminin,31.0,Autre,3,2,0.0,2.0,1.0,5.0,201600024200A01,7,16,1.0,Non cohérente,Non cohérentes
2617,201600024202,2016-10-01,2016,octobre,samedi,42:0,33,33063,44.8282,-0.56077,En agglomération,Intersection en X,2.0,Nuit avec éclairage public allumé,Pluie légère,4,A sens unique,1.0,Plat,1.0,0.0,60.0,Mouillée,0.0,Aucun,Blessé léger,Masculin,20.0,Autre,3,9,0.0,0.0,4.0,1.0,201600024202B01,7,1,1.0,Non cohérente,Non cohérentes
2618,201600024213,2016-10-06,2016,octobre,jeudi,15:45,33,33063,44.8389,-0.58178,En agglomération,Intersection en Y,3.0,Plein jour,Normale,4,Bidirectionnelle,2.0,Pente,2.0,0.0,0.0,Normale,0.0,Sur chaussée,Blessé léger,Féminin,31.0,Autre,3,2,0.0,2.0,8.0,1.0,201600024213B01,32,11,1.0,Cohérente,Non cohérentes
2619,201600024214,2016-10-06,2016,octobre,jeudi,93:0,33,33063,44.8657,-0.56219,En agglomération,Intersection en T,3.0,Plein jour,Normale,4,Bidirectionnelle,2.0,Plat,1.0,0.0,0.0,Normale,0.0,Sur chaussée,Blessé léger,Masculin,20.0,Promenade - loisirs,3,9,0.0,2.0,1.0,15.0,201600024214A01,7,1,1.0,Non cohérente,Non cohérentes
2620,201600024234,2016-10-12,2016,octobre,mercredi,74:5,33,33063,44.835,-0.57205,En agglomération,Intersection en X,3.0,Crépuscule ou aube,Normale,4,Bidirectionnelle,2.0,Plat,1.0,0.0,0.0,Normale,0.0,Sur chaussée,Blessé léger,Masculin,45.0,Autre,3,9,0.0,2.0,1.0,7.0,201600024234B01,7,15,1.0,Non cohérente,Non cohérentes
2621,201600024241,2016-10-15,2016,octobre,samedi,15:50,33,33063,44.8471,-0.57668,En agglomération,Intersection en T,3.0,Plein jour,Normale,4,A chaussées séparées,5.0,Plat,1.0,0.0,0.0,Normale,0.0,Sur chaussée,Blessé léger,Masculin,57.0,Autre,3,2,0.0,2.0,1.0,19.0,201600024241A01,7,15,1.0,Cohérente,Non cohérentes
2622,201600024259,2016-10-20,2016,octobre,jeudi,21:50,33,33063,44.8387,-0.5892,En agglomération,Intersection en X,3.0,Nuit avec éclairage public allumé,Normale,4,A sens unique,1.0,Plat,1.0,0.0,45.0,Normale,0.0,Sur chaussée,Blessé léger,Féminin,33.0,Domicile - travail,3,2,0.0,0.0,8.0,1.0,201600024259A01,7,1,1.0,Cohérente,Non cohérentes
2623,201600024290,2016-10-28,2016,octobre,vendredi,18:00,33,33063,44.8451,-0.62853,En agglomération,Intersection en T,1.0,Plein jour,Normale,4,Bidirectionnelle,2.0,Plat,1.0,0.0,0.0,Normale,0.0,Sur chaussée,Blessé léger,Masculin,12.0,Autre,3,2,0.0,2.0,1.0,19.0,201600024290A01,2,1,1.0,Cohérente,Non cohérentes
2624,201600024292,2016-11-02,2016,novembre,mercredi,91:5,33,33063,44.8524,-0.57422,En agglomération,Intersection en X,6.0,Plein jour,Normale,4,Bidirectionnelle,3.0,Plat,1.0,0.0,0.0,Normale,4.0,Sur trottoir,Indemne,Masculin,49.0,Autre,3,2,0.0,1.0,1.0,1.0,201600024292A01,,,,Non cohérente,Non cohérentes
2625,201600024304,2016-11-07,2016,novembre,lundi,74:5,33,33063,44.8157,-0.57245,En agglomération,Hors intersection,1.0,Crépuscule ou aube,Normale,4,Bidirectionnelle,2.0,Plat,1.0,0.0,0.0,Normale,0.0,Sur chaussée,Blessé léger,Masculin,33.0,Autre,2,2,0.0,2.0,1.0,1.0,201600024304B01,7,19,1.0,Non cohérente,Non cohérentes
2626,201600024317,2016-11-09,2016,novembre,mercredi,16:30,33,33063,44.8551,-0.57178,En agglomération,Autre intersection,3.0,Plein jour,Pluie forte,4,Non renseigné,2.0,Plat,1.0,0.0,0.0,Mouillée,0.0,Sur chaussée,Blessé léger,Féminin,49.0,Autre,3,2,0.0,0.0,8.0,23.0,201600024317B01,7,16,1.0,Cohérente,Non cohérentes
2627,201600024319,2016-11-14,2016,novembre,lundi,81:0,33,33063,44.84834,-0.61677,En agglomération,Giratoire,3.0,Crépuscule ou aube,Normale,4,Bidirectionnelle,2.0,Plat,1.0,0.0,0.0,Normale,0.0,Sur chaussée,Blessé léger,Féminin,28.0,Non renseigné,3,2,0.0,0.0,5.0,1.0,201600024319B01,7,1,1.0,Non cohérente,Non cohérentes
2628,201600024340,2016-11-21,2016,novembre,lundi,10:20,33,33063,44.8387,-0.5892,En agglomération,Intersection en X,3.0,Plein jour,Normale,4,A sens unique,2.0,Plat,1.0,0.0,50.0,Normale,0.0,Sur chaussée,Blessé léger,Féminin,33.0,Domicile - travail,3,9,0.0,2.0,1.0,16.0,201600024340A01,7,1,1.0,Cohérente,Non cohérentes
2629,201600024342,2016-11-23,2016,novembre,mercredi,73:0,33,33063,44.85357,-0.54172,En agglomération,Intersection en X,3.0,Plein jour,Pluie légère,4,Bidirectionnelle,2.0,Plat,1.0,0.0,0.0,Mouillée,0.0,Aucun,Blessé léger,Masculin,46.0,Domicile - travail,3,9,0.0,2.0,1.0,1.0,201600024342B01,10,1,1.0,Non cohérente,Non cohérentes
2630,201600024349,2016-11-23,2016,novembre,mercredi,84:8,33,33063,44.83665,-0.59879,En agglomération,Intersection en X,2.0,Plein jour,Pluie légère,4,Bidirectionnelle,2.0,Plat,1.0,0.0,0.0,Mouillée,0.0,Aucun,Blessé léger,Féminin,23.0,Domicile - travail,3,2,0.0,0.0,3.0,16.0,201600024349B01,7,4,1.0,Non cohérente,Non cohérentes
2631,201600024355,2016-11-24,2016,novembre,jeudi,21:20,33,33063,44.85096,-0.57781,En agglomération,Intersection en X,1.0,Nuit avec éclairage public allumé,Normale,4,A sens unique,1.0,Plat,1.0,0.0,0.0,Normale,0.0,Aucun,Blessé léger,Masculin,27.0,Utilisation professionnelle,2,2,0.0,2.0,1.0,0.0,201600024355B01,7,1,1.0,Cohérente,Non cohérentes
2632,201600024382,2016-12-03,2016,décembre,samedi,23:05,33,33063,44.85939,-0.55483,En agglomération,Hors intersection,3.0,Nuit avec éclairage public allumé,Normale,4,A chaussées séparées,6.0,Plat,1.0,0.0,0.0,Normale,0.0,Sur chaussée,Blessé hospitalisé,Masculin,33.0,Non renseigné,3,2,0.0,2.0,8.0,0.0,201600024382B01,7,0,1.0,Cohérente,Non cohérentes
2633,201600024393,2016-12-06,2016,décembre,mardi,73:0,33,33063,44.82967,-0.59567,En agglomération,Hors intersection,3.0,Crépuscule ou aube,Normale,4,A chaussées séparées,7.0,Pente,1.0,0.0,0.0,Mouillée,0.0,Sur chaussée,Blessé léger,Masculin,27.0,Domicile - travail,3,2,1.0,2.0,1.0,1.0,201600024393B01,7,20,1.0,Non cohérente,Non cohérentes
2634,201600024411,2016-11-09,2016,novembre,mercredi,16:15,33,33063,44.8453,-0.61535,En agglomération,Intersection en X,3.0,Plein jour,Pluie légère,4,Bidirectionnelle,4.0,Plat,1.0,0.0,0.0,Mouillée,0.0,Sur chaussée,Blessé léger,Masculin,46.0,Autre,3,2,0.0,0.0,8.0,1.0,201600024411B01,7,15,1.0,Cohérente,Non cohérentes
2635,201600024415,2016-12-14,2016,décembre,mercredi,18:30,33,33063,44.82484,-0.5665,En agglomération,Intersection en T,3.0,Nuit avec éclairage public allumé,Normale,4,A sens unique,1.0,Plat,1.0,0.0,0.0,Normale,0.0,Aucun,Blessé léger,Féminin,46.0,Non renseigné,3,9,0.0,2.0,1.0,1.0,201600024415B01,10,1,1.0,Cohérente,Non cohérentes
2636,201600024434,2016-12-19,2016,décembre,lundi,15:50,33,33063,44.8148,-0.57263,En agglomération,Intersection en X,1.0,Plein jour,Normale,4,A chaussées séparées,7.0,Plat,1.0,0.0,0.0,Normale,0.0,Sur chaussée,Blessé léger,Féminin,30.0,Utilisation professionnelle,3,9,0.0,0.0,1.0,1.0,201600024434B01,7,15,1.0,Cohérente,Non cohérentes
2637,201600024461,2016-12-23,2016,décembre,vendredi,13:30,33,33063,44.83071,-0.57196,En agglomération,Intersection en T,3.0,Plein jour,Normale,4,Bidirectionnelle,3.0,Plat,4.0,0.0,0.0,Normale,0.0,Sur chaussée,Blessé léger,Féminin,43.0,Non renseigné,3,2,0.0,0.0,0.0,1.0,201600024461B01,7,1,1.0,Cohérente,Non cohérentes
2638,201600026130,2016-03-08,2016,mars,mardi,14:38,38,38185,45.1868,5.7362,En agglomération,Hors intersection,3.0,Plein jour,Pluie légère,3,A chaussées séparées,0.0,Plat,1.0,0.0,0.0,Non renseigné,4.0,Sur chaussée,Blessé hospitalisé,Féminin,67.0,Non renseigné,2,9,8.0,4.0,1.0,16.0,201600026130A01,40,1,1.0,Cohérente,Cohérentes
2639,201600026140,2016-03-25,2016,mars,vendredi,22:5,38,38185,45.17631,5.72355,En agglomération,Hors intersection,6.0,Nuit avec éclairage public allumé,Normale,3,A sens unique,2.0,Plat,1.0,0.0,0.0,Normale,0.0,Sur chaussée,Blessé hospitalisé,Féminin,20.0,Promenade - loisirs,2,9,0.0,0.0,0.0,0.0,201600026140B01,7,0,1.0,Cohérente,Cohérentes
2640,201600026151,2016-05-10,2016,mai,mardi,85:0,38,38185,45.1893,5.72103,En agglomération,Intersection en T,3.0,Plein jour,Normale,4,Bidirectionnelle,2.0,Plat,1.0,0.0,0.0,Mouillée,0.0,Sur chaussée,Blessé léger,Masculin,28.0,Non renseigné,2,2,0.0,2.0,1.0,1.0,201600026151B01,7,9,1.0,Non cohérente,Cohérentes
2641,201600026157,2016-05-25,2016,mai,mercredi,54:5,38,38185,45.18188,5.71674,En agglomération,Intersection en T,3.0,Crépuscule ou aube,Normale,3,A sens unique,1.0,Plat,1.0,0.0,0.0,Normale,0.0,Sur chaussée,Blessé léger,Masculin,45.0,Domicile - travail,3,9,0.0,2.0,1.0,1.0,201600026157A01,7,9,1.0,Non cohérente,Cohérentes
2642,201600026172,2016-07-05,2016,juillet,mardi,75:0,38,38185,0.0,0.0,En agglomération,Autre intersection,6.0,Plein jour,Normale,4,A sens unique,2.0,Plat,1.0,0.0,0.0,Normale,5.0,Sur chaussée,Blessé hospitalisé,Masculin,24.0,Domicile - travail,2,9,0.0,2.0,1.0,1.0,201600026172B01,14,16,1.0,Non cohérente,Non cohérentes
2643,201600026179,2016-07-10,2016,juillet,dimanche,75:0,38,38185,45.18856,5.71121,En agglomération,Intersection en X,6.0,Plein jour,Normale,4,A sens unique,,,,,,Normale,,,Blessé léger,Féminin,73.0,Non renseigné,3,2,0.0,0.0,0.0,0.0,201600026179B01,7,1,1.0,Non cohérente,Cohérentes
2644,201600026193,2016-09-08,2016,septembre,jeudi,18:20,38,38185,45.18651,5.73511,En agglomération,Intersection en X,6.0,Plein jour,Normale,3,A chaussées séparées,2.0,Plat,1.0,23.0,94.0,Normale,0.0,Sur chaussée,Blessé léger,Masculin,30.0,Non renseigné,1,2,0.0,2.0,7.0,3.0,201600026193A01,7,2,1.0,Cohérente,Cohérentes