,Num_Acc,date,an,mois,jour,hrmn,dep,com,lat,long,agg,int,col,lum,atm,catr,circ,nbv,prof,plan,lartpc,larrout,surf,infra,situ,grav,sexe,age,trajet,secuexist,equipement,obs,obsm,choc,manv,vehiculeid,typevehicules,manoeuvehicules,numVehicules,statut_heure,statut_coord
2645,201600026196,2016-09-15,2016,septembre,jeudi,95:5,38,38185,0.0,0.0,En agglomération,Intersection en X,3.0,Plein jour,Normale,4,Bidirectionnelle,2.0,Plat,1.0,0.0,89.0,Normale,0.0,Sur chaussée,Blessé léger,Masculin,61.0,Non renseigné,2,2,0.0,0.0,0.0,0.0,201600026196B01,7,2,1.0,Non cohérente,Non cohérentes
2646,201600026201,2016-09-30,2016,septembre,vendredi,75:0,38,38185,45.1859,5.71502,En agglomération,Intersection en T,6.0,Plein jour,Normale,4,Bidirectionnelle,2.0,Plat,1.0,0.0,0.0,Normale,0.0,Sur chaussée,Blessé léger,Masculin,26.0,Domicile - travail,3,2,0.0,2.0,0.0,1.0,201600026201B01,7,15,1.0,Non cohérente,Cohérentes
2647,201600026216,2016-11-04,2016,novembre,vendredi,18:45,38,38185,45.1894,5.73057,En agglomération,Intersection en T,6.0,Nuit avec éclairage public allumé,Normale,4,A sens unique,1.0,Plat,1.0,0.0,53.0,Normale,0.0,Sur chaussée,Blessé hospitalisé,Masculin,39.0,Non renseigné,3,2,0.0,0.0,0.0,0.0,201600026216B01,7,15,1.0,Cohérente,Cohérentes
2648,201600026219,2016-11-16,2016,novembre,mercredi,14:40,38,38185,45.17056,5.72762,En agglomération,Intersection en X,6.0,Plein jour,Normale,3,Bidirectionnelle,2.0,Plat,1.0,0.0,0.0,Normale,0.0,Sur chaussée,Blessé hospitalisé,Féminin,40.0,Domicile - travail,1,2,0.0,0.0,0.0,0.0,201600026219B01,7,16,1.0,Cohérente,Cohérentes
2649,201600026221,2016-11-21,2016,novembre,lundi,16:45,38,38185,45.18588,5.71656,En agglomération,Intersection en X,6.0,Plein jour,Autre,3,Bidirectionnelle,2.0,Plat,1.0,0.0,0.0,Non renseigné,0.0,Sur chaussée,Blessé léger,Masculin,24.0,Non renseigné,2,9,0.0,2.0,1.0,5.0,201600026221B01,7,13,1.0,Cohérente,Cohérentes
2650,201600026225,2016-12-01,2016,décembre,jeudi,74:0,38,38185,45.17052,5.72754,En agglomération,Intersection en X,3.0,Plein jour,Normale,3,Bidirectionnelle,3.0,Non renseigné,-1.0,0.0,0.0,Non renseigné,0.0,Sur chaussée,Blessé léger,Masculin,23.0,Non renseigné,2,4,0.0,2.0,1.0,0.0,201600026225A01,30,0,1.0,Non cohérente,Cohérentes
2651,201600026233,2016-12-20,2016,décembre,mardi,91:0,38,38185,45.18789,5.72231,En agglomération,Hors intersection,2.0,Plein jour,Normale,3,Bidirectionnelle,2.0,Plat,1.0,0.0,0.0,Normale,0.0,Sur chaussée,Blessé léger,Masculin,22.0,Non renseigné,2,2,0.0,2.0,1.0,2.0,201600026233A01,7,2,1.0,Non cohérente,Cohérentes
2652,201600032300,2016-01-02,2016,janvier,samedi,11:15,67,67482,48.5779,7.70399,En agglomération,Intersection en T,6.0,Plein jour,Pluie légère,4,Bidirectionnelle,2.0,Plat,1.0,0.0,80.0,Mouillée,0.0,Sur chaussée,Tué,Féminin,83.0,Non renseigné,3,9,0.0,2.0,0.0,1.0,201600032300A01,7,0,1.0,Cohérente,Non cohérentes
2653,201600032322,2016-01-22,2016,janvier,vendredi,23:00,67,67482,0.0,0.0,En agglomération,Hors intersection,1.0,Nuit avec éclairage public allumé,Normale,4,Bidirectionnelle,2.0,Plat,1.0,0.0,100.0,Normale,0.0,Sur piste cyclable,Blessé léger,Masculin,27.0,Promenade - loisirs,2,2,0.0,2.0,1.0,13.0,201600032322A01,1,1,1.0,Cohérente,Non cohérentes
2654,201600032332,2016-02-03,2016,février,mercredi,82:0,67,67482,48.58999,7.76835,En agglomération,Hors intersection,6.0,Plein jour,Normale,4,Non renseigné,2.0,Plat,1.0,0.0,85.0,Normale,0.0,Aucun,Indemne,Féminin,22.0,Domicile - école,3,9,0.0,1.0,1.0,1.0,201600032332A01,,,,Non cohérente,Non cohérentes
2655,201600032344,2016-02-10,2016,février,mercredi,13:55,67,67482,48.58235,7.7572,En agglomération,Intersection en Y,3.0,Plein jour,Normale,4,Bidirectionnelle,2.0,Plat,1.0,0.0,236.0,Normale,0.0,Sur chaussée,Blessé léger,Féminin,19.0,Promenade - loisirs,3,9,0.0,2.0,1.0,19.0,201600032344B01,7,1,1.0,Cohérente,Non cohérentes
2656,201600032347,2016-02-12,2016,février,vendredi,53:1,67,67482,48.58587,7.77566,En agglomération,Hors intersection,6.0,Nuit avec éclairage public allumé,Normale,4,A chaussées séparées,0.0,Plat,1.0,78.0,120.0,Normale,0.0,Sur chaussée,Tué,Masculin,22.0,Non renseigné,1,2,1.0,0.0,0.0,0.0,201600032347A01,,,,Non cohérente,Non cohérentes
2657,201600032348,2016-02-12,2016,février,vendredi,64:5,67,67482,48.58454,7.71463,En agglomération,Hors intersection,1.0,Nuit avec éclairage public allumé,Normale,4,A chaussées séparées,2.0,Plat,1.0,0.0,90.0,Mouillée,0.0,Sur piste cyclable,Blessé léger,Masculin,51.0,Non renseigné,1,4,0.0,2.0,1.0,1.0,201600032348A01,1,1,1.0,Non cohérente,Non cohérentes
2658,201600032348,2016-02-12,2016,février,vendredi,64:5,67,67482,48.58454,7.71463,En agglomération,Hors intersection,1.0,Nuit avec éclairage public allumé,Normale,4,A chaussées séparées,2.0,Plat,1.0,0.0,90.0,Mouillée,0.0,Sur piste cyclable,Blessé léger,Masculin,30.0,Non renseigné,2,9,0.0,2.0,1.0,1.0,201600032348B01,1,1,1.0,Non cohérente,Non cohérentes
2659,201600032349,2016-02-12,2016,février,vendredi,18:05,67,67482,48.5752,7.75369,En agglomération,Hors intersection,3.0,Nuit avec éclairage public allumé,Pluie légère,4,Bidirectionnelle,4.0,Plat,1.0,0.0,150.0,Normale,0.0,Sur chaussée,Blessé léger,Masculin,24.0,Domicile - travail,3,9,0.0,2.0,1.0,19.0,201600032349A01,7,1,1.0,Cohérente,Non cohérentes
2660,201600032350,2016-02-13,2016,février,samedi,64:0,67,67482,48.5753,7.75464,En agglomération,Intersection en X,3.0,Nuit avec éclairage public allumé,Normale,4,Avec voies d'affectation variable,5.0,Plat,1.0,0.0,0.0,Mouillée,0.0,Aucun,Blessé léger,Masculin,21.0,Promenade - loisirs,3,9,0.0,2.0,1.0,1.0,201600032350A01,7,1,1.0,Non cohérente,Non cohérentes
2661,201600032352,2016-02-17,2016,février,mercredi,71:5,67,67482,48.58057,7.72766,En agglomération,Intersection en T,3.0,Plein jour,Normale,4,Bidirectionnelle,2.0,Plat,1.0,0.0,59.0,Normale,0.0,Sur chaussée,Blessé léger,Masculin,55.0,Promenade - loisirs,1,4,0.0,2.0,1.0,1.0,201600032352B01,7,16,1.0,Non cohérente,Non cohérentes
2662,201600032355,2016-02-22,2016,février,lundi,16:15,67,67482,48.60413,7.71252,En agglomération,Intersection en T,3.0,Plein jour,Normale,4,Bidirectionnelle,2.0,Plat,1.0,0.0,80.0,Non renseigné,0.0,Aucun,Blessé léger,Féminin,22.0,Domicile - travail,1,9,0.0,2.0,0.0,15.0,201600032355B01,7,1,1.0,Cohérente,Non cohérentes
2663,201600032357,2016-02-23,2016,février,mardi,13:20,67,67482,48.582,7.75426,En agglomération,Intersection en X,3.0,Plein jour,Pluie légère,4,A sens unique,1.0,Plat,1.0,0.0,35.0,Mouillée,0.0,Sur chaussée,Blessé léger,Féminin,21.0,Promenade - loisirs,1,2,0.0,2.0,6.0,1.0,201600032357B01,7,1,1.0,Cohérente,Non cohérentes
2664,201600032358,2016-02-24,2016,février,mercredi,10:20,67,67482,48.54907,7.74987,En agglomération,Hors intersection,2.0,Plein jour,Normale,4,Bidirectionnelle,2.0,Plat,1.0,41.0,0.0,Normale,0.0,Sur chaussée,Blessé léger,Masculin,45.0,Domicile - travail,1,4,0.0,2.0,4.0,15.0,201600032358B01,32,1,1.0,Cohérente,Non cohérentes
2665,201600032361,2016-02-27,2016,février,samedi,71:5,67,67482,48.56231,7.74581,En agglomération,Intersection en T,3.0,Crépuscule ou aube,Normale,4,Bidirectionnelle,2.0,Plat,1.0,0.0,80.0,Normale,0.0,Sur chaussée,Blessé hospitalisé,Masculin,50.0,Domicile - travail,3,9,0.0,2.0,1.0,1.0,201600032361B01,10,15,1.0,Non cohérente,Non cohérentes
2666,201600032365,2016-03-03,2016,mars,jeudi,16:35,67,67482,48.57416,7.77125,En agglomération,Hors intersection,3.0,Plein jour,Normale,4,Bidirectionnelle,3.0,Plat,-1.0,0.0,80.0,Mouillée,0.0,Sur chaussée,Blessé léger,Féminin,20.0,Non renseigné,3,2,0.0,2.0,1.0,19.0,201600032365B01,7,1,1.0,Cohérente,Non cohérentes
2667,201600032378,2016-03-11,2016,mars,vendredi,17:35,67,67482,48.589,7.74218,En agglomération,Hors intersection,3.0,Plein jour,Normale,4,A sens unique,4.0,Plat,1.0,50.0,71.0,Non renseigné,0.0,Sur chaussée,Blessé léger,Masculin,22.0,Non renseigné,3,2,0.0,2.0,8.0,1.0,201600032378B01,7,1,1.0,Cohérente,Non cohérentes
2668,201600032385,2016-03-16,2016,mars,mercredi,17:06,67,67482,48.56834,7.75742,En agglomération,Hors intersection,6.0,Plein jour,Normale,4,Bidirectionnelle,2.0,Plat,1.0,0.0,70.0,Normale,0.0,Sur piste cyclable,Indemne,Masculin,20.0,Domicile - travail,3,9,0.0,1.0,1.0,1.0,201600032385A01,,,,Cohérente,Non cohérentes
2669,201600032393,2016-03-29,2016,mars,mardi,14:00,67,67482,48.58102,7.69713,En agglomération,Hors intersection,3.0,Plein jour,Normale,4,Bidirectionnelle,1.0,Plat,1.0,0.0,99.0,Normale,0.0,Sur chaussée,Blessé léger,Masculin,63.0,Promenade - loisirs,2,9,1.0,0.0,1.0,1.0,201600032393B01,10,22,1.0,Cohérente,Non cohérentes
2670,201600032396,2016-03-30,2016,mars,mercredi,82:5,67,67482,48.60102,7.7148,En agglomération,Intersection en X,3.0,Plein jour,Pluie légère,4,Bidirectionnelle,2.0,Plat,1.0,0.0,96.0,Mouillée,0.0,Sur chaussée,Blessé léger,Masculin,34.0,Domicile - travail,1,2,0.0,2.0,1.0,0.0,201600032396B01,7,15,1.0,Non cohérente,Non cohérentes
2671,201600032399,2016-03-31,2016,mars,jeudi,70:0,67,67482,0.0,0.0,En agglomération,Hors intersection,2.0,Plein jour,Temps couvert,4,A chaussées séparées,6.0,Plat,1.0,40.0,138.0,Normale,0.0,Sur chaussée,Blessé léger,Masculin,47.0,Domicile - travail,1,4,0.0,2.0,1.0,1.0,201600032399B01,7,16,1.0,Non cohérente,Non cohérentes
2672,201600032410,2016-04-09,2016,avril,samedi,19:20,67,67482,48.5712,8.5712,En agglomération,Hors intersection,1.0,Plein jour,Normale,4,A chaussées séparées,3.0,Plat,1.0,0.0,69.0,Normale,0.0,Sur piste cyclable,Blessé léger,Masculin,53.0,Promenade - loisirs,3,9,0.0,2.0,1.0,1.0,201600032410A01,1,1,1.0,Cohérente,Non cohérentes
2673,201600032416,2016-04-13,2016,avril,mercredi,20:00,67,67482,48.54617,7.75129,En agglomération,Hors intersection,3.0,Plein jour,Normale,4,Bidirectionnelle,2.0,Plat,-1.0,0.0,50.0,Normale,0.0,Sur chaussée,Blessé léger,Masculin,51.0,Non renseigné,1,4,0.0,2.0,1.0,1.0,201600032416A01,7,1,1.0,Cohérente,Non cohérentes
2674,201600032427,2016-04-21,2016,avril,jeudi,17:00,67,67482,48.57772,7.75107,En agglomération,Hors intersection,3.0,Plein jour,Normale,4,Bidirectionnelle,2.0,Plat,1.0,0.0,75.0,Normale,0.0,Sur chaussée,Blessé léger,Féminin,32.0,Non renseigné,3,4,0.0,2.0,1.0,1.0,201600032427A01,7,22,1.0,Cohérente,Non cohérentes
2675,201600032430,2016-04-22,2016,avril,vendredi,17:20,67,67482,48.5672,7.76254,En agglomération,Intersection en T,3.0,Plein jour,Normale,4,Bidirectionnelle,2.0,Plat,1.0,0.0,70.0,Normale,0.0,Aucun,Blessé hospitalisé,Masculin,13.0,Promenade - loisirs,3,9,0.0,2.0,1.0,15.0,201600032430B01,7,1,1.0,Cohérente,Non cohérentes
2676,201600032431,2016-04-23,2016,avril,samedi,23:20,67,67482,0.0,0.0,En agglomération,Hors intersection,1.0,Nuit sans éclairage public,Normale,4,Bidirectionnelle,2.0,Plat,1.0,0.0,90.0,Normale,0.0,Sur piste cyclable,Blessé léger,Féminin,26.0,Promenade - loisirs,2,9,0.0,2.0,1.0,1.0,201600032431B01,1,1,1.0,Cohérente,Non cohérentes
2677,201600032431,2016-04-23,2016,avril,samedi,23:20,67,67482,0.0,0.0,En agglomération,Hors intersection,1.0,Nuit sans éclairage public,Normale,4,Bidirectionnelle,2.0,Plat,1.0,0.0,90.0,Normale,0.0,Sur piste cyclable,Blessé léger,Masculin,32.0,Promenade - loisirs,3,9,0.0,2.0,1.0,1.0,201600032431A01,1,1,1.0,Cohérente,Non cohérentes
2678,201600032433,2016-04-24,2016,avril,dimanche,13:15,67,67482,0.0,0.0,En agglomération,Hors intersection,3.0,Plein jour,Normale,4,Bidirectionnelle,2.0,Plat,1.0,0.0,73.0,Normale,0.0,Sur chaussée,Blessé hospitalisé,Féminin,49.0,Autre,1,9,0.0,2.0,8.0,1.0,201600032433B01,7,1,1.0,Cohérente,Non cohérentes
2679,201600032434,2016-04-24,2016,avril,dimanche,20:25,67,67482,48.57152,7.77038,Hors agglomération,Hors intersection,3.0,Plein jour,Normale,4,A chaussées séparées,5.0,Plat,-1.0,128.0,155.0,Normale,0.0,Sur chaussée,Blessé léger,Féminin,23.0,Non renseigné,1,4,0.0,2.0,1.0,19.0,201600032434B01,7,15,1.0,Cohérente,Non cohérentes
2680,201600032441,2016-05-03,2016,mai,mardi,83:0,67,67482,48.59371,7.75817,Hors agglomération,Intersection en X,1.0,Plein jour,Normale,4,A sens unique,1.0,Plat,1.0,0.0,35.0,Non renseigné,0.0,Sur chaussée,Blessé léger,Masculin,36.0,Domicile - travail,1,4,0.0,2.0,1.0,19.0,201600032441A01,7,16,1.0,Non cohérente,Non cohérentes
2681,201600032442,2016-05-04,2016,mai,mercredi,17:31,67,67482,48.5868,7.73914,En agglomération,Hors intersection,1.0,Plein jour,Normale,4,Bidirectionnelle,2.0,Plat,1.0,0.0,85.0,Normale,0.0,Sur chaussée,Blessé léger,Féminin,28.0,Non renseigné,1,4,0.0,2.0,1.0,1.0,201600032442A01,1,19,1.0,Cohérente,Non cohérentes
2682,201600032442,2016-05-04,2016,mai,mercredi,17:31,67,67482,48.5868,7.73914,En agglomération,Hors intersection,1.0,Plein jour,Normale,4,Bidirectionnelle,2.0,Plat,1.0,0.0,85.0,Normale,0.0,Sur chaussée,Indemne,Féminin,31.0,Non renseigné,1,4,0.0,2.0,8.0,19.0,201600032442B01,1,1,1.0,Cohérente,Non cohérentes
2683,201600032443,2016-05-06,2016,mai,vendredi,17:00,67,67482,48.58752,7.71777,En agglomération,Intersection en T,3.0,Plein jour,Normale,4,Bidirectionnelle,2.0,Plat,1.0,0.0,90.0,Normale,0.0,Aucun,Blessé léger,Masculin,37.0,Promenade - loisirs,3,9,0.0,2.0,8.0,1.0,201600032443A01,7,15,1.0,Cohérente,Non cohérentes
2684,201600032448,2016-05-11,2016,mai,mercredi,14:35,67,67482,48.58706,7.76658,En agglomération,Hors intersection,6.0,Plein jour,Normale,4,A chaussées séparées,4.0,Plat,1.0,20.0,120.0,Normale,0.0,Sur chaussée,Blessé léger,Masculin,21.0,Domicile - travail,1,2,0.0,1.0,1.0,1.0,201600032448A01,,,,Cohérente,Non cohérentes
2685,201600032454,2016-05-16,2016,mai,lundi,18:00,67,67482,48.6007,7.70946,En agglomération,Hors intersection,6.0,Plein jour,Pluie légère,4,Bidirectionnelle,2.0,Plat,1.0,0.0,60.0,Mouillée,0.0,Sur chaussée,Blessé hospitalisé,Masculin,58.0,Autre,3,4,0.0,1.0,0.0,0.0,201600032454A01,,,,Cohérente,Non cohérentes
2686,201600032455,2016-05-16,2016,mai,lundi,17:01,67,67482,48.57768,7.70391,En agglomération,Intersection en X,3.0,Plein jour,Normale,4,Bidirectionnelle,2.0,Plat,1.0,0.0,122.0,Mouillée,0.0,Sur chaussée,Blessé léger,Féminin,26.0,Promenade - loisirs,3,9,0.0,2.0,8.0,1.0,201600032455B01,7,1,1.0,Cohérente,Non cohérentes
2687,201600032458,2016-05-19,2016,mai,jeudi,10:10,67,67482,48.58072,7.74935,En agglomération,Intersection en T,3.0,Plein jour,Normale,4,Non renseigné,1.0,Plat,1.0,0.0,50.0,Normale,6.0,Sur chaussée,Blessé léger,Masculin,35.0,Promenade - loisirs,3,9,0.0,2.0,2.0,1.0,201600032458B01,1,1,1.0,Cohérente,Non cohérentes
2688,201600032458,2016-05-19,2016,mai,jeudi,10:10,67,67482,48.58072,7.74935,En agglomération,Intersection en T,3.0,Plein jour,Normale,4,Non renseigné,1.0,Plat,1.0,0.0,50.0,Normale,6.0,Sur chaussée,Indemne,Masculin,37.0,Promenade - loisirs,3,9,0.0,2.0,1.0,1.0,201600032458A01,1,1,1.0,Cohérente,Non cohérentes
2689,201600032461,2016-05-21,2016,mai,samedi,13:24,67,67482,48.57045,7.77574,En agglomération,Intersection en X,3.0,Plein jour,Normale,4,A chaussées séparées,3.0,Plat,1.0,0.0,86.0,Normale,0.0,Sur chaussée,Blessé léger,Masculin,32.0,Promenade - loisirs,2,9,0.0,2.0,1.0,1.0,201600032461B01,7,16,1.0,Cohérente,Non cohérentes
2690,201600032463,2016-05-23,2016,mai,lundi,10:50,67,67482,0.0,0.0,En agglomération,Intersection en X,1.0,Plein jour,Pluie forte,4,Bidirectionnelle,2.0,Plat,1.0,0.0,90.0,Mouillée,0.0,Sur chaussée,Blessé hospitalisé,Masculin,46.0,Domicile - travail,3,9,0.0,2.0,1.0,1.0,201600032463B01,10,15,1.0,Cohérente,Non cohérentes
2691,201600032465,2016-05-24,2016,mai,mardi,12:10,67,67482,48.5846,7.75144,En agglomération,Intersection en X,6.0,Plein jour,Normale,4,Bidirectionnelle,2.0,Plat,1.0,0.0,50.0,Normale,0.0,Sur chaussée,Blessé léger,Masculin,44.0,Autre,1,4,0.0,2.0,0.0,1.0,201600032465A01,1,1,1.0,Cohérente,Non cohérentes
2692,201600032465,2016-05-24,2016,mai,mardi,12:10,67,67482,48.5846,7.75144,En agglomération,Intersection en X,6.0,Plein jour,Normale,4,Bidirectionnelle,2.0,Plat,1.0,0.0,50.0,Normale,0.0,Sur chaussée,Indemne,Masculin,43.0,Non renseigné,1,4,0.0,2.0,1.0,1.0,201600032465B01,1,1,1.0,Cohérente,Non cohérentes
2693,201600032468,2016-05-25,2016,mai,mercredi,12:15,67,67482,48.59931,7.72456,En agglomération,Hors intersection,3.0,Plein jour,Normale,4,Non renseigné,4.0,Plat,1.0,32.0,37.0,Normale,0.0,Sur chaussée,Blessé léger,Masculin,19.0,Promenade - loisirs,3,9,0.0,2.0,7.0,19.0,201600032468B01,7,1,1.0,Cohérente,Non cohérentes
2694,201600032483,2016-06-03,2016,juin,vendredi,22:25,67,67482,48.57325,7.7555,En agglomération,Intersection en T,3.0,Nuit avec éclairage public allumé,Pluie légère,4,Bidirectionnelle,4.0,Plat,1.0,0.0,81.0,Mouillée,0.0,Sur chaussée,Blessé léger,Féminin,23.0,Domicile - travail,2,9,0.0,2.0,7.0,1.0,201600032483B01,7,16,1.0,Cohérente,Non cohérentes
2695,201600032486,2016-06-07,2016,juin,mardi,70:5,67,67482,48.57549,7.79074,En agglomération,Intersection en X,3.0,Plein jour,Normale,4,Bidirectionnelle,4.0,Plat,3.0,0.0,130.0,Normale,0.0,Sur chaussée,Blessé léger,Féminin,55.0,Domicile - travail,2,9,0.0,2.0,5.0,15.0,201600032486B01,7,16,1.0,Non cohérente,Non cohérentes
2696,201600032489,2016-06-08,2016,juin,mercredi,19:35,67,67482,48.57474,7.75619,En agglomération,Hors intersection,6.0,Plein jour,Normale,4,Non renseigné,1.0,Plat,1.0,0.0,0.0,Normale,0.0,Sur piste cyclable,Indemne,Féminin,39.0,Promenade - loisirs,3,9,0.0,1.0,1.0,1.0,201600032489A01,,,,Cohérente,Non cohérentes
2697,201600032490,2016-06-10,2016,juin,vendredi,13:40,67,67482,48.58518,7.75094,En agglomération,Hors intersection,3.0,Plein jour,Normale,4,A sens unique,1.0,Plat,1.0,0.0,35.0,Normale,0.0,Sur chaussée,Blessé léger,Féminin,24.0,Promenade - loisirs,2,9,0.0,2.0,1.0,19.0,201600032490A01,7,1,1.0,Cohérente,Non cohérentes
2698,201600032493,2016-06-10,2016,juin,vendredi,19:30,67,67482,48.59185,7.75308,En agglomération,Intersection en X,3.0,Plein jour,Normale,4,Bidirectionnelle,2.0,Plat,1.0,0.0,50.0,Normale,0.0,Sur chaussée,Blessé léger,Féminin,27.0,Promenade - loisirs,3,9,0.0,2.0,1.0,1.0,201600032493A01,7,1,1.0,Cohérente,Non cohérentes
2699,201600032494,2016-06-11,2016,juin,samedi,14:10,67,67482,48.57126,7.77216,En agglomération,Intersection en T,3.0,Plein jour,Normale,4,Bidirectionnelle,2.0,Sommet de côte,1.0,0.0,55.0,Normale,0.0,Sur chaussée,Blessé léger,Masculin,51.0,Promenade - loisirs,3,9,0.0,2.0,1.0,1.0,201600032494A01,7,1,1.0,Cohérente,Non cohérentes
2700,201600032496,2016-06-15,2016,juin,mercredi,12:10,67,67482,48.56128,7.7517,En agglomération,Hors intersection,3.0,Plein jour,Pluie légère,4,Bidirectionnelle,2.0,Plat,1.0,0.0,94.0,Normale,0.0,Sur chaussée,Blessé léger,Féminin,33.0,Autre,2,9,0.0,2.0,7.0,1.0,201600032496B01,7,1,1.0,Cohérente,Non cohérentes
2701,201600032505,2016-06-20,2016,juin,lundi,16:35,67,67482,48.58749,7.70019,En agglomération,Intersection en T,3.0,Plein jour,Normale,4,Bidirectionnelle,2.0,Plat,1.0,0.0,63.0,Normale,0.0,Sur chaussée,Blessé léger,Féminin,20.0,Non renseigné,3,2,0.0,2.0,8.0,1.0,201600032505B01,7,1,1.0,Cohérente,Non cohérentes
2702,201600032520,2016-07-01,2016,juillet,vendredi,20:55,67,67482,48.56806,7.75753,En agglomération,Intersection en T,3.0,Plein jour,Normale,4,Bidirectionnelle,2.0,Plat,1.0,0.0,66.0,Normale,0.0,Sur chaussée,Blessé léger,Féminin,27.0,Non renseigné,3,4,0.0,2.0,7.0,0.0,201600032520B01,7,16,1.0,Cohérente,Non cohérentes
2703,201600032525,2016-07-07,2016,juillet,jeudi,16:20,67,67482,48.57758,7.75304,En agglomération,Intersection en X,3.0,Plein jour,Normale,4,Bidirectionnelle,2.0,Plat,3.0,0.0,76.0,Normale,0.0,Sur chaussée,Blessé léger,Masculin,20.0,Promenade - loisirs,3,9,0.0,2.0,1.0,1.0,201600032525B01,30,1,1.0,Cohérente,Non cohérentes
2704,201600032533,2016-07-19,2016,juillet,mardi,14:05,67,67482,48.56315,7.76224,En agglomération,Hors intersection,3.0,Plein jour,Normale,4,Bidirectionnelle,2.0,Plat,1.0,0.0,120.0,Normale,0.0,Sur chaussée,Blessé léger,Masculin,23.0,Promenade - loisirs,3,9,0.0,2.0,8.0,1.0,201600032533B01,7,14,1.0,Cohérente,Non cohérentes
2705,201600032536,2016-07-20,2016,juillet,mercredi,84:0,67,67482,48.58278,7.76345,En agglomération,Intersection en T,3.0,Plein jour,Normale,4,Bidirectionnelle,3.0,Plat,1.0,0.0,100.0,Normale,0.0,Sur chaussée,Blessé léger,Féminin,24.0,Domicile - travail,2,9,0.0,2.0,8.0,19.0,201600032536A01,10,16,1.0,Non cohérente,Non cohérentes
2706,201600032545,2016-07-31,2016,juillet,dimanche,16:10,67,67482,48.58685,7.73846,En agglomération,Hors intersection,6.0,Plein jour,Normale,4,A chaussées séparées,2.0,Plat,1.0,40.0,80.0,Mouillée,0.0,Sur piste cyclable,Blessé léger,Masculin,31.0,Promenade - loisirs,3,9,0.0,2.0,7.0,1.0,201600032545B01,7,24,1.0,Cohérente,Non cohérentes
2707,201600032550,2016-08-04,2016,août,jeudi,18:50,67,67482,48.59252,7.73282,Hors agglomération,Hors intersection,3.0,Plein jour,Pluie légère,4,Bidirectionnelle,2.0,Plat,1.0,10.0,90.0,Mouillée,0.0,Sur chaussée,Blessé léger,Masculin,46.0,Non renseigné,1,4,0.0,2.0,8.0,19.0,201600032550A01,7,1,1.0,Cohérente,Non cohérentes
2708,201600032552,2016-08-06,2016,août,samedi,11:40,67,67482,48.56554,7.76817,En agglomération,Intersection en T,3.0,Plein jour,Normale,4,Bidirectionnelle,2.0,Plat,1.0,0.0,40.0,Normale,0.0,Aucun,Blessé léger,Masculin,54.0,Non renseigné,1,4,0.0,2.0,1.0,1.0,201600032552B01,7,15,1.0,Cohérente,Non cohérentes
2709,201600032557,2016-08-13,2016,août,samedi,13:,67,67482,48.56352,7.70416,En agglomération,Hors intersection,3.0,Nuit avec éclairage public allumé,Normale,4,Bidirectionnelle,2.0,Plat,1.0,0.0,0.0,Normale,0.0,Aucun,Blessé léger,Masculin,24.0,Promenade - loisirs,1,4,0.0,2.0,5.0,1.0,201600032557A01,7,14,1.0,Non cohérente,Non cohérentes
2710,201600032558,2016-08-13,2016,août,samedi,18:55,67,67482,48.56305,7.75804,En agglomération,Intersection en T,3.0,Plein jour,Normale,4,Bidirectionnelle,2.0,Plat,1.0,0.0,55.0,Normale,0.0,Sur chaussée,Blessé léger,Masculin,66.0,Promenade - loisirs,2,9,0.0,2.0,1.0,1.0,201600032558B01,7,15,1.0,Cohérente,Non cohérentes
2711,201600032561,2016-08-17,2016,août,mercredi,10:10,67,67482,48.59899,7.79096,En agglomération,Intersection en X,3.0,Plein jour,Normale,4,Bidirectionnelle,2.0,Plat,1.0,0.0,80.0,Normale,0.0,Sur piste cyclable,Indemne,Masculin,21.0,Utilisation professionnelle,3,4,0.0,2.0,1.0,1.0,201600032561A01,1,1,1.0,Cohérente,Non cohérentes
2712,201600032561,2016-08-17,2016,août,mercredi,10:10,67,67482,48.59899,7.79096,En agglomération,Intersection en X,3.0,Plein jour,Normale,4,Bidirectionnelle,2.0,Plat,1.0,0.0,80.0,Normale,0.0,Sur piste cyclable,Blessé léger,Féminin,83.0,Non renseigné,3,4,0.0,2.0,1.0,1.0,201600032561B01,1,1,1.0,Cohérente,Non cohérentes
2713,201600032564,2016-08-19,2016,août,vendredi,15:15,67,67482,0.0,0.0,En agglomération,Hors intersection,3.0,Plein jour,Normale,4,Bidirectionnelle,2.0,Plat,1.0,0.0,0.0,Normale,0.0,Sur piste cyclable,Blessé léger,Masculin,28.0,Non renseigné,1,4,0.0,2.0,7.0,18.0,201600032564A01,1,1,1.0,Cohérente,Non cohérentes
2714,201600032564,2016-08-19,2016,août,vendredi,15:15,67,67482,0.0,0.0,En agglomération,Hors intersection,3.0,Plein jour,Normale,4,Bidirectionnelle,2.0,Plat,1.0,0.0,0.0,Normale,0.0,Sur piste cyclable,Blessé léger,Féminin,59.0,Non renseigné,1,2,0.0,2.0,6.0,1.0,201600032564B01,1,18,1.0,Cohérente,Non cohérentes