,Num_Acc,date,an,mois,jour,hrmn,dep,com,lat,long,agg,int,col,lum,atm,catr,circ,nbv,prof,plan,lartpc,larrout,surf,infra,situ,grav,sexe,age,trajet,secuexist,equipement,obs,obsm,choc,manv,vehiculeid,typevehicules,manoeuvehicules,numVehicules,statut_heure,statut_coord
2715,201600032567,2016-08-25,2016,août,jeudi,14:30,67,67482,48.57037,7.73797,En agglomération,Hors intersection,3.0,Plein jour,Normale,4,Bidirectionnelle,2.0,Plat,1.0,0.0,80.0,Normale,0.0,Sur chaussée,Blessé léger,Masculin,12.0,Non renseigné,1,4,0.0,2.0,1.0,1.0,201600032567A01,7,1,1.0,Cohérente,Non cohérentes
2716,201600032568,2016-08-25,2016,août,jeudi,17:00,67,67482,48.58411,7.7588,En agglomération,Hors intersection,3.0,Plein jour,Normale,4,Bidirectionnelle,3.0,Plat,1.0,0.0,82.0,Normale,0.0,Sur chaussée,Blessé léger,Masculin,29.0,Non renseigné,2,4,0.0,2.0,1.0,19.0,201600032568B01,7,15,1.0,Cohérente,Non cohérentes
2717,201600032569,2016-08-25,2016,août,jeudi,17:05,67,67482,48.59224,7.76998,En agglomération,Hors intersection,3.0,Plein jour,Normale,4,Bidirectionnelle,2.0,Plat,1.0,0.0,81.0,Normale,0.0,Sur chaussée,Blessé léger,Féminin,48.0,Non renseigné,3,4,0.0,2.0,1.0,1.0,201600032569B01,7,0,1.0,Cohérente,Non cohérentes
2718,201600032572,2016-08-26,2016,août,vendredi,16:30,67,67482,48.56397,7.75435,En agglomération,Intersection en X,3.0,Plein jour,Normale,4,A sens unique,1.0,Plat,1.0,0.0,40.0,Normale,0.0,Sur chaussée,Blessé léger,Féminin,24.0,Promenade - loisirs,3,9,0.0,2.0,8.0,1.0,201600032572B01,7,15,1.0,Cohérente,Non cohérentes
2719,201600032579,2016-08-30,2016,août,mardi,16:40,67,67482,0.0,0.0,En agglomération,Hors intersection,3.0,Plein jour,Normale,4,Bidirectionnelle,0.0,Plat,1.0,0.0,50.0,Normale,0.0,Sur chaussée,Blessé léger,Masculin,13.0,Promenade - loisirs,3,9,0.0,2.0,8.0,19.0,201600032579B01,7,0,1.0,Cohérente,Non cohérentes
2720,201600032582,2016-09-01,2016,septembre,jeudi,15:30,67,67482,48.56562,7.73491,En agglomération,Hors intersection,1.0,Plein jour,Normale,4,Bidirectionnelle,1.0,Plat,1.0,0.0,0.0,Normale,0.0,Sur piste cyclable,Blessé léger,Masculin,24.0,Autre,3,2,0.0,2.0,1.0,1.0,201600032582B01,1,11,1.0,Cohérente,Non cohérentes
2721,201600032582,2016-09-01,2016,septembre,jeudi,15:30,67,67482,48.56562,7.73491,En agglomération,Hors intersection,1.0,Plein jour,Normale,4,Bidirectionnelle,1.0,Plat,1.0,0.0,0.0,Normale,0.0,Sur piste cyclable,Indemne,Féminin,24.0,Non renseigné,3,2,0.0,2.0,1.0,11.0,201600032582A01,1,1,1.0,Cohérente,Non cohérentes
2722,201600032590,2016-09-05,2016,septembre,lundi,16:30,67,67482,48.56301,7.6983,Hors agglomération,Hors intersection,3.0,Plein jour,Normale,4,Bidirectionnelle,2.0,Plat,3.0,30.0,70.0,Normale,0.0,Sur trottoir,Blessé léger,Masculin,5.0,Non renseigné,1,4,0.0,2.0,0.0,0.0,201600032590A01,2,0,1.0,Cohérente,Non cohérentes
2723,201600032593,2016-09-08,2016,septembre,jeudi,16:35,67,67482,48.57819,7.70642,En agglomération,Intersection en T,3.0,Plein jour,Normale,4,Bidirectionnelle,3.0,Plat,1.0,0.0,116.0,Normale,0.0,Sur chaussée,Blessé léger,Masculin,31.0,Domicile - travail,3,4,0.0,2.0,8.0,1.0,201600032593B01,7,15,1.0,Cohérente,Non cohérentes
2724,201600032596,2016-09-09,2016,septembre,vendredi,19:05,67,67482,48.56785,7.7576,En agglomération,Hors intersection,2.0,Plein jour,Normale,4,Bidirectionnelle,2.0,Plat,1.0,0.0,60.0,Normale,0.0,Sur piste cyclable,Indemne,Masculin,38.0,Promenade - loisirs,1,4,0.0,2.0,4.0,1.0,201600032596A01,1,1,1.0,Cohérente,Non cohérentes
2725,201600032596,2016-09-09,2016,septembre,vendredi,19:05,67,67482,48.56785,7.7576,En agglomération,Hors intersection,2.0,Plein jour,Normale,4,Bidirectionnelle,2.0,Plat,1.0,0.0,60.0,Normale,0.0,Sur piste cyclable,Blessé léger,Masculin,2.0,Non renseigné,1,4,0.0,2.0,4.0,1.0,201600032596A01,1,1,1.0,Cohérente,Non cohérentes
2726,201600032599,2016-09-12,2016,septembre,lundi,84:5,67,67482,48.59096,7.74624,En agglomération,Intersection en X,3.0,Plein jour,Normale,4,Bidirectionnelle,6.0,Plat,1.0,100.0,240.0,Normale,0.0,Sur chaussée,Blessé léger,Masculin,55.0,Non renseigné,1,4,0.0,2.0,1.0,1.0,201600032599A01,7,1,1.0,Non cohérente,Non cohérentes
2727,201600032602,2016-09-12,2016,septembre,lundi,15:24,67,67482,48.58815,7.75881,En agglomération,Intersection en T,3.0,Plein jour,Normale,4,Bidirectionnelle,2.0,Plat,1.0,0.0,90.0,Normale,0.0,Aucun,Indemne,Masculin,50.0,Promenade - loisirs,3,9,0.0,2.0,8.0,19.0,201600032602A01,1,19,1.0,Cohérente,Non cohérentes
2728,201600032602,2016-09-12,2016,septembre,lundi,15:24,67,67482,48.58815,7.75881,En agglomération,Intersection en T,3.0,Plein jour,Normale,4,Bidirectionnelle,2.0,Plat,1.0,0.0,90.0,Normale,0.0,Aucun,Blessé léger,Féminin,75.0,Promenade - loisirs,3,9,0.0,2.0,1.0,19.0,201600032602B01,1,19,1.0,Cohérente,Non cohérentes
2729,201600032608,2016-09-14,2016,septembre,mercredi,75:0,67,67482,48.56763,7.76328,En agglomération,Hors intersection,6.0,Plein jour,Normale,4,Non renseigné,2.0,Plat,1.0,0.0,60.0,Normale,0.0,Aucun,Blessé léger,Féminin,14.0,Non renseigné,3,2,0.0,0.0,0.0,0.0,201600032608B01,10,1,1.0,Non cohérente,Non cohérentes
2730,201600032609,2016-09-15,2016,septembre,jeudi,13:00,67,67482,48.58153,7.74849,En agglomération,Hors intersection,6.0,Plein jour,Normale,4,A sens unique,1.0,Plat,1.0,0.0,35.0,Normale,0.0,Sur chaussée,Blessé léger,Féminin,37.0,Non renseigné,3,4,0.0,1.0,1.0,1.0,201600032609A01,,,,Cohérente,Non cohérentes
2731,201600032610,2016-09-17,2016,septembre,samedi,51:7,67,67482,48.57172,7.77026,En agglomération,Intersection en X,3.0,Nuit avec éclairage public allumé,Normale,4,A chaussées séparées,5.0,Plat,1.0,128.0,157.0,Normale,0.0,Aucun,Tué,Masculin,45.0,Non renseigné,1,2,0.0,2.0,8.0,19.0,201600032610B01,7,1,1.0,Non cohérente,Non cohérentes
2732,201600032612,2016-09-19,2016,septembre,lundi,16:45,67,67482,0.0,0.0,En agglomération,Hors intersection,3.0,Plein jour,Normale,4,A chaussées séparées,4.0,Plat,1.0,0.0,130.0,Normale,0.0,Sur chaussée,Blessé léger,Féminin,39.0,Non renseigné,3,4,0.0,2.0,1.0,19.0,201600032612B01,7,1,1.0,Cohérente,Non cohérentes
2733,201600032613,2016-09-20,2016,septembre,mardi,72:0,67,67482,48.57213,7.76723,En agglomération,Intersection en T,3.0,Plein jour,Normale,4,Bidirectionnelle,2.0,Plat,-1.0,0.0,71.0,Normale,0.0,Sur chaussée,Blessé léger,Féminin,43.0,Domicile - travail,3,4,0.0,2.0,1.0,19.0,201600032613B01,10,1,1.0,Non cohérente,Non cohérentes
2734,201600032614,2016-09-20,2016,septembre,mardi,73:0,67,67482,48.57153,7.77015,En agglomération,Intersection en X,3.0,Crépuscule ou aube,Normale,4,Bidirectionnelle,3.0,Plat,1.0,0.0,90.0,Normale,0.0,Sur chaussée,Blessé léger,Masculin,20.0,Domicile - école,3,9,0.0,2.0,7.0,19.0,201600032614B01,7,1,1.0,Non cohérente,Non cohérentes
2735,201600032624,2016-09-28,2016,septembre,mercredi,74:5,67,67482,48.57716,7.75837,En agglomération,Hors intersection,2.0,Plein jour,Normale,4,Bidirectionnelle,2.0,Plat,1.0,0.0,85.0,Normale,0.0,Sur chaussée,Blessé léger,Féminin,56.0,Non renseigné,3,9,0.0,2.0,1.0,1.0,201600032624A01,7,1,1.0,Non cohérente,Non cohérentes
2736,201600032628,2016-09-29,2016,septembre,jeudi,83:0,67,67482,48.57423,7.77119,En agglomération,Intersection en X,3.0,Plein jour,Normale,4,Bidirectionnelle,4.0,Plat,1.0,0.0,111.0,Normale,0.0,Sur chaussée,Blessé léger,Féminin,32.0,Promenade - loisirs,3,9,0.0,2.0,1.0,19.0,201600032628A01,7,1,1.0,Non cohérente,Non cohérentes
2737,201600032637,2016-10-03,2016,octobre,lundi,16:20,67,67482,48.57876,7.71101,En agglomération,Hors intersection,3.0,Plein jour,Normale,4,Bidirectionnelle,2.0,Plat,1.0,0.0,60.0,Normale,0.0,Sur chaussée,Blessé léger,Masculin,23.0,Non renseigné,1,4,0.0,2.0,1.0,1.0,201600032637B01,7,0,1.0,Cohérente,Non cohérentes
2738,201600032638,2016-10-03,2016,octobre,lundi,21:10,67,67482,48.5822,7.74162,En agglomération,Hors intersection,6.0,Nuit avec éclairage public allumé,Normale,4,A sens unique,1.0,Plat,1.0,0.0,85.0,Normale,0.0,Sur chaussée,Indemne,Masculin,25.0,Non renseigné,1,2,0.0,1.0,7.0,1.0,201600032638A01,,,,Cohérente,Non cohérentes
2739,201600032648,2016-10-10,2016,octobre,lundi,75:5,67,67482,48.58782,7.75353,En agglomération,Hors intersection,6.0,Plein jour,Normale,4,Non renseigné,1.0,Plat,1.0,0.0,27.0,Normale,0.0,Aucun,Blessé léger,Masculin,12.0,Non renseigné,3,8,0.0,1.0,1.0,0.0,201600032648Z01,,,,Non cohérente,Non cohérentes
2740,201600032654,2016-10-12,2016,octobre,mercredi,13:35,67,67482,48.59062,7.7004,En agglomération,Hors intersection,6.0,Plein jour,Normale,4,A chaussées séparées,4.0,Plat,1.0,50.0,100.0,Normale,0.0,Sur trottoir,Blessé léger,Masculin,52.0,Non renseigné,3,4,0.0,2.0,1.0,1.0,201600032654B01,7,22,1.0,Cohérente,Non cohérentes
2741,201600032658,2016-10-14,2016,octobre,vendredi,16:55,67,67482,48.54978,7.73418,En agglomération,Hors intersection,3.0,Plein jour,Normale,4,Bidirectionnelle,2.0,Plat,1.0,0.0,80.0,Normale,0.0,Sur chaussée,Blessé léger,Masculin,39.0,Non renseigné,1,4,1.0,0.0,1.0,1.0,201600032658A01,7,24,1.0,Cohérente,Non cohérentes
2742,201600032661,2016-10-15,2016,octobre,samedi,12:30,67,67482,48.57714,7.76889,En agglomération,Hors intersection,3.0,Plein jour,Normale,4,A sens unique,1.0,Plat,1.0,0.0,50.0,Normale,0.0,Aucun,Blessé léger,Féminin,28.0,Autre,3,9,0.0,2.0,8.0,19.0,201600032661B01,7,16,1.0,Cohérente,Non cohérentes
2743,201600032663,2016-10-17,2016,octobre,lundi,10:40,67,67482,48.59027,7.75468,En agglomération,Intersection en X,3.0,Plein jour,Normale,4,Bidirectionnelle,2.0,Plat,1.0,0.0,80.0,Normale,0.0,Sur chaussée,Blessé léger,Masculin,21.0,Domicile - travail,2,9,0.0,2.0,1.0,1.0,201600032663B01,7,1,1.0,Cohérente,Non cohérentes
2744,201600032665,2016-10-21,2016,octobre,vendredi,12:25,67,67482,48.57907,7.7349,En agglomération,Intersection en T,3.0,Plein jour,Normale,4,A sens unique,1.0,Plat,1.0,0.0,0.0,Normale,0.0,Aucun,Blessé léger,Masculin,49.0,Domicile - travail,3,4,0.0,4.0,1.0,1.0,201600032665B01,40,1,1.0,Cohérente,Non cohérentes
2745,201600032667,2016-10-23,2016,octobre,dimanche,20:35,67,67482,48.56134,7.75153,En agglomération,Intersection en X,3.0,Nuit avec éclairage public allumé,Normale,4,A chaussées séparées,2.0,Plat,1.0,0.0,80.0,Mouillée,0.0,Sur chaussée,Blessé léger,Masculin,21.0,Promenade - loisirs,3,9,0.0,2.0,8.0,1.0,201600032667B01,7,16,1.0,Cohérente,Non cohérentes
2746,201600032671,2016-10-28,2016,octobre,vendredi,19:59,67,67482,48.58745,7.73866,En agglomération,Intersection en X,3.0,Plein jour,Normale,4,Bidirectionnelle,3.0,Plat,1.0,0.0,80.0,Normale,0.0,Sur piste cyclable,Blessé léger,Féminin,23.0,Non renseigné,2,4,0.0,2.0,1.0,1.0,201600032671B01,7,15,1.0,Cohérente,Non cohérentes
2747,201600032675,2016-10-31,2016,octobre,lundi,14:57,67,67482,48.57216,7.7142,En agglomération,Intersection en X,3.0,Plein jour,Normale,4,Bidirectionnelle,2.0,Plat,-1.0,0.0,0.0,Normale,0.0,Aucun,Blessé hospitalisé,Féminin,25.0,Non renseigné,1,4,0.0,2.0,1.0,1.0,201600032675A01,10,16,1.0,Cohérente,Non cohérentes
2748,201600032677,2016-11-02,2016,novembre,mercredi,10:40,67,67482,48.54883,7.7415,En agglomération,Intersection en X,3.0,Plein jour,Normale,4,Bidirectionnelle,5.0,Plat,1.0,0.0,75.0,Normale,0.0,Sur chaussée,Blessé léger,Féminin,77.0,Non renseigné,1,4,0.0,2.0,1.0,1.0,201600032677B01,14,16,1.0,Cohérente,Non cohérentes
2749,201600032678,2016-11-03,2016,novembre,jeudi,19:30,67,67482,48.5605,7.75097,En agglomération,Intersection en T,3.0,Nuit avec éclairage public allumé,Normale,4,A chaussées séparées,3.0,Plat,1.0,0.0,60.0,Normale,0.0,Sur chaussée,Blessé léger,Féminin,25.0,Autre,3,9,0.0,2.0,1.0,1.0,201600032678B01,7,16,1.0,Cohérente,Non cohérentes
2750,201600032682,2016-11-08,2016,novembre,mardi,17:30,67,67482,48.59683,7.74142,En agglomération,Hors intersection,3.0,Nuit avec éclairage public allumé,Temps couvert,4,A chaussées séparées,2.0,Plat,3.0,32.0,35.0,Mouillée,0.0,Sur chaussée,Blessé léger,Féminin,24.0,Promenade - loisirs,2,2,0.0,2.0,8.0,19.0,201600032682B01,7,1,1.0,Cohérente,Non cohérentes
2751,201600032683,2016-11-09,2016,novembre,mercredi,19:05,67,67482,48.57113,7.77346,En agglomération,Hors intersection,3.0,Nuit avec éclairage public allumé,Pluie légère,4,A chaussées séparées,4.0,Plat,1.0,0.0,140.0,Mouillée,0.0,Sur chaussée,Blessé hospitalisé,Masculin,22.0,Promenade - loisirs,3,9,0.0,2.0,7.0,19.0,201600032683B01,7,1,1.0,Cohérente,Non cohérentes
2752,201600032686,2016-11-13,2016,novembre,dimanche,12:30,67,67482,48.59676,7.74255,En agglomération,Hors intersection,3.0,Plein jour,Normale,4,A sens unique,2.0,Plat,1.0,0.0,100.0,Normale,0.0,Sur chaussée,Blessé léger,Masculin,15.0,Promenade - loisirs,3,9,0.0,2.0,7.0,19.0,201600032686A01,7,1,1.0,Cohérente,Non cohérentes
2753,201600032689,2016-11-16,2016,novembre,mercredi,91:0,67,67482,48.58193,7.76305,En agglomération,Hors intersection,3.0,Plein jour,Normale,4,Non renseigné,0.0,Plat,1.0,0.0,120.0,Mouillée,0.0,Sur chaussée,Blessé léger,Masculin,22.0,Non renseigné,1,9,0.0,2.0,1.0,1.0,201600032689B01,7,1,1.0,Non cohérente,Non cohérentes
2754,201600032690,2016-11-16,2016,novembre,mercredi,12:00,67,67482,48.58464,7.76869,En agglomération,Intersection en X,3.0,Plein jour,Pluie légère,4,A sens unique,1.0,Plat,1.0,0.0,60.0,Mouillée,0.0,Sur chaussée,Blessé léger,Masculin,24.0,Domicile - école,3,9,0.0,2.0,1.0,19.0,201600032690A01,7,1,1.0,Cohérente,Non cohérentes
2755,201600032692,2016-11-17,2016,novembre,jeudi,13:20,67,67482,48.5696,7.75109,En agglomération,Hors intersection,3.0,Plein jour,Normale,4,Bidirectionnelle,3.0,Plat,1.0,0.0,142.0,Mouillée,0.0,Sur trottoir,Blessé léger,Masculin,7.0,Non renseigné,1,9,0.0,2.0,1.0,1.0,201600032692A01,1,0,1.0,Cohérente,Non cohérentes
2756,201600032692,2016-11-17,2016,novembre,jeudi,13:20,67,67482,48.5696,7.75109,En agglomération,Hors intersection,3.0,Plein jour,Normale,4,Bidirectionnelle,3.0,Plat,1.0,0.0,142.0,Mouillée,0.0,Sur trottoir,Indemne,Féminin,17.0,Non renseigné,1,9,0.0,0.0,0.0,0.0,201600032692B01,1,1,1.0,Cohérente,Non cohérentes
2757,201600032693,2016-11-17,2016,novembre,jeudi,17:30,67,67482,48.58002,7.75029,En agglomération,Hors intersection,6.0,Nuit avec éclairage public allumé,Normale,4,Non renseigné,1.0,Plat,1.0,0.0,37.0,Normale,0.0,Sur trottoir,Indemne,Masculin,40.0,Non renseigné,1,9,0.0,1.0,1.0,14.0,201600032693A01,,,,Cohérente,Non cohérentes
2758,201600032722,2016-12-06,2016,décembre,mardi,90:0,67,67482,48.58953,7.75159,En agglomération,Intersection à plus de 4 branches,3.0,Plein jour,Normale,4,Bidirectionnelle,3.0,Plat,1.0,0.0,120.0,Normale,0.0,Sur chaussée,Blessé hospitalisé,Féminin,38.0,Domicile - travail,1,4,0.0,2.0,8.0,1.0,201600032722B01,7,16,1.0,Non cohérente,Non cohérentes
2759,201600032724,2016-12-07,2016,décembre,mercredi,85:5,67,67482,48.57462,7.74981,En agglomération,Intersection en X,3.0,Plein jour,Normale,4,Bidirectionnelle,5.0,Plat,1.0,0.0,0.0,Normale,0.0,Sur chaussée,Blessé léger,Masculin,20.0,Domicile - école,3,9,0.0,2.0,7.0,0.0,201600032724B01,7,16,1.0,Non cohérente,Non cohérentes
2760,201600032731,2016-12-12,2016,décembre,lundi,18:25,67,67482,48.57532,7.7575,En agglomération,Hors intersection,1.0,Nuit avec éclairage public allumé,Normale,4,Bidirectionnelle,5.0,Plat,1.0,0.0,150.0,Normale,0.0,Aucun,Blessé léger,Féminin,21.0,Promenade - loisirs,3,9,0.0,2.0,4.0,19.0,201600032731A01,7,15,1.0,Cohérente,Non cohérentes
2761,201600032733,2016-12-13,2016,décembre,mardi,75:0,67,67482,48.57739,7.72803,En agglomération,Hors intersection,1.0,Plein jour,Normale,4,Bidirectionnelle,2.0,Plat,1.0,0.0,30.0,Normale,0.0,Sur chaussée,Blessé léger,Masculin,53.0,Non renseigné,1,4,0.0,2.0,1.0,1.0,201600032733B01,7,20,1.0,Non cohérente,Non cohérentes
2762,201600033459,2016-09-12,2016,septembre,lundi,16:45,74,74010,45.90255,6.12177,En agglomération,Hors intersection,6.0,Plein jour,Normale,4,A chaussées séparées,2.0,Pente,1.0,0.0,59.0,Normale,0.0,Sur chaussée,Blessé hospitalisé,Masculin,16.0,Non renseigné,2,2,0.0,0.0,1.0,0.0,201600033459B01,38,7,1.0,Cohérente,Non cohérentes
2763,201600033461,2016-11-10,2016,novembre,jeudi,18:10,74,74010,45.90455,6.13107,En agglomération,Intersection en Y,6.0,Nuit avec éclairage public allumé,Pluie légère,4,Bidirectionnelle,2.0,Plat,1.0,0.0,64.0,Mouillée,0.0,Sur chaussée,Blessé hospitalisé,Féminin,38.0,Domicile - travail,3,9,0.0,0.0,0.0,0.0,201600033461B01,7,15,1.0,Cohérente,Non cohérentes
2764,201700025593,2017-01-11,2017,janvier,mercredi,95:0,33,33063,44.8542,-0.60944,En agglomération,Intersection en Y,3.0,Plein jour,Pluie légère,4,Bidirectionnelle,2.0,Plat,1.0,0.0,190.0,Normale,0.0,Sur chaussée,Blessé léger,Féminin,55.0,Autre,1,2,0.0,2.0,1.0,1.0,201700025593B01,7,17,1.0,Non cohérente,Non cohérentes
2765,201700025645,2017-02-16,2017,février,jeudi,90:0,33,33063,44.8319,-0.57347,En agglomération,Hors intersection,6.0,Plein jour,Normale,4,A chaussées séparées,4.0,Plat,1.0,0.0,0.0,Normale,0.0,Sur piste cyclable,Indemne,Masculin,32.0,Domicile - travail,3,9,0.0,1.0,1.0,1.0,201700025645A01,,,,Non cohérente,Non cohérentes
2766,201700025646,2017-02-18,2017,février,samedi,72:0,33,33063,44.82857,-0.56243,En agglomération,Hors intersection,2.0,Crépuscule ou aube,Normale,4,Bidirectionnelle,4.0,Pente,1.0,0.0,59.0,Normale,0.0,Sur chaussée,Blessé hospitalisé,Masculin,40.0,Non renseigné,3,2,0.0,2.0,4.0,1.0,201700025646A01,7,0,1.0,Non cohérente,Non cohérentes
2767,201700025647,2017-02-17,2017,février,vendredi,94:5,33,33063,44.8348,-0.57835,En agglomération,Intersection en X,1.0,Plein jour,Normale,4,Bidirectionnelle,2.0,Plat,1.0,0.0,0.0,Normale,0.0,Sur chaussée,Blessé léger,Féminin,43.0,Autre,3,2,0.0,0.0,8.0,1.0,201700025647A01,32,1,1.0,Non cohérente,Non cohérentes
2768,201700025651,2017-02-12,2017,février,dimanche,19:10,33,33063,44.8537,-0.57096,En agglomération,Hors intersection,2.0,Nuit avec éclairage public allumé,Normale,4,Bidirectionnelle,2.0,Plat,1.0,0.0,0.0,Normale,0.0,Aucun,Blessé léger,Féminin,43.0,Autre,3,2,0.0,0.0,4.0,1.0,201700025651B01,7,1,1.0,Cohérente,Non cohérentes
2769,201700025662,2017-03-02,2017,mars,jeudi,18:25,33,33063,44.8232,-0.56278,En agglomération,Intersection en X,5.0,Plein jour,Normale,4,A sens unique,1.0,Pente,1.0,0.0,0.0,Normale,0.0,Sur chaussée,Blessé léger,Masculin,47.0,Domicile - travail,3,2,0.0,0.0,1.0,1.0,201700025662B01,7,1,2.0,Cohérente,Non cohérentes
2770,201700025673,2017-03-10,2017,mars,vendredi,23:30,33,33063,44.841,-0.56922,En agglomération,Hors intersection,3.0,Nuit avec éclairage public allumé,Normale,4,A chaussées séparées,9.0,Plat,1.0,0.0,0.0,Non renseigné,0.0,Sur chaussée,Blessé léger,Masculin,25.0,Non renseigné,3,2,0.0,0.0,8.0,1.0,201700025673A01,7,17,1.0,Cohérente,Non cohérentes
2771,201700025676,2017-03-15,2017,mars,mercredi,20:15,33,33063,44.8414,-0.55801,En agglomération,Hors intersection,3.0,Nuit avec éclairage public allumé,Normale,4,A chaussées séparées,8.0,Plat,1.0,0.0,0.0,Normale,4.0,Sur chaussée,Blessé hospitalisé,Masculin,22.0,Autre,3,4,0.0,0.0,4.0,19.0,201700025676B01,40,1,1.0,Cohérente,Non cohérentes
2772,201700025726,2017-04-17,2017,avril,lundi,13:0,33,33063,44.8269,-0.56922,En agglomération,Intersection en X,1.0,Nuit avec éclairage public allumé,Normale,4,Bidirectionnelle,2.0,Plat,1.0,0.0,71.0,Normale,0.0,Sur chaussée,Blessé hospitalisé,Masculin,46.0,Autre,1,2,0.0,0.0,0.0,1.0,201700025726A01,7,1,1.0,Cohérente,Non cohérentes
2773,201700025737,2017-04-22,2017,avril,samedi,13:0,33,33063,44.8531,-0.58001,En agglomération,Intersection en X,3.0,Nuit avec éclairage public allumé,Normale,4,Bidirectionnelle,2.0,Plat,1.0,0.0,0.0,Normale,0.0,Sur chaussée,Blessé hospitalisé,Masculin,24.0,Autre,3,2,0.0,0.0,1.0,5.0,201700025737A01,33,1,1.0,Cohérente,Non cohérentes
2774,201700025745,2017-04-30,2017,avril,dimanche,33:0,33,33063,44.8283,-0.55722,En agglomération,Intersection en X,3.0,Nuit avec éclairage public allumé,Normale,4,Bidirectionnelle,3.0,Plat,1.0,0.0,16.0,Normale,4.0,Sur chaussée,Indemne,Masculin,18.0,Promenade - loisirs,3,4,0.0,0.0,1.0,1.0,201700025745B01,7,1,1.0,Non cohérente,Non cohérentes
2775,201700025745,2017-04-30,2017,avril,dimanche,33:0,33,33063,44.8283,-0.55722,En agglomération,Intersection en X,3.0,Nuit avec éclairage public allumé,Normale,4,Bidirectionnelle,3.0,Plat,1.0,0.0,16.0,Normale,4.0,Sur chaussée,Blessé léger,Féminin,16.0,Promenade - loisirs,3,9,0.0,0.0,1.0,1.0,201700025745B01,7,1,1.0,Non cohérente,Non cohérentes
2776,201700025759,2017-05-13,2017,mai,samedi,14:30,33,33063,44.8787,-0.56846,En agglomération,Intersection en T,1.0,Plein jour,Normale,4,Bidirectionnelle,3.0,Plat,1.0,0.0,0.0,Normale,0.0,Sur chaussée,Blessé léger,Masculin,40.0,Non renseigné,2,9,0.0,0.0,2.0,1.0,201700025759B01,7,15,1.0,Cohérente,Non cohérentes
2777,201700025769,2017-05-18,2017,mai,jeudi,23:30,33,33063,44.8333,-0.59418,En agglomération,Intersection en X,1.0,Nuit avec éclairage public allumé,Pluie légère,4,A chaussées séparées,6.0,Plat,1.0,0.0,200.0,Mouillée,0.0,Sur chaussée,Blessé léger,Masculin,48.0,Promenade - loisirs,3,2,0.0,2.0,1.0,1.0,201700025769B01,7,15,1.0,Cohérente,Non cohérentes
2778,201700025790,2017-06-03,2017,juin,samedi,12:00,33,33063,44.8317,-0.57338,En agglomération,Intersection en Y,5.0,Plein jour,Pluie légère,4,A chaussées séparées,3.0,Plat,1.0,0.0,0.0,Mouillée,0.0,Aucun,Blessé léger,Masculin,30.0,Non renseigné,3,2,0.0,0.0,9.0,23.0,201700025790C01,10/ 40/ 7,21/1/23,5.0,Cohérente,Non cohérentes
2779,201700025803,2017-06-22,2017,juin,jeudi,21:30,33,33063,44.84829,-0.59762,En agglomération,Intersection en X,3.0,Plein jour,Normale,4,A sens unique,6.0,Plat,1.0,0.0,189.0,Normale,0.0,Sur chaussée,Blessé léger,Masculin,18.0,Non renseigné,3,2,0.0,2.0,2.0,1.0,201700025803B01,7,1,1.0,Cohérente,Non cohérentes
2780,201700025811,2017-07-01,2017,juillet,samedi,45:0,33,33063,44.8553,-0.61396,En agglomération,Intersection en X,3.0,Nuit avec éclairage public allumé,Autre,4,Bidirectionnelle,3.0,Plat,1.0,0.0,0.0,Mouillée,0.0,Aucun,Blessé hospitalisé,Masculin,44.0,Non renseigné,3,2,0.0,0.0,1.0,1.0,201700025811B01,7,15,1.0,Non cohérente,Non cohérentes
2781,201700025815,2017-06-22,2017,juin,jeudi,12:30,33,33063,44.82862,-0.58348,En agglomération,Intersection en T,5.0,Plein jour,Normale,4,Bidirectionnelle,2.0,Plat,1.0,0.0,0.0,Normale,0.0,Sur chaussée,Blessé hospitalisé,Féminin,45.0,Utilisation professionnelle,3,2,0.0,2.0,9.0,1.0,201700025815C01,30/ 7,1/15,2.0,Cohérente,Non cohérentes
2782,201700025821,2017-07-05,2017,juillet,mercredi,10:00,33,33063,44.8257,-0.59842,En agglomération,Giratoire,3.0,Plein jour,Normale,4,Bidirectionnelle,2.0,Plat,4.0,0.0,0.0,Normale,0.0,Sur chaussée,Blessé hospitalisé,Féminin,33.0,Non renseigné,3,2,0.0,0.0,1.0,18.0,201700025821B01,7,16,1.0,Cohérente,Non cohérentes
2783,201700025847,2017-07-24,2017,juillet,lundi,22:30,33,33063,44.8658,-0.56059,En agglomération,Hors intersection,2.0,Nuit avec éclairage public allumé,Normale,4,Bidirectionnelle,6.0,Plat,1.0,0.0,0.0,Normale,0.0,Sur chaussée,Blessé léger,Masculin,24.0,Autre,3,2,0.0,0.0,9.0,19.0,201700025847A01,7,1,1.0,Cohérente,Non cohérentes