,Num_Acc,date,an,mois,jour,hrmn,dep,com,lat,long,agg,int,col,lum,atm,catr,circ,nbv,prof,plan,lartpc,larrout,surf,infra,situ,grav,sexe,age,trajet,secuexist,equipement,obs,obsm,choc,manv,vehiculeid,typevehicules,manoeuvehicules,numVehicules,statut_heure,statut_coord
2784,201700025851,2017-08-03,2017,août,jeudi,17:20,33,33063,44.84303,-0.55513,En agglomération,Hors intersection,3.0,Plein jour,Normale,4,A chaussées séparées,8.0,Plat,1.0,0.0,0.0,Normale,0.0,Sur chaussée,Blessé hospitalisé,Masculin,25.0,Non renseigné,3,2,0.0,2.0,1.0,1.0,201700025851B01,7,16,1.0,Cohérente,Non cohérentes
2785,201700025854,2017-08-10,2017,août,jeudi,20:35,33,33063,44.8342,-0.56264,En agglomération,Hors intersection,3.0,Plein jour,Normale,4,A chaussées séparées,4.0,Plat,1.0,0.0,0.0,Normale,0.0,Sur chaussée,Blessé hospitalisé,Masculin,36.0,Non renseigné,3,2,0.0,0.0,9.0,19.0,201700025854B01,7,1,1.0,Cohérente,Non cohérentes
2786,201700025859,2017-08-13,2017,août,dimanche,14:0,33,33063,44.83292,-0.58413,En agglomération,Intersection en X,3.0,Nuit avec éclairage public allumé,Normale,4,A sens unique,1.0,Plat,1.0,0.0,49.0,Normale,0.0,Aucun,Blessé léger,Féminin,19.0,Promenade - loisirs,3,2,0.0,0.0,5.0,1.0,201700025859B01,7,1,1.0,Cohérente,Non cohérentes
2787,201700025870,2017-08-26,2017,août,samedi,19:30,33,33063,44.8319,-0.57727,En agglomération,Intersection en X,3.0,Plein jour,Normale,4,Bidirectionnelle,2.0,Plat,1.0,0.0,0.0,Normale,0.0,Sur chaussée,Blessé léger,Masculin,20.0,Non renseigné,3,2,0.0,2.0,1.0,1.0,201700025870B01,7,1,1.0,Cohérente,Non cohérentes
2788,201700025891,2017-09-24,2017,septembre,dimanche,54:0,33,33063,44.83881,-0.56212,En agglomération,Hors intersection,5.0,Nuit avec éclairage public allumé,Normale,4,A chaussées séparées,4.0,Plat,1.0,0.0,0.0,Normale,0.0,Aucun,Blessé léger,Masculin,22.0,Non renseigné,3,2,0.0,2.0,1.0,1.0,201700025891C01,7,1,2.0,Non cohérente,Non cohérentes
2789,201700025899,2017-08-31,2017,août,jeudi,40:,33,33063,44.84205,-0.55189,En agglomération,Hors intersection,6.0,Nuit avec éclairage public allumé,Normale,4,A sens unique,1.0,Plat,1.0,0.0,59.0,Normale,0.0,Sur chaussée,Blessé léger,Masculin,18.0,Non renseigné,3,2,1.0,0.0,1.0,1.0,201700025899A01,,,,Non cohérente,Non cohérentes
2790,201700025917,2017-10-22,2017,octobre,dimanche,21:10,33,33063,44.83142,-0.57537,En agglomération,Intersection en Y,1.0,Nuit avec éclairage public allumé,Normale,4,A chaussées séparées,3.0,Plat,1.0,0.0,0.0,Normale,0.0,Sur chaussée,Blessé léger,Féminin,20.0,Non renseigné,1,2,8.0,2.0,3.0,1.0,201700025917A01,13,1,1.0,Cohérente,Non cohérentes
2791,201700025938,2017-11-19,2017,novembre,dimanche,12:0,33,33063,44.8389,-0.56798,En agglomération,Intersection en T,3.0,Nuit avec éclairage public allumé,Normale,4,A chaussées séparées,2.0,Plat,1.0,0.0,0.0,Normale,0.0,Sur chaussée,Blessé hospitalisé,Masculin,27.0,Non renseigné,1,2,0.0,0.0,8.0,19.0,201700025938B01,33,1,1.0,Cohérente,Non cohérentes
2792,201700025956,2017-12-10,2017,décembre,dimanche,18:35,33,33063,44.84692,-0.62914,En agglomération,Intersection en X,3.0,Crépuscule ou aube,Pluie forte,4,Bidirectionnelle,4.0,Plat,1.0,0.0,100.0,Mouillée,0.0,Sur chaussée,Blessé hospitalisé,Féminin,52.0,Autre,3,9,0.0,2.0,9.0,1.0,201700025956B01,7,15,1.0,Cohérente,Non cohérentes
2793,201700025958,2017-12-17,2017,décembre,dimanche,20:0,33,33063,44.845,-0.57058,En agglomération,Hors intersection,1.0,Nuit avec éclairage public allumé,Normale,4,A chaussées séparées,8.0,Plat,1.0,0.0,0.0,Normale,0.0,Sur chaussée,Blessé hospitalisé,Masculin,28.0,Promenade - loisirs,3,2,0.0,2.0,9.0,19.0,201700025958A01,7,1,1.0,Cohérente,Non cohérentes
2794,201700027598,2017-02-18,2017,février,samedi,15:15,38,38185,45.1922,5.70746,En agglomération,Hors intersection,1.0,Plein jour,Normale,4,Bidirectionnelle,4.0,Plat,1.0,0.0,0.0,Normale,0.0,Sur chaussée,Blessé léger,Masculin,78.0,Promenade - loisirs,2,2,0.0,2.0,1.0,19.0,201700027598A01,7,1,1.0,Cohérente,Cohérentes
2795,201700027602,2017-02-23,2017,février,jeudi,19:30,38,38185,0.0,0.0,En agglomération,Hors intersection,3.0,Plein jour,Normale,3,A sens unique,3.0,Plat,-1.0,0.0,0.0,Normale,5.0,Aucun,Blessé hospitalisé,Masculin,25.0,Domicile - travail,2,2,0.0,2.0,1.0,9.0,201700027602B01,7,9,1.0,Cohérente,Non cohérentes
2796,201700027613,2017-03-16,2017,mars,jeudi,91:5,38,38185,45.16028,5.71955,En agglomération,Giratoire,3.0,Plein jour,Normale,4,A sens unique,2.0,Plat,1.0,0.0,63.0,Normale,0.0,Sur piste cyclable,Blessé léger,Masculin,21.0,Domicile - travail,1,2,0.0,2.0,2.0,1.0,201700027613A01,7,9,1.0,Non cohérente,Cohérentes
2797,201700027644,2017-06-07,2017,juin,mercredi,19:30,38,38185,45.18396,5.70866,En agglomération,Hors intersection,6.0,Plein jour,Normale,4,Bidirectionnelle,2.0,Plat,1.0,0.0,0.0,Normale,0.0,Sur chaussée,Blessé léger,Masculin,54.0,Non renseigné,3,2,0.0,2.0,4.0,2.0,201700027644B01,7,2,1.0,Cohérente,Cohérentes
2798,201700027645,2017-06-12,2017,juin,lundi,61:5,38,38185,45.17438,5.71462,Hors agglomération,Hors intersection,1.0,Plein jour,Normale,3,A sens unique,5.0,Plat,1.0,0.0,0.0,Normale,0.0,Sur chaussée,Blessé léger,Masculin,42.0,Autre,3,2,0.0,2.0,1.0,1.0,201700027645A01,37,19,1.0,Non cohérente,Cohérentes
2799,201700027675,2017-11-07,2017,novembre,mardi,11:50,38,38185,45.19021,5.72774,En agglomération,Hors intersection,6.0,Plein jour,Normale,4,Bidirectionnelle,2.0,Plat,1.0,0.0,74.0,Normale,4.0,Sur chaussée,Indemne,Masculin,20.0,Non renseigné,1,2,0.0,1.0,1.0,17.0,201700027675A01,,,,Cohérente,Cohérentes
2800,201700027683,2017-11-29,2017,novembre,mercredi,11:50,38,38185,45.18746,5.73042,En agglomération,Hors intersection,2.0,Plein jour,Pluie légère,3,A sens unique,1.0,Plat,3.0,0.0,0.0,Normale,0.0,Sur chaussée,Blessé léger,Féminin,77.0,Non renseigné,2,2,0.0,2.0,0.0,13.0,201700027683B01,7,2,1.0,Cohérente,Cohérentes
2801,201700027686,2017-11-30,2017,novembre,jeudi,19:30,38,38185,45.19057,5.71238,En agglomération,Hors intersection,6.0,Nuit avec éclairage public allumé,Normale,4,Non renseigné,1.0,Plat,1.0,0.0,0.0,Normale,0.0,Aucun,Indemne,Masculin,28.0,Domicile - travail,3,9,0.0,1.0,1.0,1.0,201700027686A01,,,,Cohérente,Cohérentes
2802,201700027686,2017-11-30,2017,novembre,jeudi,19:30,38,38185,45.19057,5.71238,En agglomération,Hors intersection,6.0,Nuit avec éclairage public allumé,Normale,4,Non renseigné,1.0,Plat,1.0,0.0,0.0,Normale,0.0,Aucun,Blessé léger,Masculin,10.0,Promenade - loisirs,3,8,0.0,1.0,1.0,1.0,201700027686A01,,,,Cohérente,Cohérentes
2803,201700033972,2017-01-02,2017,janvier,lundi,18:35,67,67482,48.57779,7.7507,En agglomération,Intersection en T,3.0,Nuit avec éclairage public allumé,Normale,4,A sens unique,1.0,Plat,1.0,0.0,88.0,Mouillée,0.0,Sur chaussée,Blessé léger,Masculin,84.0,Non renseigné,3,4,0.0,2.0,1.0,1.0,201700033972B01,7,16,1.0,Cohérente,Non cohérentes
2804,201700033981,2017-01-20,2017,janvier,vendredi,94:5,67,67482,48.58647,7.7586,En agglomération,Hors intersection,3.0,Plein jour,Normale,4,A sens unique,1.0,Plat,1.0,0.0,28.0,Normale,0.0,Sur chaussée,Blessé hospitalisé,Masculin,30.0,Domicile - travail,1,2,0.0,2.0,1.0,1.0,201700033981A01,7,1,1.0,Non cohérente,Non cohérentes
2805,201700033989,2017-01-30,2017,janvier,lundi,12:00,67,67482,48.58274,7.75102,En agglomération,Intersection en X,6.0,Plein jour,Pluie légère,4,A sens unique,1.0,Plat,1.0,0.0,55.0,Mouillée,0.0,Aucun,Blessé léger,Féminin,21.0,Non renseigné,1,4,0.0,2.0,1.0,1.0,201700033989A01,7,1,1.0,Cohérente,Non cohérentes
2806,201700033992,2017-02-04,2017,février,samedi,18:05,67,67482,48.5681,7.76834,En agglomération,Hors intersection,3.0,Nuit avec éclairage public allumé,Pluie légère,4,Non renseigné,4.0,Plat,1.0,0.0,0.0,Mouillée,0.0,Aucun,Blessé léger,Féminin,12.0,Non renseigné,1,4,0.0,2.0,3.0,0.0,201700033992B01,7,1,1.0,Cohérente,Non cohérentes
2807,201700033995,2017-02-09,2017,février,jeudi,15:55,67,67482,48.60041,7.78042,En agglomération,Hors intersection,3.0,Plein jour,Normale,4,Bidirectionnelle,2.0,Plat,1.0,0.0,30.0,Normale,0.0,Sur chaussée,Blessé léger,Féminin,21.0,Domicile - travail,2,9,0.0,2.0,8.0,1.0,201700033995A01,31,1,1.0,Cohérente,Non cohérentes
2808,201700034009,2017-03-02,2017,mars,jeudi,93:0,67,67482,48.58049,7.72763,En agglomération,Hors intersection,6.0,Plein jour,Normale,4,Bidirectionnelle,2.0,Plat,1.0,0.0,55.0,Normale,0.0,Sur chaussée,Blessé léger,Féminin,32.0,Non renseigné,1,9,0.0,2.0,1.0,16.0,201700034009A01,1,16,1.0,Non cohérente,Non cohérentes
2809,201700034009,2017-03-02,2017,mars,jeudi,93:0,67,67482,48.58049,7.72763,En agglomération,Hors intersection,6.0,Plein jour,Normale,4,Bidirectionnelle,2.0,Plat,1.0,0.0,55.0,Normale,0.0,Sur chaussée,Indemne,Masculin,46.0,Non renseigné,1,9,0.0,2.0,1.0,16.0,201700034009B01,1,16,1.0,Non cohérente,Non cohérentes
2810,201700034011,2017-03-02,2017,mars,jeudi,17:30,67,67482,48.59025,7.78209,En agglomération,Hors intersection,3.0,Plein jour,Normale,4,Bidirectionnelle,2.0,Plat,1.0,0.0,25.0,Normale,0.0,Sur chaussée,Blessé léger,Masculin,54.0,Promenade - loisirs,2,9,0.0,2.0,8.0,1.0,201700034011A01,1,1,1.0,Cohérente,Non cohérentes
2811,201700034011,2017-03-02,2017,mars,jeudi,17:30,67,67482,48.59025,7.78209,En agglomération,Hors intersection,3.0,Plein jour,Normale,4,Bidirectionnelle,2.0,Plat,1.0,0.0,25.0,Normale,0.0,Sur chaussée,Indemne,Masculin,32.0,Promenade - loisirs,3,9,0.0,2.0,1.0,1.0,201700034011B01,1,1,1.0,Cohérente,Non cohérentes
2812,201700034014,2017-03-05,2017,mars,dimanche,20:30,67,67482,48.56636,7.72068,En agglomération,Hors intersection,1.0,Nuit avec éclairage public allumé,Pluie légère,4,Bidirectionnelle,2.0,Plat,1.0,0.0,107.0,Mouillée,0.0,Sur chaussée,Blessé léger,Masculin,31.0,Promenade - loisirs,3,9,0.0,2.0,8.0,19.0,201700034014A01,7,0,1.0,Cohérente,Non cohérentes
2813,201700034016,2017-03-07,2017,mars,mardi,11:40,67,67482,48.57146,7.75068,En agglomération,Hors intersection,3.0,Plein jour,Pluie légère,4,Bidirectionnelle,3.0,Plat,1.0,0.0,120.0,Mouillée,0.0,Sur chaussée,Blessé léger,Masculin,65.0,Non renseigné,1,9,0.0,2.0,1.0,1.0,201700034016B01,7,1,1.0,Cohérente,Non cohérentes
2814,201700034024,2017-03-14,2017,mars,mardi,11:00,67,67482,48.58317,7.69769,En agglomération,Intersection en X,3.0,Plein jour,Normale,4,Bidirectionnelle,2.0,Plat,1.0,0.0,20.0,Normale,0.0,Sur chaussée,Blessé léger,Masculin,17.0,Domicile - école,1,4,0.0,2.0,1.0,1.0,201700034024B01,7,16,1.0,Cohérente,Non cohérentes
2815,201700034031,2017-03-22,2017,mars,mercredi,73:0,67,67482,48.56674,7.75832,En agglomération,Intersection en T,3.0,Plein jour,Pluie légère,4,A sens unique,1.0,Plat,1.0,0.0,44.0,Mouillée,0.0,Aucun,Blessé léger,Féminin,12.0,Domicile - école,1,2,0.0,2.0,1.0,19.0,201700034031B01,7,15,1.0,Non cohérente,Non cohérentes
2816,201700034034,2017-03-27,2017,mars,lundi,13:50,67,67482,48.58595,7.71402,En agglomération,Intersection en Y,1.0,Plein jour,Normale,4,A sens unique,1.0,Plat,1.0,0.0,75.0,Normale,0.0,Sur chaussée,Blessé léger,Masculin,46.0,Promenade - loisirs,2,9,0.0,2.0,1.0,1.0,201700034034B01,7,1,1.0,Cohérente,Non cohérentes
2817,201700034037,2017-03-28,2017,mars,mardi,11:25,67,67482,48.57723,7.73159,En agglomération,Intersection en X,3.0,Plein jour,Normale,4,A chaussées séparées,4.0,Plat,1.0,40.0,80.0,Normale,0.0,Sur chaussée,Blessé léger,Masculin,67.0,Promenade - loisirs,1,9,0.0,2.0,4.0,19.0,201700034037B01,7,1,1.0,Cohérente,Non cohérentes
2818,201700034038,2017-03-28,2017,mars,mardi,13:05,67,67482,48.57861,7.7717,En agglomération,Hors intersection,3.0,Plein jour,Normale,4,Bidirectionnelle,2.0,Plat,1.0,0.0,55.0,Normale,0.0,Sur chaussée,Blessé léger,Masculin,12.0,Domicile - école,3,9,0.0,2.0,7.0,19.0,201700034038B01,7,1,1.0,Cohérente,Non cohérentes
2819,201700034044,2017-03-31,2017,mars,vendredi,13:50,67,67482,48.58295,7.74035,En agglomération,Hors intersection,6.0,Plein jour,Normale,4,A sens unique,1.0,Plat,1.0,0.0,72.0,Normale,0.0,Sur chaussée,Blessé hospitalisé,Féminin,27.0,Promenade - loisirs,1,2,0.0,1.0,1.0,1.0,201700034044A01,,,,Cohérente,Non cohérentes
2820,201700034045,2017-03-31,2017,mars,vendredi,15:00,67,67482,48.58263,7.75203,En agglomération,Hors intersection,6.0,Plein jour,Normale,4,Bidirectionnelle,0.0,Plat,1.0,0.0,80.0,Normale,0.0,Sur chaussée,Blessé léger,Féminin,44.0,Promenade - loisirs,3,9,0.0,1.0,1.0,1.0,201700034045A01,1,1,2.0,Cohérente,Non cohérentes
2821,201700034053,2017-04-06,2017,avril,jeudi,14:00,67,67482,48.56763,7.75798,En agglomération,Hors intersection,6.0,Plein jour,Normale,4,Bidirectionnelle,2.0,Plat,1.0,0.0,64.0,Normale,0.0,Sur chaussée,Blessé léger,Féminin,59.0,Promenade - loisirs,3,9,1.0,0.0,7.0,1.0,201700034053B01,7,24,1.0,Cohérente,Non cohérentes
2822,201700034055,2017-04-07,2017,avril,vendredi,84:0,67,67482,48.59001,7.74007,En agglomération,Intersection à plus de 4 branches,3.0,Plein jour,Normale,4,A sens unique,1.0,Plat,1.0,0.0,50.0,Normale,0.0,Sur chaussée,Blessé léger,Masculin,35.0,Non renseigné,3,9,0.0,2.0,1.0,1.0,201700034055B01,7,15,1.0,Non cohérente,Non cohérentes
2823,201700034070,2017-04-21,2017,avril,vendredi,65:5,67,67482,48.56958,7.73463,En agglomération,Hors intersection,1.0,Plein jour,Normale,4,Bidirectionnelle,2.0,Plat,4.0,0.0,60.0,Normale,2.0,Sur chaussée,Indemne,Masculin,34.0,Non renseigné,1,9,0.0,2.0,1.0,1.0,201700034070A01,1,1,1.0,Non cohérente,Non cohérentes
2824,201700034070,2017-04-21,2017,avril,vendredi,65:5,67,67482,48.56958,7.73463,En agglomération,Hors intersection,1.0,Plein jour,Normale,4,Bidirectionnelle,2.0,Plat,4.0,0.0,60.0,Normale,2.0,Sur chaussée,Blessé léger,Masculin,54.0,Domicile - travail,1,2,0.0,2.0,1.0,1.0,201700034070B01,1,1,1.0,Non cohérente,Non cohérentes
2825,201700034072,2017-04-21,2017,avril,vendredi,20:00,67,67482,0.0,0.0,En agglomération,Intersection en X,1.0,Plein jour,Normale,4,Bidirectionnelle,3.0,Plat,1.0,0.0,100.0,Normale,0.0,Sur chaussée,Blessé léger,Masculin,62.0,Non renseigné,1,2,0.0,2.0,1.0,1.0,201700034072B01,10,15,1.0,Cohérente,Non cohérentes
2826,201700034086,2017-05-09,2017,mai,mardi,17:00,67,67482,48.57102,7.764,En agglomération,Intersection à plus de 4 branches,3.0,Plein jour,Normale,3,A chaussées séparées,5.0,Non renseigné,-1.0,85.0,146.0,Non renseigné,0.0,Sur chaussée,Blessé léger,Féminin,17.0,Promenade - loisirs,3,2,0.0,2.0,1.0,0.0,201700034086A01,33,1,1.0,Cohérente,Non cohérentes
2827,201700034092,2017-05-15,2017,mai,lundi,16:38,67,67482,48.59658,7.75927,En agglomération,Intersection en X,3.0,Plein jour,Normale,4,Bidirectionnelle,2.0,Plat,3.0,0.0,220.0,Normale,0.0,Aucun,Blessé hospitalisé,Féminin,16.0,Non renseigné,1,4,0.0,4.0,2.0,16.0,201700034092A01,40,1,1.0,Cohérente,Non cohérentes
2828,201700034101,2017-05-23,2017,mai,mardi,14:15,67,67482,48.5842,7.69303,En agglomération,Intersection en T,3.0,Plein jour,Normale,4,Bidirectionnelle,2.0,Plat,1.0,0.0,70.0,Normale,0.0,Aucun,Blessé léger,Masculin,14.0,Non renseigné,1,2,0.0,2.0,0.0,0.0,201700034101B01,7,0,1.0,Cohérente,Non cohérentes
2829,201700034102,2017-05-23,2017,mai,mardi,19:30,67,67482,48.57956,7.76691,En agglomération,Hors intersection,3.0,Plein jour,Normale,4,Bidirectionnelle,2.0,Plat,1.0,0.0,0.0,Normale,0.0,Aucun,Blessé léger,Masculin,21.0,Promenade - loisirs,1,2,0.0,0.0,0.0,0.0,201700034102A01,1,0,1.0,Cohérente,Non cohérentes
2830,201700034102,2017-05-23,2017,mai,mardi,19:30,67,67482,48.57956,7.76691,En agglomération,Hors intersection,3.0,Plein jour,Normale,4,Bidirectionnelle,2.0,Plat,1.0,0.0,0.0,Normale,0.0,Aucun,Blessé léger,Masculin,20.0,Promenade - loisirs,1,2,0.0,0.0,0.0,0.0,201700034102B01,1,0,1.0,Cohérente,Non cohérentes
2831,201700034105,2017-05-26,2017,mai,vendredi,13:50,67,67482,48.58183,7.7035,En agglomération,Intersection en X,3.0,Plein jour,Normale,4,Bidirectionnelle,3.0,Plat,1.0,0.0,90.0,Normale,0.0,Sur chaussée,Blessé léger,Masculin,7.0,Promenade - loisirs,2,2,0.0,2.0,7.0,1.0,201700034105B01,7,1,1.0,Cohérente,Non cohérentes
2832,201700034114,2017-05-30,2017,mai,mardi,11:35,67,67482,48.58987,7.76454,En agglomération,Hors intersection,1.0,Plein jour,Normale,4,A sens unique,1.0,Plat,1.0,0.0,50.0,Normale,0.0,Aucun,Blessé léger,Masculin,22.0,Non renseigné,1,2,0.0,2.0,1.0,0.0,201700034114A01,7,0,1.0,Cohérente,Non cohérentes
2833,201700034117,2017-06-02,2017,juin,vendredi,20:05,67,67482,48.5642,7.76903,En agglomération,Intersection en T,1.0,Plein jour,Normale,4,Bidirectionnelle,3.0,Plat,1.0,0.0,240.0,Normale,0.0,Aucun,Blessé léger,Masculin,8.0,Non renseigné,3,9,0.0,2.0,8.0,19.0,201700034117B01,30,1,1.0,Cohérente,Non cohérentes
2834,201700034122,2017-06-06,2017,juin,mardi,17:30,67,67482,48.58222,7.76728,En agglomération,Hors intersection,2.0,Plein jour,Normale,4,A sens unique,1.0,Plat,1.0,0.0,35.0,Normale,0.0,Sur chaussée,Indemne,Masculin,19.0,Promenade - loisirs,3,9,0.0,2.0,1.0,2.0,201700034122A01,7,2,1.0,Cohérente,Non cohérentes
2835,201700034127,2017-06-12,2017,juin,lundi,14:30,67,67482,48.58608,7.76289,En agglomération,Hors intersection,3.0,Plein jour,Normale,4,A chaussées séparées,4.0,Plat,1.0,52.0,92.0,Normale,0.0,Sur chaussée,Blessé léger,Féminin,26.0,Promenade - loisirs,3,9,0.0,2.0,1.0,19.0,201700034127A01,33,1,1.0,Cohérente,Non cohérentes
2836,201700034131,2017-06-15,2017,juin,jeudi,12:20,67,67482,48.58187,7.75885,En agglomération,Intersection en X,1.0,Plein jour,Normale,4,Bidirectionnelle,2.0,Plat,1.0,0.0,61.0,Normale,0.0,Sur chaussée,Blessé léger,Masculin,16.0,Non renseigné,1,2,0.0,2.0,1.0,1.0,201700034131A01,7,1,1.0,Cohérente,Non cohérentes
2837,201700034141,2017-06-24,2017,juin,samedi,23:10,67,67482,48.5603,7.78436,En agglomération,Hors intersection,6.0,Nuit avec éclairage public allumé,Normale,4,Bidirectionnelle,2.0,Plat,3.0,0.0,40.0,Normale,0.0,Sur chaussée,Blessé léger,Masculin,8.0,Promenade - loisirs,3,9,0.0,2.0,7.0,19.0,201700034141B01,7,1,1.0,Cohérente,Non cohérentes
2838,201700034144,2017-06-27,2017,juin,mardi,21:05,67,67482,48.56868,7.77721,En agglomération,Intersection en X,1.0,Crépuscule ou aube,Normale,4,A chaussées séparées,4.0,Plat,1.0,0.0,40.0,Normale,0.0,Sur chaussée,Blessé léger,Masculin,45.0,Domicile - travail,3,9,0.0,2.0,1.0,1.0,201700034144B01,1,1,1.0,Cohérente,Non cohérentes
2839,201700034144,2017-06-27,2017,juin,mardi,21:05,67,67482,48.56868,7.77721,En agglomération,Intersection en X,1.0,Crépuscule ou aube,Normale,4,A chaussées séparées,4.0,Plat,1.0,0.0,40.0,Normale,0.0,Sur chaussée,Blessé léger,Masculin,36.0,Promenade - loisirs,3,9,0.0,2.0,1.0,1.0,201700034144A01,1,1,1.0,Cohérente,Non cohérentes
2840,201700034151,2017-07-03,2017,juillet,lundi,15:50,67,67482,48.58701,7.75445,En agglomération,Hors intersection,6.0,Plein jour,Normale,4,Bidirectionnelle,2.0,Plat,1.0,0.0,50.0,Normale,0.0,Sur trottoir,Indemne,Masculin,16.0,Promenade - loisirs,2,2,0.0,1.0,1.0,1.0,201700034151A01,,,,Cohérente,Non cohérentes
2841,201700034153,2017-07-05,2017,juillet,mercredi,13:45,67,67482,48.57023,7.75087,En agglomération,Hors intersection,6.0,Plein jour,Normale,4,Bidirectionnelle,2.0,Plat,1.0,0.0,80.0,Normale,0.0,Sur chaussée,Blessé léger,Masculin,57.0,Promenade - loisirs,3,9,0.0,2.0,1.0,1.0,201700034153B01,7,20,1.0,Cohérente,Non cohérentes
2842,201700034154,2017-07-06,2017,juillet,jeudi,94:0,67,67482,48.5795,7.73091,En agglomération,Intersection en X,3.0,Plein jour,Normale,4,A sens unique,3.0,Plat,1.0,0.0,110.0,Normale,0.0,Sur chaussée,Blessé léger,Féminin,20.0,Domicile - travail,2,2,0.0,2.0,1.0,1.0,201700034154B01,14,16,1.0,Non cohérente,Non cohérentes
2843,201700034158,2017-07-08,2017,juillet,samedi,10:30,67,67482,48.58145,7.73743,En agglomération,Hors intersection,1.0,Plein jour,Normale,4,Bidirectionnelle,2.0,Plat,1.0,0.0,730.0,Normale,2.0,Sur piste cyclable,Blessé léger,Masculin,29.0,Promenade - loisirs,1,4,0.0,2.0,1.0,1.0,201700034158A01,1,1,1.0,Cohérente,Non cohérentes
2844,201700034158,2017-07-08,2017,juillet,samedi,10:30,67,67482,48.58145,7.73743,En agglomération,Hors intersection,1.0,Plein jour,Normale,4,Bidirectionnelle,2.0,Plat,1.0,0.0,730.0,Normale,2.0,Sur piste cyclable,Blessé léger,Féminin,54.0,Non renseigné,1,4,0.0,2.0,1.0,1.0,201700034158B01,1,1,1.0,Cohérente,Non cohérentes
2845,201700034159,2017-07-08,2017,juillet,samedi,13:40,67,67482,48.57238,7.76284,En agglomération,Hors intersection,3.0,Plein jour,Normale,4,Bidirectionnelle,2.0,Plat,3.0,0.0,67.0,Normale,1.0,Sur chaussée,Blessé léger,Masculin,51.0,Promenade - loisirs,1,4,0.0,2.0,1.0,19.0,201700034159A01,7,1,1.0,Cohérente,Non cohérentes
2846,201700034162,2017-07-09,2017,juillet,dimanche,19:05,67,67482,48.58438,7.6929,En agglomération,Hors intersection,3.0,Plein jour,Pluie légère,4,Bidirectionnelle,2.0,Plat,1.0,0.0,61.0,Mouillée,0.0,Sur trottoir,Blessé léger,Masculin,8.0,Promenade - loisirs,2,2,0.0,2.0,1.0,1.0,201700034162B01,7,20,1.0,Cohérente,Non cohérentes
2847,201700034166,2017-07-11,2017,juillet,mardi,19:50,67,67482,48.5481,7.74113,En agglomération,Hors intersection,3.0,Plein jour,Normale,4,A chaussées séparées,2.0,Plat,1.0,40.0,50.0,Normale,0.0,Sur chaussée,Blessé léger,Féminin,46.0,Promenade - loisirs,3,9,0.0,2.0,8.0,1.0,201700034166B01,7,1,1.0,Cohérente,Non cohérentes
2848,201700034167,2017-07-13,2017,juillet,jeudi,11:30,67,67482,48.60833,7.77917,En agglomération,Hors intersection,6.0,Plein jour,Normale,4,Bidirectionnelle,2.0,Plat,1.0,0.0,50.0,Normale,0.0,Sur chaussée,Blessé léger,Féminin,50.0,Promenade - loisirs,3,9,0.0,2.0,1.0,5.0,201700034167B01,13,20,1.0,Cohérente,Non cohérentes
2849,201700034168,2017-07-17,2017,juillet,lundi,53:,67,67482,48.57841,7.78296,En agglomération,Intersection en X,3.0,Nuit avec éclairage public allumé,Pluie légère,4,A sens unique,2.0,Pente,1.0,0.0,75.0,Mouillée,0.0,Sur chaussée,Blessé léger,Masculin,42.0,Promenade - loisirs,2,2,0.0,2.0,8.0,19.0,201700034168A01,7,1,1.0,Non cohérente,Non cohérentes
2850,201700034170,2017-07-16,2017,juillet,dimanche,19:30,67,67482,48.5753,7.75797,En agglomération,Hors intersection,6.0,Plein jour,Normale,4,Bidirectionnelle,2.0,Plat,1.0,0.0,50.0,Normale,0.0,Sur piste cyclable,Indemne,Masculin,21.0,Promenade - loisirs,3,2,0.0,1.0,1.0,1.0,201700034170A01,,,,Cohérente,Non cohérentes
2851,201700034171,2017-07-16,2017,juillet,dimanche,20:30,67,67482,48.58557,7.73605,En agglomération,Hors intersection,3.0,Plein jour,Normale,4,Bidirectionnelle,2.0,Plat,1.0,0.0,100.0,Normale,0.0,Sur chaussée,Blessé léger,Masculin,44.0,Promenade - loisirs,3,9,0.0,2.0,1.0,19.0,201700034171A01,37,1,1.0,Cohérente,Non cohérentes
2852,201700034172,2017-07-18,2017,juillet,mardi,90:0,67,67482,48.58472,7.77359,En agglomération,Hors intersection,3.0,Plein jour,Normale,4,Bidirectionnelle,2.0,Plat,1.0,0.0,135.0,Normale,0.0,Sur chaussée,Blessé léger,Féminin,21.0,Promenade - loisirs,3,9,0.0,0.0,7.0,19.0,201700034172A01,7,1,1.0,Non cohérente,Non cohérentes
2853,201700034174,2017-07-19,2017,juillet,mercredi,21:05,67,67482,48.57847,7.70846,En agglomération,Hors intersection,3.0,Crépuscule ou aube,Normale,4,Bidirectionnelle,2.0,Plat,1.0,0.0,50.0,Normale,0.0,Sur piste cyclable,Blessé hospitalisé,Féminin,35.0,Promenade - loisirs,2,9,1.0,0.0,1.0,1.0,201700034174B01,7,24,1.0,Cohérente,Non cohérentes