,Num_Acc,date,an,mois,jour,hrmn,dep,com,lat,long,agg,int,col,lum,atm,catr,circ,nbv,prof,plan,lartpc,larrout,surf,infra,situ,grav,sexe,age,trajet,secuexist,equipement,obs,obsm,choc,manv,vehiculeid,typevehicules,manoeuvehicules,numVehicules,statut_heure,statut_coord
2854,201700034182,2017-07-27,2017,juillet,jeudi,94:5,67,67482,48.57368,7.71855,En agglomération,Intersection en X,3.0,Plein jour,Normale,4,Bidirectionnelle,2.0,Plat,1.0,0.0,40.0,Normale,0.0,Sur chaussée,Blessé hospitalisé,Masculin,28.0,Promenade - loisirs,1,2,0.0,2.0,1.0,1.0,201700034182A01,7,1,1.0,Non cohérente,Non cohérentes
2855,201700034184,2017-07-30,2017,juillet,dimanche,18:45,67,67482,48.58102,7.74909,En agglomération,Hors intersection,6.0,Plein jour,Normale,4,A sens unique,0.0,Pente,1.0,0.0,35.0,Normale,0.0,Sur chaussée,Indemne,Féminin,23.0,Promenade - loisirs,3,9,0.0,1.0,1.0,1.0,201700034184A01,,,,Cohérente,Non cohérentes
2856,201700034191,2017-08-06,2017,août,dimanche,10:53,67,67482,48.57211,7.75587,En agglomération,Hors intersection,7.0,Plein jour,Normale,4,Bidirectionnelle,3.0,Plat,1.0,0.0,120.0,Normale,1.0,Sur chaussée,Blessé hospitalisé,Masculin,76.0,Promenade - loisirs,2,9,0.0,0.0,0.0,1.0,201700034191A01,,,,Cohérente,Non cohérentes
2857,201700034195,2017-08-09,2017,août,mercredi,19:05,67,67482,48.54894,7.76897,En agglomération,Hors intersection,3.0,Plein jour,Normale,4,A chaussées séparées,2.0,Plat,1.0,40.0,60.0,Normale,0.0,Sur chaussée,Blessé léger,Masculin,35.0,Promenade - loisirs,3,9,0.0,2.0,8.0,19.0,201700034195B01,30,1,1.0,Cohérente,Non cohérentes
2858,201700034200,2017-08-13,2017,août,dimanche,18:55,67,67482,48.57877,7.74502,En agglomération,Hors intersection,3.0,Plein jour,Normale,4,Bidirectionnelle,2.0,Plat,1.0,0.0,60.0,Normale,0.0,Sur chaussée,Blessé léger,Féminin,61.0,Domicile - travail,3,9,0.0,2.0,1.0,19.0,201700034200B01,7,1,1.0,Cohérente,Non cohérentes
2859,201700034201,2017-08-14,2017,août,lundi,14:15,67,67482,48.58138,7.76896,En agglomération,Hors intersection,6.0,Plein jour,Normale,4,Bidirectionnelle,2.0,Plat,1.0,158.0,52.0,Normale,0.0,Sur piste cyclable,Indemne,Masculin,25.0,Non renseigné,1,4,0.0,1.0,1.0,1.0,201700034201A01,,,,Cohérente,Non cohérentes
2860,201700034203,2017-08-16,2017,août,mercredi,11:30,67,67482,48.59497,7.71845,En agglomération,Hors intersection,2.0,Plein jour,Normale,4,Bidirectionnelle,2.0,Plat,1.0,0.0,57.0,Normale,0.0,Sur chaussée,Blessé léger,Masculin,13.0,Non renseigné,3,2,1.0,0.0,8.0,17.0,201700034203B01,7,17,1.0,Cohérente,Non cohérentes
2861,201700034214,2017-08-29,2017,août,mardi,18:39,67,67482,48.56369,7.7681,En agglomération,Hors intersection,3.0,Plein jour,Normale,4,A chaussées séparées,3.0,Plat,1.0,90.0,90.0,Normale,4.0,Sur chaussée,Blessé léger,Féminin,49.0,Non renseigné,3,9,0.0,0.0,1.0,19.0,201700034214A01,40,1,1.0,Cohérente,Non cohérentes
2862,201700034218,2017-09-01,2017,septembre,vendredi,11:55,67,67482,48.61123,7.778,En agglomération,Hors intersection,3.0,Plein jour,Normale,4,Bidirectionnelle,0.0,Plat,1.0,0.0,70.0,Normale,0.0,Sur chaussée,Blessé léger,Féminin,38.0,Domicile - travail,3,4,0.0,2.0,1.0,1.0,201700034218B01,7,20,1.0,Cohérente,Non cohérentes
2863,201700034221,2017-09-04,2017,septembre,lundi,10:50,67,67482,48.58305,7.74804,En agglomération,Intersection en X,3.0,Plein jour,Normale,4,A sens unique,1.0,Plat,1.0,0.0,58.0,Normale,0.0,Sur chaussée,Blessé léger,Masculin,80.0,Promenade - loisirs,2,2,0.0,2.0,7.0,15.0,201700034221B01,7,16,1.0,Cohérente,Non cohérentes
2864,201700034230,2017-09-15,2017,septembre,vendredi,60:5,67,67482,48.56892,7.76513,En agglomération,Hors intersection,1.0,Nuit avec éclairage public allumé,Normale,4,A sens unique,1.0,Plat,1.0,0.0,0.0,Normale,0.0,Sur piste cyclable,Indemne,Masculin,22.0,Non renseigné,2,2,0.0,2.0,1.0,0.0,201700034230A01,1,0,1.0,Non cohérente,Non cohérentes
2865,201700034230,2017-09-15,2017,septembre,vendredi,60:5,67,67482,48.56892,7.76513,En agglomération,Hors intersection,1.0,Nuit avec éclairage public allumé,Normale,4,A sens unique,1.0,Plat,1.0,0.0,0.0,Normale,0.0,Sur piste cyclable,Blessé léger,Féminin,50.0,Non renseigné,2,2,0.0,2.0,1.0,0.0,201700034230B01,1,0,1.0,Non cohérente,Non cohérentes
2866,201700034236,2017-09-17,2017,septembre,dimanche,16:35,67,67482,48.5465,7.76819,En agglomération,Hors intersection,3.0,Plein jour,Pluie légère,4,A chaussées séparées,0.0,Plat,1.0,20.0,100.0,Mouillée,0.0,Sur chaussée,Blessé léger,Masculin,13.0,Promenade - loisirs,3,9,0.0,2.0,7.0,19.0,201700034236A01,7,1,1.0,Cohérente,Non cohérentes
2867,201700034237,2017-09-17,2017,septembre,dimanche,19:45,67,67482,48.60039,7.79131,En agglomération,Intersection en T,3.0,Nuit avec éclairage public allumé,Normale,4,Bidirectionnelle,2.0,Plat,1.0,0.0,78.0,Mouillée,0.0,Sur chaussée,Blessé hospitalisé,Masculin,40.0,Promenade - loisirs,3,9,0.0,2.0,8.0,1.0,201700034237B01,7,16,1.0,Cohérente,Non cohérentes
2868,201700034239,2017-09-19,2017,septembre,mardi,17:35,67,67482,48.58542,7.77847,En agglomération,Hors intersection,3.0,Plein jour,Normale,4,Bidirectionnelle,2.0,Plat,1.0,0.0,50.0,Mouillée,0.0,Sur chaussée,Blessé léger,Masculin,12.0,Promenade - loisirs,3,9,0.0,2.0,0.0,1.0,201700034239B01,7,1,1.0,Cohérente,Non cohérentes
2869,201700034242,2017-09-20,2017,septembre,mercredi,16:45,67,67482,48.58261,7.73312,En agglomération,Hors intersection,1.0,Plein jour,Normale,4,A sens unique,3.0,Plat,1.0,0.0,0.0,Normale,0.0,Sur chaussée,Blessé léger,Masculin,46.0,Domicile - école,2,2,0.0,2.0,1.0,19.0,201700034242B01,7,7,1.0,Cohérente,Non cohérentes
2870,201700034247,2017-09-22,2017,septembre,vendredi,12:45,67,67482,48.55502,7.7541,En agglomération,Intersection en X,3.0,Plein jour,Normale,4,Bidirectionnelle,2.0,Plat,1.0,0.0,70.0,Normale,0.0,Sur chaussée,Blessé léger,Masculin,13.0,Promenade - loisirs,1,2,0.0,2.0,7.0,19.0,201700034247B01,7,1,1.0,Cohérente,Non cohérentes
2871,201700034252,2017-09-26,2017,septembre,mardi,82:0,67,67482,48.59226,7.74393,En agglomération,Intersection en T,3.0,Plein jour,Normale,4,A sens unique,3.0,Plat,3.0,0.0,150.0,Normale,0.0,Sur chaussée,Blessé léger,Masculin,37.0,Domicile - travail,1,4,0.0,2.0,1.0,1.0,201700034252B01,7,16,1.0,Non cohérente,Non cohérentes
2872,201700034254,2017-09-26,2017,septembre,mardi,17:50,67,67482,48.5677,7.76481,En agglomération,Hors intersection,2.0,Plein jour,Normale,4,Bidirectionnelle,2.0,Plat,1.0,0.0,80.0,Normale,0.0,Sur chaussée,Blessé léger,Masculin,15.0,Promenade - loisirs,3,9,0.0,2.0,1.0,2.0,201700034254A01,7,2,1.0,Cohérente,Non cohérentes
2873,201700034267,2017-10-02,2017,octobre,lundi,18:20,67,67482,48.58674,7.76141,En agglomération,Intersection en X,3.0,Plein jour,Normale,4,Bidirectionnelle,2.0,Plat,1.0,0.0,100.0,Normale,0.0,Sur chaussée,Blessé léger,Masculin,14.0,Autre,3,2,0.0,2.0,7.0,19.0,201700034267B01,7,1,1.0,Cohérente,Non cohérentes
2874,201700034280,2017-10-11,2017,octobre,mercredi,72:5,67,67482,48.58489,7.73655,En agglomération,Intersection en T,3.0,Plein jour,Normale,4,Bidirectionnelle,2.0,Plat,1.0,0.0,550.0,Normale,0.0,Sur chaussée,Blessé léger,Féminin,52.0,Autre,3,9,0.0,2.0,8.0,19.0,201700034280B01,7,15,1.0,Non cohérente,Non cohérentes
2875,201700034283,2017-10-12,2017,octobre,jeudi,21:25,67,67482,48.60053,7.78107,En agglomération,Intersection en X,3.0,Nuit avec éclairage public allumé,Normale,4,A sens unique,2.0,Plat,1.0,0.0,70.0,Normale,0.0,Sur chaussée,Blessé léger,Masculin,22.0,Promenade - loisirs,3,2,0.0,2.0,1.0,1.0,201700034283A01,7,15,1.0,Cohérente,Non cohérentes
2876,201700034290,2017-10-19,2017,octobre,jeudi,19:10,67,67482,48.59709,7.72666,En agglomération,Hors intersection,3.0,Nuit avec éclairage public allumé,Normale,4,Bidirectionnelle,2.0,Plat,1.0,0.0,50.0,Normale,0.0,Sur chaussée,Blessé léger,Masculin,63.0,Promenade - loisirs,3,9,0.0,2.0,1.0,19.0,201700034290B01,7,1,1.0,Cohérente,Non cohérentes
2877,201700034292,2017-10-21,2017,octobre,samedi,11:15,67,67482,48.5645,7.75872,En agglomération,Intersection en X,3.0,Plein jour,Normale,4,A sens unique,1.0,Non renseigné,-1.0,0.0,55.0,Non renseigné,0.0,Sur chaussée,Blessé léger,Masculin,50.0,Promenade - loisirs,1,9,0.0,2.0,2.0,1.0,201700034292B01,7,17,1.0,Cohérente,Non cohérentes
2878,201700034298,2017-10-25,2017,octobre,mercredi,80:0,67,67482,48.58683,7.76134,En agglomération,Hors intersection,6.0,Plein jour,Normale,4,Bidirectionnelle,4.0,Plat,1.0,0.0,120.0,Normale,0.0,Sur chaussée,Blessé léger,Féminin,22.0,Promenade - loisirs,3,9,0.0,2.0,8.0,1.0,201700034298B01,7,1,1.0,Non cohérente,Non cohérentes
2879,201700034303,2017-11-05,2017,novembre,dimanche,19:00,67,67482,48.58659,7.71598,En agglomération,Hors intersection,2.0,Nuit avec éclairage public allumé,Pluie légère,4,Bidirectionnelle,2.0,Plat,1.0,0.0,61.0,Mouillée,0.0,Sur chaussée,Blessé hospitalisé,Féminin,29.0,Promenade - loisirs,3,9,0.0,2.0,1.0,2.0,201700034303B01,7,2,1.0,Cohérente,Non cohérentes
2880,201700034306,2017-11-09,2017,novembre,jeudi,14:50,67,67482,48.57988,7.71568,En agglomération,Hors intersection,3.0,Plein jour,Normale,4,Bidirectionnelle,4.0,Plat,1.0,0.0,76.0,Normale,0.0,Sur chaussée,Blessé léger,Féminin,34.0,Autre,3,9,0.0,2.0,7.0,1.0,201700034306B01,7,16,1.0,Cohérente,Non cohérentes
2881,201700034308,2017-11-14,2017,novembre,mardi,13:25,67,67482,48.54902,7.74127,En agglomération,Intersection en T,3.0,Plein jour,Normale,4,Bidirectionnelle,2.0,Plat,1.0,0.0,150.0,Normale,0.0,Sur chaussée,Indemne,Masculin,23.0,Promenade - loisirs,3,9,0.0,2.0,1.0,1.0,201700034308A01,7,1,1.0,Cohérente,Non cohérentes
2882,201700034315,2017-11-21,2017,novembre,mardi,80:5,67,67482,48.57416,7.77146,En agglomération,Hors intersection,3.0,Plein jour,Pluie légère,4,Bidirectionnelle,3.0,Plat,1.0,0.0,102.0,Mouillée,0.0,Sur chaussée,Blessé léger,Masculin,20.0,Domicile - école,2,2,0.0,2.0,1.0,19.0,201700034315A01,7,1,1.0,Non cohérente,Non cohérentes
2883,201700034316,2017-11-23,2017,novembre,jeudi,15:10,67,67482,48.57116,7.77221,En agglomération,Intersection en T,1.0,Plein jour,Normale,4,A sens unique,2.0,Plat,1.0,0.0,60.0,Normale,0.0,Sur chaussée,Blessé léger,Féminin,38.0,Promenade - loisirs,3,9,0.0,2.0,1.0,1.0,201700034316A01,1,5,1.0,Cohérente,Non cohérentes
2884,201700034322,2017-11-27,2017,novembre,lundi,18:00,67,67482,48.58099,7.77045,En agglomération,Hors intersection,3.0,Nuit avec éclairage public allumé,Normale,4,A sens unique,2.0,Plat,1.0,0.0,62.0,Normale,0.0,Sur chaussée,Blessé léger,Masculin,26.0,Domicile - travail,2,2,0.0,2.0,1.0,1.0,201700034322B01,7,9,1.0,Cohérente,Non cohérentes
2885,201700034324,2017-11-30,2017,novembre,jeudi,16:50,67,67482,48.59151,7.76412,En agglomération,Intersection en X,3.0,Crépuscule ou aube,Pluie légère,4,Bidirectionnelle,2.0,Plat,1.0,0.0,110.0,Mouillée,0.0,Sur chaussée,Blessé léger,Masculin,36.0,Autre,3,9,0.0,2.0,8.0,1.0,201700034324B01,10,16,1.0,Cohérente,Non cohérentes
2886,201700034325,2017-12-01,2017,décembre,vendredi,16:00,67,67482,48.58417,7.69295,En agglomération,Intersection en X,3.0,Plein jour,Temps couvert,4,Bidirectionnelle,2.0,Plat,1.0,0.0,75.0,Mouillée,5.0,Sur chaussée,Blessé léger,Masculin,16.0,Domicile - école,1,9,0.0,2.0,8.0,19.0,201700034325B01,7,16,1.0,Cohérente,Non cohérentes
2887,201700034330,2017-12-05,2017,décembre,mardi,18:30,67,67482,48.59283,7.70927,En agglomération,Intersection en X,3.0,Nuit avec éclairage public allumé,Normale,4,Bidirectionnelle,2.0,Plat,1.0,0.0,60.0,Normale,0.0,Sur chaussée,Blessé léger,Masculin,31.0,Promenade - loisirs,3,9,0.0,2.0,8.0,1.0,201700034330B01,7,1,1.0,Cohérente,Non cohérentes
2888,201700034331,2017-12-06,2017,décembre,mercredi,74:5,67,67482,48.57073,7.76972,En agglomération,Intersection en X,3.0,Plein jour,Normale,4,Bidirectionnelle,2.0,Plat,1.0,0.0,50.0,Mouillée,0.0,Sur chaussée,Blessé léger,Masculin,45.0,Promenade - loisirs,3,9,0.0,2.0,8.0,19.0,201700034331B01,7,15,1.0,Non cohérente,Non cohérentes
2889,201700034338,2017-12-18,2017,décembre,lundi,11:10,67,67482,48.57621,7.75418,En agglomération,Intersection en T,3.0,Plein jour,Neige - grêle,4,Bidirectionnelle,2.0,Plat,1.0,0.0,40.0,Mouillée,0.0,Sur chaussée,Blessé léger,Féminin,24.0,Domicile - travail,2,9,0.0,2.0,7.0,1.0,201700034338B01,7,1,1.0,Cohérente,Non cohérentes
2890,201700034341,2017-12-20,2017,décembre,mercredi,74:0,67,67482,48.58138,7.76275,En agglomération,Intersection en X,3.0,Nuit avec éclairage public allumé,Pluie légère,4,Bidirectionnelle,2.0,Plat,1.0,0.0,60.0,Mouillée,0.0,Sur chaussée,Blessé léger,Masculin,17.0,Non renseigné,3,9,0.0,2.0,7.0,1.0,201700034341B01,10,1,1.0,Non cohérente,Non cohérentes
2891,201700034343,2017-12-20,2017,décembre,mercredi,13:55,67,67482,48.58741,7.77022,En agglomération,Intersection en T,3.0,Plein jour,Normale,4,A chaussées séparées,2.0,Plat,1.0,12.0,110.0,Mouillée,5.0,Sur chaussée,Blessé léger,Féminin,47.0,Promenade - loisirs,2,2,0.0,2.0,3.0,5.0,201700034343A01,7,15,1.0,Cohérente,Non cohérentes
2892,201700034349,2017-12-27,2017,décembre,mercredi,19:40,67,67482,48.57866,7.72827,En agglomération,Intersection en T,3.0,Nuit avec éclairage public allumé,Pluie légère,4,Bidirectionnelle,2.0,Plat,2.0,0.0,60.0,Mouillée,5.0,Sur chaussée,Blessé léger,Masculin,33.0,Domicile - travail,2,9,0.0,2.0,7.0,1.0,201700034349B01,7,15,1.0,Cohérente,Non cohérentes
2893,201700035484,2017-01-27,2017,janvier,vendredi,11:55,74,74010,45.90718,6.132,En agglomération,Hors intersection,6.0,Plein jour,Normale,4,A sens unique,1.0,Plat,1.0,0.0,50.0,Normale,0.0,Sur chaussée,Blessé léger,Masculin,57.0,Non renseigné,1,2,0.0,0.0,0.0,0.0,201700035484B01,7,0,1.0,Cohérente,Non cohérentes
2894,201700035485,2017-01-31,2017,janvier,mardi,18:25,74,74010,45.89818,6.11641,En agglomération,Intersection en T,6.0,Nuit avec éclairage public allumé,Normale,4,Bidirectionnelle,2.0,Plat,1.0,,,Mouillée,0.0,Sur chaussée,Blessé léger,Masculin,22.0,Non renseigné,3,9,0.0,0.0,0.0,0.0,201700035485B01,7,15,1.0,Cohérente,Non cohérentes
2895,201700035491,2017-03-08,2017,mars,mercredi,11:55,74,74010,45.90545,6.13212,En agglomération,Giratoire,6.0,Plein jour,Pluie forte,4,Bidirectionnelle,0.0,Plat,1.0,0.0,0.0,Mouillée,0.0,Sur chaussée,Blessé léger,Féminin,63.0,Non renseigné,3,9,0.0,0.0,0.0,0.0,201700035491B01,7,0,1.0,Cohérente,Non cohérentes
2896,201700035492,2017-03-10,2017,mars,vendredi,18:33,74,74010,45.90368,6.12739,En agglomération,Intersection en T,6.0,Crépuscule ou aube,Normale,4,Bidirectionnelle,2.0,Plat,1.0,0.0,66.0,Normale,0.0,Sur chaussée,Blessé léger,Masculin,20.0,Promenade - loisirs,1,9,0.0,2.0,1.0,1.0,201700035492A01,7,1,1.0,Cohérente,Non cohérentes
2897,201700035495,2017-03-18,2017,mars,samedi,92:3,74,74010,45.9116,6.1228,En agglomération,Hors intersection,3.0,Plein jour,Normale,4,A sens unique,1.0,Plat,1.0,0.0,0.0,Normale,0.0,Sur trottoir,Blessé léger,Masculin,44.0,Promenade - loisirs,2,9,0.0,2.0,1.0,1.0,201700035495A01,7,1,1.0,Non cohérente,Non cohérentes
2898,201700035506,2017-02-24,2017,février,vendredi,23:30,74,74010,45.90348,6.13049,En agglomération,Intersection en X,3.0,Nuit avec éclairage public allumé,Normale,4,Bidirectionnelle,2.0,Plat,1.0,0.0,0.0,Normale,5.0,Sur piste cyclable,Blessé léger,Masculin,22.0,Promenade - loisirs,1,2,0.0,2.0,1.0,1.0,201700035506B01,7,19,1.0,Cohérente,Non cohérentes
2899,201700035507,2017-03-28,2017,mars,mardi,15:45,74,74010,45.9119,6.1313,En agglomération,Giratoire,3.0,Plein jour,Normale,4,A chaussées séparées,2.0,Plat,1.0,0.0,0.0,Normale,5.0,Sur chaussée,Tué,Masculin,84.0,Promenade - loisirs,1,2,0.0,0.0,0.0,0.0,201700035507B01,14,1,1.0,Cohérente,Non cohérentes
2900,201700035512,2017-04-17,2017,avril,lundi,18:03,74,74010,45.8902,6.1324,Hors agglomération,Hors intersection,1.0,Plein jour,Normale,3,Bidirectionnelle,0.0,Pente,-1.0,0.0,0.0,Normale,0.0,Sur chaussée,Blessé léger,Masculin,24.0,Non renseigné,1,2,0.0,2.0,2.0,5.0,201700035512A01,7,5,1.0,Cohérente,Non cohérentes
2901,201700035517,2017-04-23,2017,avril,dimanche,16:10,74,74010,45.9054,6.1441,En agglomération,Hors intersection,2.0,Plein jour,Normale,4,Bidirectionnelle,2.0,Plat,1.0,0.0,80.0,Normale,0.0,Sur chaussée,Blessé léger,Masculin,53.0,Non renseigné,1,2,0.0,0.0,0.0,0.0,201700035517B01,33,2,1.0,Cohérente,Non cohérentes
2902,201700035524,2017-04-28,2017,avril,vendredi,10:59,74,74010,45.9204,6.1236,En agglomération,Hors intersection,6.0,Plein jour,Normale,4,Bidirectionnelle,2.0,Plat,1.0,0.0,60.0,Normale,0.0,Sur chaussée,Blessé léger,Masculin,85.0,Non renseigné,1,2,1.0,0.0,1.0,1.0,201700035524B01,7,22,1.0,Cohérente,Non cohérentes
2903,201700035527,2017-03-16,2017,mars,jeudi,19:45,74,74010,45.91331,6.12491,En agglomération,Intersection en X,3.0,Nuit avec éclairage public allumé,Normale,4,Bidirectionnelle,1.0,Plat,1.0,,,Normale,0.0,Sur chaussée,Blessé léger,Masculin,37.0,Promenade - loisirs,2,4,0.0,2.0,1.0,1.0,201700035527B01,7,15,1.0,Cohérente,Non cohérentes
2904,201700035528,2017-03-30,2017,mars,jeudi,90:0,74,74010,45.91192,6.12783,En agglomération,Intersection en T,3.0,Plein jour,Normale,4,Bidirectionnelle,2.0,Plat,1.0,0.0,68.0,Normale,5.0,Sur chaussée,Blessé léger,Masculin,42.0,Promenade - loisirs,2,4,0.0,2.0,1.0,1.0,201700035528B01,7,16,1.0,Non cohérente,Non cohérentes
2905,201700035533,2017-05-27,2017,mai,samedi,12:23,74,74010,45.92133,6.13335,En agglomération,Giratoire,3.0,Plein jour,Normale,4,A sens unique,2.0,Pente,3.0,26.0,62.0,Normale,5.0,Sur chaussée,Blessé léger,Féminin,31.0,Promenade - loisirs,3,9,0.0,2.0,8.0,1.0,201700035533B01,7,16,1.0,Cohérente,Non cohérentes
2906,201700035544,2017-04-28,2017,avril,vendredi,12:00,74,74010,45.90939,6.14181,En agglomération,Intersection en T,6.0,Plein jour,Normale,4,Bidirectionnelle,2.0,Plat,1.0,0.0,50.0,Normale,0.0,Aucun,Blessé léger,Féminin,48.0,Non renseigné,3,2,0.0,2.0,2.0,19.0,201700035544B01,7,1,1.0,Cohérente,Non cohérentes
2907,201700035559,2017-05-28,2017,mai,dimanche,12:00,74,74010,45.92433,6.12667,En agglomération,Intersection en Y,6.0,Plein jour,Normale,4,Bidirectionnelle,2.0,Plat,1.0,0.0,40.0,Normale,0.0,Sur chaussée,Blessé léger,Masculin,64.0,Autre,3,2,0.0,2.0,1.0,16.0,201700035559B01,7,15,1.0,Cohérente,Non cohérentes
2908,201700035560,2017-07-07,2017,juillet,vendredi,81:5,74,74010,45.91141,6.13423,En agglomération,Hors intersection,6.0,Plein jour,Normale,4,A sens unique,2.0,Plat,1.0,13.0,74.0,Normale,0.0,Sur piste cyclable,Blessé hospitalisé,Masculin,29.0,Promenade - loisirs,1,2,1.0,0.0,1.0,21.0,201700035560A01,7,24,1.0,Non cohérente,Non cohérentes
2909,201700035571,2017-07-24,2017,juillet,lundi,91:5,74,74010,45.9104,6.1238,En agglomération,Hors intersection,3.0,Plein jour,Pluie légère,4,Non renseigné,0.0,Plat,1.0,0.0,0.0,Mouillée,0.0,Sur trottoir,Blessé hospitalisé,Féminin,49.0,Domicile - travail,3,9,0.0,2.0,1.0,1.0,201700035571A01,7,1,1.0,Non cohérente,Non cohérentes
2910,201700035575,2017-07-15,2017,juillet,samedi,15:35,74,74010,45.90134,6.1282,En agglomération,Hors intersection,6.0,Plein jour,Normale,4,Bidirectionnelle,2.0,Plat,1.0,0.0,61.0,Normale,0.0,Sur chaussée,Blessé léger,Masculin,25.0,Autre,3,9,0.0,2.0,1.0,19.0,201700035575B01,33,1,1.0,Cohérente,Non cohérentes
2911,201700035583,2017-08-23,2017,août,mercredi,17:03,74,74010,45.92317,6.12369,En agglomération,Intersection en Y,3.0,Plein jour,Normale,4,A sens unique,2.0,Plat,3.0,40.0,48.0,Normale,5.0,Sur piste cyclable,Blessé hospitalisé,Féminin,32.0,Promenade - loisirs,3,2,0.0,2.0,8.0,2.0,201700035583A01,7,16,1.0,Cohérente,Non cohérentes
2912,201700035586,2017-08-31,2017,août,jeudi,19:00,74,74010,45.90446,6.12999,En agglomération,Intersection en X,7.0,Plein jour,Pluie légère,4,Bidirectionnelle,2.0,Plat,1.0,0.0,88.0,Mouillée,0.0,Sur chaussée,Blessé hospitalisé,Masculin,71.0,Non renseigné,2,9,3.0,0.0,1.0,21.0,201700035586A01,7,15,1.0,Cohérente,Non cohérentes
2913,201700035602,2017-09-22,2017,septembre,vendredi,15:15,74,74010,45.89305,6.11753,En agglomération,Intersection en X,3.0,Plein jour,Normale,4,Bidirectionnelle,2.0,Plat,1.0,,,Normale,5.0,Sur chaussée,Blessé léger,Masculin,57.0,Promenade - loisirs,1,2,0.0,2.0,1.0,1.0,201700035602B01,7,15,1.0,Cohérente,Non cohérentes
2914,201700035606,2017-10-03,2017,octobre,mardi,92:5,74,74010,45.90481,6.12625,En agglomération,Hors intersection,6.0,Plein jour,Pluie légère,4,A sens unique,1.0,Plat,1.0,4.0,97.0,Mouillée,0.0,Sur chaussée,Blessé léger,Masculin,52.0,Non renseigné,3,9,0.0,2.0,1.0,2.0,201700035606B01,10,4,1.0,Non cohérente,Non cohérentes
2915,201700035613,2017-10-17,2017,octobre,mardi,73:5,74,74010,45.90481,6.14507,En agglomération,Intersection en T,3.0,Plein jour,Normale,4,Bidirectionnelle,3.0,Plat,1.0,,,Normale,5.0,Sur chaussée,Blessé léger,Masculin,22.0,Non renseigné,2,2,0.0,2.0,2.0,19.0,201700035613B01,7,1,1.0,Non cohérente,Non cohérentes
2916,201700035620,2017-11-02,2017,novembre,jeudi,19:00,74,74010,45.9076,6.1243,En agglomération,Intersection en Y,3.0,Nuit avec éclairage public allumé,Normale,4,A sens unique,1.0,Plat,1.0,0.0,30.0,Normale,0.0,Sur chaussée,Blessé léger,Masculin,23.0,Non renseigné,3,9,0.0,2.0,1.0,15.0,201700035620B01,7,15,1.0,Cohérente,Non cohérentes
2917,201700035621,2017-11-07,2017,novembre,mardi,13:00,74,74010,45.9207,6.1329,En agglomération,Giratoire,3.0,Plein jour,Normale,4,Bidirectionnelle,2.0,Plat,1.0,0.0,0.0,Normale,0.0,Sur chaussée,Blessé léger,Masculin,58.0,Non renseigné,3,9,0.0,2.0,0.0,19.0,201700035621B01,31,2,1.0,Cohérente,Non cohérentes
2918,201700035623,2017-11-10,2017,novembre,vendredi,18:10,74,74010,45.91606,6.12858,En agglomération,Giratoire,3.0,Nuit avec éclairage public allumé,Pluie légère,4,Bidirectionnelle,2.0,Plat,1.0,0.0,0.0,Mouillée,0.0,Aucun,Blessé léger,Féminin,63.0,Non renseigné,3,9,0.0,2.0,2.0,14.0,201700035623B01,7,9,1.0,Cohérente,Non cohérentes
2919,201700035636,2017-12-18,2017,décembre,lundi,14:30,74,74010,45.90471,6.12378,En agglomération,Hors intersection,6.0,Plein jour,Neige - grêle,4,A chaussées séparées,1.0,Plat,1.0,0.0,200.0,Enneigée,0.0,Sur chaussée,Indemne,Masculin,26.0,Non renseigné,2,2,0.0,1.0,1.0,1.0,201700035636A01,,,,Cohérente,Non cohérentes
2920,201800023836,2018-01-15,2018,janvier,lundi,16:50,33,33063,44.82028,-0.54973,En agglomération,Intersection en X,1.0,Plein jour,Pluie légère,4,Bidirectionnelle,2.0,Plat,1.0,0.0,60.0,Mouillée,0.0,Aucun,Blessé léger,Masculin,16.0,Non renseigné,3,2,0.0,2.0,1.0,1.0,201800023836A01,7,1,1.0,Cohérente,Non cohérentes
2921,201800023842,2018-01-22,2018,janvier,lundi,75:0,33,33063,44.85506,-0.61355,En agglomération,Hors intersection,2.0,Nuit avec éclairage public allumé,Normale,4,Bidirectionnelle,3.0,Plat,1.0,0.0,0.0,Normale,0.0,Sur chaussée,Blessé léger,Féminin,14.0,Domicile - école,1,2,0.0,2.0,4.0,1.0,201800023842B01,10,14,1.0,Non cohérente,Non cohérentes
2922,201800023882,2018-03-22,2018,mars,jeudi,14:00,33,33063,44.8373,-0.57675,En agglomération,Hors intersection,6.0,Plein jour,Normale,4,A chaussées séparées,3.0,Plat,1.0,0.0,0.0,Normale,4.0,Sur chaussée,Indemne,Masculin,23.0,Non renseigné,3,9,0.0,1.0,1.0,1.0,201800023882A01,,,,Cohérente,Non cohérentes