,Num_Acc,date,an,mois,jour,hrmn,dep,com,lat,long,agg,int,col,lum,atm,catr,circ,nbv,prof,plan,lartpc,larrout,surf,infra,situ,grav,sexe,age,trajet,secuexist,equipement,obs,obsm,choc,manv,vehiculeid,typevehicules,manoeuvehicules,numVehicules,statut_heure,statut_coord
2923,201800023888,2018-03-30,2018,mars,vendredi,19:50,33,33063,44.8541,-0.58174,En agglomération,Hors intersection,6.0,Crépuscule ou aube,Normale,4,A sens unique,1.0,Plat,1.0,0.0,0.0,Normale,0.0,Sur chaussée,Indemne,Masculin,39.0,Non renseigné,3,2,0.0,1.0,1.0,5.0,201800023888A01,,,,Cohérente,Non cohérentes
2924,201800024079,2018-01-23,2018,janvier,mardi,12:50,33,33063,44.81819,-0.57793,En agglomération,Intersection en T,5.0,Plein jour,Normale,4,A chaussées séparées,6.0,Plat,1.0,0.0,0.0,Normale,5.0,Sur piste cyclable,Blessé léger,Féminin,48.0,Domicile - travail,2,2,0.0,2.0,4.0,23.0,201800024079B01,7,21/23,2.0,Cohérente,Non cohérentes
2925,201800024088,2018-02-28,2018,février,mercredi,14:10,33,33063,44.8528,-0.59433,En agglomération,Hors intersection,3.0,Plein jour,Normale,4,A chaussées séparées,5.0,Plat,1.0,0.0,0.0,Normale,0.0,Sur piste cyclable,Blessé léger,Féminin,74.0,Promenade - loisirs,2,2,0.0,2.0,8.0,1.0,201800024088B01,7,22,1.0,Cohérente,Non cohérentes
2926,201800024089,2018-03-04,2018,mars,dimanche,17:15,33,33063,44.8292,-0.56013,En agglomération,Intersection en T,3.0,Plein jour,Normale,4,A sens unique,1.0,Plat,1.0,0.0,0.0,Normale,0.0,Sur piste cyclable,Blessé léger,Masculin,48.0,Non renseigné,3,2,0.0,2.0,1.0,1.0,201800024089B01,7,16,1.0,Cohérente,Non cohérentes
2927,201800024094,2018-03-12,2018,mars,lundi,14:00,33,33063,44.845,-0.59152,En agglomération,Hors intersection,3.0,Plein jour,Normale,4,Bidirectionnelle,2.0,Plat,1.0,0.0,0.0,Normale,0.0,Sur chaussée,Blessé léger,Féminin,51.0,Domicile - travail,3,2,0.0,2.0,8.0,1.0,201800024094A01,7,1,1.0,Cohérente,Non cohérentes
2928,201800024095,2018-03-15,2018,mars,jeudi,20:00,33,33063,44.846,-0.58501,En agglomération,Intersection en X,3.0,Nuit avec éclairage public allumé,Normale,4,A sens unique,1.0,Plat,1.0,0.0,0.0,Normale,5.0,Aucun,Blessé léger,Féminin,47.0,Domicile - travail,3,2,0.0,2.0,1.0,1.0,201800024095A01,7,16,1.0,Cohérente,Non cohérentes
2929,201800024097,2018-03-20,2018,mars,mardi,10:20,33,33063,44.8247,-0.58808,En agglomération,Hors intersection,3.0,Plein jour,Normale,4,Bidirectionnelle,4.0,Plat,1.0,0.0,0.0,Normale,0.0,Sur piste cyclable,Blessé léger,Masculin,66.0,Promenade - loisirs,3,2,0.0,2.0,1.0,1.0,201800024097B01,7,23,1.0,Cohérente,Non cohérentes
2930,201800024100,2018-04-03,2018,avril,mardi,21:30,33,33063,44.8401,-0.57419,En agglomération,Intersection en X,6.0,Nuit avec éclairage public allumé,Normale,4,Bidirectionnelle,1.0,Plat,1.0,0.0,0.0,Normale,6.0,Aucun,Indemne,Masculin,20.0,Utilisation professionnelle,3,2,0.0,1.0,1.0,1.0,201800024100A01,,,,Cohérente,Non cohérentes
2931,201800024115,2018-09-03,2018,septembre,lundi,73:0,33,33063,44.8415,-0.60011,En agglomération,Intersection en X,3.0,Crépuscule ou aube,Normale,4,A sens unique,2.0,Plat,1.0,0.0,0.0,Normale,5.0,Sur chaussée,Blessé léger,Féminin,47.0,Domicile - travail,3,2,0.0,2.0,1.0,1.0,201800024115B01,7,16,1.0,Non cohérente,Non cohérentes
2932,201800024116,2018-09-03,2018,septembre,lundi,16:40,33,33063,44.8298,-0.56801,En agglomération,Intersection en X,3.0,Plein jour,Normale,4,Bidirectionnelle,2.0,Plat,1.0,0.0,0.0,Normale,5.0,Aucun,Blessé léger,Masculin,15.0,Domicile - école,3,2,0.0,2.0,2.0,15.0,201800024116B01,7,1,1.0,Cohérente,Non cohérentes
2933,201800024118,2018-09-12,2018,septembre,mercredi,19:50,33,33063,44.8374,-0.57062,En agglomération,Intersection en X,3.0,Plein jour,Normale,4,A sens unique,1.0,Plat,1.0,0.0,0.0,Normale,0.0,Sur chaussée,Blessé léger,Féminin,48.0,Non renseigné,3,2,0.0,2.0,6.0,5.0,201800024118B01,7,1,1.0,Cohérente,Non cohérentes
2934,201800025689,2018-01-24,2018,janvier,mercredi,14:20,38,38185,45.18542,5.73108,En agglomération,Hors intersection,6.0,Plein jour,Normale,3,Bidirectionnelle,3.0,Plat,1.0,0.0,0.0,Normale,0.0,Sur chaussée,Blessé léger,Masculin,51.0,Domicile - travail,2,2,0.0,2.0,1.0,1.0,201800025689B01,7,16,1.0,Cohérente,Cohérentes
2935,201800031622,2018-01-01,2018,janvier,lundi,54:0,67,67482,48.55443,7.76622,En agglomération,Intersection en X,3.0,Nuit avec éclairage public allumé,Pluie légère,4,Bidirectionnelle,4.0,Plat,1.0,0.0,90.0,Mouillée,5.0,Sur chaussée,Blessé léger,Masculin,37.0,Promenade - loisirs,2,2,0.0,2.0,8.0,19.0,201800031622A01,10,15,1.0,Non cohérente,Non cohérentes
2936,201800031630,2018-01-13,2018,janvier,samedi,41:,67,67482,48.5689,7.75165,En agglomération,Intersection en X,3.0,Nuit avec éclairage public allumé,Normale,4,Bidirectionnelle,2.0,Plat,1.0,0.0,70.0,Normale,4.0,Sur chaussée,Blessé léger,Masculin,24.0,Promenade - loisirs,1,4,0.0,4.0,1.0,1.0,201800031630A01,40,1,1.0,Non cohérente,Non cohérentes
2937,201800031633,2018-01-16,2018,janvier,mardi,13:05,67,67482,48.57872,7.7454,En agglomération,Hors intersection,6.0,Plein jour,Normale,4,Bidirectionnelle,2.0,Plat,1.0,0.0,60.0,Normale,0.0,Sur chaussée,Blessé léger,Masculin,11.0,Domicile - école,3,9,0.0,2.0,1.0,19.0,201800031633B01,7,1,1.0,Cohérente,Non cohérentes
2938,201800031639,2018-01-19,2018,janvier,vendredi,18:00,67,67482,48.59376,7.77173,En agglomération,Hors intersection,1.0,Nuit avec éclairage public allumé,Pluie légère,4,A sens unique,1.0,Plat,1.0,0.0,20.0,Mouillée,0.0,Sur piste cyclable,Blessé léger,Masculin,46.0,Non renseigné,1,4,0.0,2.0,0.0,1.0,201800031639B01,1,1,1.0,Cohérente,Non cohérentes
2939,201800031639,2018-01-19,2018,janvier,vendredi,18:00,67,67482,48.59376,7.77173,En agglomération,Hors intersection,1.0,Nuit avec éclairage public allumé,Pluie légère,4,A sens unique,1.0,Plat,1.0,0.0,20.0,Mouillée,0.0,Sur piste cyclable,Blessé léger,Masculin,43.0,Domicile - travail,1,4,0.0,2.0,0.0,1.0,201800031639A01,1,1,1.0,Cohérente,Non cohérentes
2940,201800031648,2018-01-31,2018,janvier,mercredi,17:50,67,67482,48.59199,7.76947,En agglomération,Intersection en X,3.0,Nuit avec éclairage public allumé,Pluie légère,4,Bidirectionnelle,0.0,Plat,1.0,0.0,80.0,Mouillée,0.0,Sur chaussée,Blessé léger,Féminin,21.0,Autre,3,9,0.0,2.0,7.0,1.0,201800031648B01,7,19,1.0,Cohérente,Non cohérentes
2941,201800031649,2018-01-31,2018,janvier,mercredi,20:10,67,67482,48.56053,7.69319,En agglomération,Giratoire,3.0,Nuit avec éclairage public allumé,Pluie légère,4,Bidirectionnelle,2.0,Plat,3.0,0.0,80.0,Mouillée,0.0,Sur chaussée,Blessé léger,Masculin,43.0,Non renseigné,3,9,0.0,2.0,6.0,16.0,201800031649A01,7,16,1.0,Cohérente,Non cohérentes
2942,201800031658,2018-02-12,2018,février,lundi,10:5,67,67482,48.5859,7.77413,En agglomération,Intersection en X,3.0,Nuit avec éclairage public allumé,Normale,4,Bidirectionnelle,2.0,Plat,1.0,0.0,60.0,Normale,0.0,Sur piste cyclable,Blessé léger,Masculin,87.0,Domicile - travail,1,2,0.0,2.0,8.0,1.0,201800031658B01,7,16,1.0,Cohérente,Non cohérentes
2943,201800031663,2018-02-13,2018,février,mardi,16:40,67,67482,48.5893,7.74986,En agglomération,Intersection en X,3.0,Plein jour,Normale,4,A sens unique,1.0,Plat,1.0,0.0,60.0,Normale,0.0,Sur chaussée,Blessé léger,Féminin,16.0,Autre,3,9,0.0,2.0,0.0,1.0,201800031663A01,7,1,1.0,Cohérente,Non cohérentes
2944,201800031675,2018-03-08,2018,mars,jeudi,55:0,67,67482,48.57173,7.75493,En agglomération,Intersection en Y,3.0,Nuit avec éclairage public allumé,Pluie légère,4,Non renseigné,2.0,Plat,1.0,0.0,40.0,Mouillée,5.0,Sur chaussée,Blessé hospitalisé,Masculin,56.0,Non renseigné,3,9,0.0,2.0,8.0,19.0,201800031675B01,7,15,1.0,Non cohérente,Non cohérentes
2945,201800031676,2018-03-08,2018,mars,jeudi,90:0,67,67482,48.57665,7.74139,En agglomération,Hors intersection,6.0,Plein jour,Normale,4,A sens unique,1.0,Plat,1.0,0.0,30.0,Normale,0.0,Sur chaussée,Indemne,Masculin,33.0,Non renseigné,3,9,0.0,1.0,1.0,1.0,201800031676A01,,,,Non cohérente,Non cohérentes
2946,201800031677,2018-03-09,2018,mars,vendredi,10:0,67,67482,48.56165,7.6958,En agglomération,Hors intersection,1.0,Nuit avec éclairage public allumé,Normale,4,Bidirectionnelle,0.0,Plat,1.0,0.0,60.0,Normale,0.0,Sur chaussée,Blessé léger,Masculin,23.0,Promenade - loisirs,2,9,0.0,2.0,3.0,1.0,201800031677A01,7,1,1.0,Cohérente,Non cohérentes
2947,201800031680,2018-03-12,2018,mars,lundi,75:5,67,67482,48.57076,7.71009,En agglomération,Intersection en T,6.0,Plein jour,Pluie légère,4,Bidirectionnelle,2.0,Plat,1.0,15.0,60.0,Mouillée,4.0,Sur chaussée,Blessé léger,Masculin,56.0,Domicile - travail,3,9,0.0,4.0,1.0,1.0,201800031680A01,40,1,1.0,Non cohérente,Non cohérentes
2948,201800031686,2018-03-16,2018,mars,vendredi,20:05,67,67482,48.59884,7.7529,En agglomération,Hors intersection,3.0,Nuit avec éclairage public allumé,Normale,4,Bidirectionnelle,4.0,Plat,1.0,20.0,57.0,Non renseigné,0.0,Sur chaussée,Blessé léger,Féminin,21.0,Promenade - loisirs,2,2,0.0,2.0,7.0,19.0,201800031686B01,7,15,1.0,Cohérente,Non cohérentes
2949,201800031690,2018-03-26,2018,mars,lundi,19:00,67,67482,48.58074,7.72763,En agglomération,Intersection en T,3.0,Plein jour,Normale,4,A chaussées séparées,4.0,Plat,1.0,0.0,200.0,Normale,0.0,Sur chaussée,Blessé léger,Masculin,22.0,Non renseigné,3,9,0.0,2.0,8.0,19.0,201800031690A01,7,1,1.0,Cohérente,Non cohérentes
2950,201800032026,2018-11-26,2018,novembre,lundi,13:41,67,67482,48.58565,7.75549,En agglomération,Hors intersection,6.0,Plein jour,Temps couvert,4,A chaussées séparées,4.0,Plat,1.0,,,Normale,4.0,Sur chaussée,Indemne,Féminin,19.0,Domicile - travail,3,3,0.0,1.0,1.0,1.0,201800032026A01,,,,Cohérente,Non cohérentes
2951,201800033353,2018-01-14,2018,janvier,dimanche,74:5,74,74010,45.91476,6.12952,En agglomération,Giratoire,6.0,Crépuscule ou aube,Normale,4,Bidirectionnelle,0.0,Plat,2.0,0.0,55.0,Normale,0.0,Sur chaussée,Blessé hospitalisé,Féminin,49.0,Domicile - travail,2,9,0.0,9.0,2.0,1.0,201800033353B02,7,9,1.0,Non cohérente,Non cohérentes
2952,201800033381,2018-06-12,2018,juin,mardi,19:53,74,74010,45.90534,6.12393,En agglomération,Hors intersection,6.0,Plein jour,Pluie légère,4,Bidirectionnelle,2.0,Plat,1.0,,,Mouillée,0.0,Sur accotement,Indemne,Masculin,25.0,Promenade - loisirs,3,4,0.0,1.0,2.0,19.0,201800033381A01,,,,Cohérente,Non cohérentes
2953,201900004236,2019-07-05,2019,juillet,vendredi,11:50,67,67482,48.569461,7.763097,En agglomération,Intersection en T,3.0,Plein jour,Normale,4,A sens unique,2.0,Plat,1.0,,,Normale,0.0,Sur chaussée,Blessé léger,Féminin,51.0,Non renseigné,2,,0.0,2.0,7.0,1.0,201900004236B01,7,16,1.0,Cohérente,Non cohérentes
2954,201900008440,2019-04-23,2019,avril,mardi,12:30,38,38185,45.18868,5.71509,En agglomération,Hors intersection,6.0,Plein jour,Normale,4,Non renseigné,1.0,Plat,1.0,,,Normale,6.0,Sur chaussée,Indemne,Masculin,31.0,Non renseigné,2,,0.0,1.0,1.0,1.0,201900008440A01,,,,Cohérente,Cohérentes
2955,201900008486,2019-04-19,2019,avril,vendredi,06:30,33,33063,44.83288,-0.58182,En agglomération,Intersection en X,1.0,Nuit avec éclairage public allumé,Normale,4,Bidirectionnelle,4.0,Plat,1.0,,,Normale,0.0,Sur chaussée,Blessé léger,Masculin,45.0,Domicile - travail,1,6,0.0,2.0,1.0,1.0,201900008486A01,7,1,1.0,Cohérente,Non cohérentes
2956,201900008771,2019-08-08,2019,août,jeudi,10:10,74,74010,45.8998,6.1216,En agglomération,Hors intersection,6.0,Plein jour,Normale,4,Bidirectionnelle,2.0,Plat,1.0,,,Normale,0.0,Sur chaussée,Indemne,Féminin,61.0,Promenade - loisirs,1,2,0.0,1.0,1.0,25.0,201900008771A01,,,,Cohérente,Non cohérentes
2957,201900016224,2019-06-28,2019,juin,vendredi,22:40,67,67482,48.58196,7.71277,En agglomération,Hors intersection,6.0,Nuit avec éclairage public allumé,Normale,4,Bidirectionnelle,2.0,Plat,1.0,,,Normale,0.0,Sur chaussée,Blessé léger,Féminin,5.0,Promenade - loisirs,2,,0.0,2.0,1.0,19.0,201900016224B01,7,16,1.0,Cohérente,Non cohérentes
2958,201900016921,2019-03-13,2019,mars,mercredi,17:45,67,67482,48.582888,7.740798,En agglomération,Hors intersection,6.0,Plein jour,Pluie légère,4,Bidirectionnelle,3.0,Plat,1.0,,,Mouillée,8.0,Sur chaussée,Blessé léger,Masculin,26.0,Promenade - loisirs,1,2,0.0,1.0,1.0,1.0,201900016921A01,,,,Cohérente,Non cohérentes
2959,201900017792,2019-07-31,2019,juillet,mercredi,18:15,67,67482,48.569572,7.713104,En agglomération,Hors intersection,6.0,Plein jour,Normale,4,Bidirectionnelle,2.0,Plat,1.0,,,Normale,2.0,Sur chaussée,Blessé hospitalisé,Masculin,49.0,Domicile - travail,2,,10.0,0.0,0.0,0.0,201900017792A01,,,,Cohérente,Non cohérentes
2960,201900023228,2019-06-24,2019,juin,lundi,13:50,67,67482,48.587786,7.764816,En agglomération,Intersection en T,5.0,Plein jour,Normale,4,A chaussées séparées,4.0,Plat,1.0,,,Normale,0.0,Sur chaussée,Tué,Masculin,61.0,Utilisation professionnelle,2,,0.0,2.0,4.0,0.0,201900023228C01,7,15/1,2.0,Cohérente,Non cohérentes
2961,201900023525,2019-05-10,2019,mai,vendredi,15:20,74,74010,45.9037,6.1245,En agglomération,Hors intersection,6.0,Plein jour,Normale,4,Bidirectionnelle,2.0,Plat,3.0,,,Normale,6.0,Sur chaussée,Indemne,Masculin,16.0,Non renseigné,2,,0.0,1.0,1.0,26.0,201900023525A01,,,,Cohérente,Non cohérentes
2962,201900026040,2019-10-07,2019,octobre,lundi,07:50,67,67482,48.59125,7.72318,En agglomération,Hors intersection,6.0,Plein jour,Temps couvert,7,A chaussées séparées,4.0,Plat,3.0,,,Normale,9.0,Sur chaussée,Indemne,Masculin,19.0,Non renseigné,2,,0.0,1.0,1.0,14.0,201900026040Z01,,,,Cohérente,Non cohérentes
2963,201900028701,2019-07-25,2019,juillet,jeudi,17:00,67,67482,48.57821,7.73306,En agglomération,Intersection en T,3.0,Plein jour,Normale,4,A sens unique,1.0,Plat,1.0,,,Normale,5.0,Sur chaussée,Indemne,Masculin,35.0,Non renseigné,2,,0.0,2.0,1.0,1.0,201900028701A01,1,19,1.0,Cohérente,Non cohérentes
2964,201900028701,2019-07-25,2019,juillet,jeudi,17:00,67,67482,48.57821,7.73306,En agglomération,Intersection en T,3.0,Plein jour,Normale,4,A sens unique,1.0,Plat,1.0,,,Normale,5.0,Sur chaussée,Blessé léger,Féminin,47.0,Non renseigné,2,,0.0,2.0,2.0,19.0,201900028701B01,1,1,1.0,Cohérente,Non cohérentes
2965,201900029141,2019-05-05,2019,mai,dimanche,17:10,38,38185,45.17332,5.7421,En agglomération,Hors intersection,3.0,Plein jour,Normale,4,Non renseigné,2.0,Plat,1.0,,,Normale,0.0,Sur chaussée,Blessé léger,Masculin,9.0,Promenade - loisirs,2,,0.0,0.0,8.0,19.0,201900029141A01,7,1,1.0,Cohérente,Cohérentes
2966,201900031419,2019-08-28,2019,août,mercredi,16:00,74,74010,45.856506,6.08908,En agglomération,Hors intersection,1.0,Plein jour,Normale,3,Bidirectionnelle,2.0,Pente,2.0,,,Normale,0.0,Sur chaussée,Blessé hospitalisé,Masculin,57.0,Promenade - loisirs,1,2,0.0,2.0,1.0,1.0,201900031419B01,7,15,1.0,Cohérente,Non cohérentes
2967,201900031539,2019-10-02,2019,octobre,mercredi,18:00,74,74010,45.946784,6.121058,En agglomération,Hors intersection,1.0,Crépuscule ou aube,Normale,3,Bidirectionnelle,2.0,Plat,2.0,,,Mouillée,0.0,Sur piste cyclable,Blessé léger,Masculin,45.0,Non renseigné,1,2,0.0,9.0,1.0,1.0,201900031539B01,1,1,1.0,Cohérente,Non cohérentes
2968,201900031539,2019-10-02,2019,octobre,mercredi,18:00,74,74010,45.946784,6.121058,En agglomération,Hors intersection,1.0,Crépuscule ou aube,Normale,3,Bidirectionnelle,2.0,Plat,2.0,,,Mouillée,0.0,Sur piste cyclable,Indemne,Masculin,18.0,Non renseigné,2,,0.0,9.0,1.0,1.0,201900031539A01,1,1,1.0,Cohérente,Non cohérentes
2969,201900035790,2019-02-25,2019,février,lundi,08:20,67,67482,48.5734,7.75211,En agglomération,Hors intersection,6.0,Plein jour,Normale,4,Bidirectionnelle,3.0,Plat,1.0,,,Normale,0.0,Sur chaussée,Indemne,Masculin,28.0,Non renseigné,2,,0.0,1.0,1.0,1.0,201900035790A01,,,,Cohérente,Non cohérentes
2970,201900036865,2019-06-12,2019,juin,mercredi,17:30,33,33063,44.840558,-0.559069,En agglomération,Intersection en T,2.0,Plein jour,Normale,4,A sens unique,3.0,Pente,1.0,,,Normale,0.0,Sur chaussée,Indemne,Masculin,17.0,Promenade - loisirs,2,,0.0,2.0,1.0,1.0,201900036865A01,50,1,1.0,Cohérente,Non cohérentes
2971,201900046258,2019-01-07,2019,janvier,lundi,14:45,67,67482,48.5845,7.74082,En agglomération,Intersection en T,3.0,Plein jour,Temps couvert,4,A sens unique,1.0,Plat,1.0,,,Normale,2.0,Sur chaussée,Blessé hospitalisé,Masculin,20.0,Promenade - loisirs,2,,0.0,2.0,1.0,19.0,201900046258A01,7,1,1.0,Cohérente,Non cohérentes
2972,201900046988,2019-07-15,2019,juillet,lundi,10:10,67,67482,48.565,7.73862,En agglomération,Hors intersection,3.0,Plein jour,Normale,4,Bidirectionnelle,2.0,Plat,1.0,,,Normale,0.0,Sur chaussée,Blessé léger,Masculin,52.0,Domicile - travail,2,,0.0,2.0,1.0,1.0,201900046988B01,10,16,1.0,Cohérente,Non cohérentes
2973,201900048641,2019-07-12,2019,juillet,vendredi,14:15,67,67482,48.584923,7.740476,En agglomération,Hors intersection,6.0,Plein jour,Normale,4,A chaussées séparées,2.0,Plat,1.0,,,Normale,0.0,Sur chaussée,Blessé léger,Féminin,27.0,Non renseigné,2,,0.0,1.0,1.0,1.0,201900048641A01,,,,Cohérente,Non cohérentes
2974,201900051211,2019-06-14,2019,juin,vendredi,16:55,33,33063,44.81318,-0.57331,En agglomération,Intersection en T,3.0,Plein jour,Normale,4,Bidirectionnelle,2.0,Plat,1.0,,,Normale,0.0,Sur chaussée,Blessé léger,Masculin,42.0,Promenade - loisirs,2,,0.0,0.0,8.0,15.0,201900051211B01,33,17,1.0,Cohérente,Non cohérentes
2975,201900051214,2019-05-22,2019,mai,mercredi,11:30,33,33063,44.869918,-0.550713,En agglomération,Intersection en X,6.0,Plein jour,Normale,4,A sens unique,0.0,Plat,1.0,,,Normale,0.0,Sur chaussée,Blessé léger,Masculin,58.0,Domicile - travail,2,,0.0,2.0,1.0,1.0,201900051214B01,7,1,1.0,Cohérente,Non cohérentes
2976,201900051215,2019-06-12,2019,juin,mercredi,13:00,33,33063,44.83824,-0.609304,En agglomération,Intersection en T,2.0,Plein jour,Pluie forte,4,A sens unique,1.0,Plat,1.0,,,Mouillée,0.0,Sur chaussée,Blessé léger,Masculin,13.0,Domicile - école,2,,1.0,0.0,1.0,1.0,201900051215B01,10,24,1.0,Cohérente,Non cohérentes
2977,201900051218,2019-05-17,2019,mai,vendredi,08:30,33,33063,44.836599,-0.5988884,En agglomération,Intersection en X,6.0,Plein jour,Pluie légère,4,A chaussées séparées,7.0,Plat,1.0,,,Mouillée,0.0,Sur chaussée,Indemne,Féminin,32.0,Non renseigné,2,,0.0,2.0,0.0,1.0,201900051218A01,7,1,1.0,Cohérente,Non cohérentes
2978,201900051221,2019-05-13,2019,mai,lundi,09:30,33,33063,44.83451,-0.58845,En agglomération,Intersection en X,6.0,Plein jour,Normale,4,A chaussées séparées,6.0,Plat,1.0,,,Normale,0.0,Sur chaussée,Indemne,Masculin,42.0,Non renseigné,2,,0.0,1.0,1.0,1.0,201900051221A01,,,,Cohérente,Non cohérentes
2979,201900051223,2019-06-09,2019,juin,dimanche,01:05,33,33063,44.83799,-0.56772,En agglomération,Intersection en Y,3.0,Nuit avec éclairage public allumé,Normale,4,Bidirectionnelle,3.0,Plat,1.0,,,Normale,0.0,Sur chaussée,Blessé léger,Féminin,30.0,Non renseigné,2,,0.0,2.0,8.0,19.0,201900051223B01,7,1,1.0,Cohérente,Non cohérentes
2980,201900051249,2019-05-10,2019,mai,vendredi,02:00,33,33063,44.8599767,-0.5645395,En agglomération,Intersection en T,6.0,Nuit avec éclairage public allumé,Normale,4,A sens unique,2.0,Plat,1.0,,,Normale,0.0,Sur chaussée,Blessé léger,Masculin,36.0,Non renseigné,2,,0.0,2.0,0.0,1.0,201900051249B01,7,0,1.0,Cohérente,Non cohérentes
2981,201900057049,2019-07-09,2019,juillet,mardi,18:00,67,67482,48.57578,7.77827,En agglomération,Hors intersection,3.0,Plein jour,Normale,4,A chaussées séparées,4.0,Plat,1.0,,,Normale,0.0,Sur chaussée,Blessé hospitalisé,Masculin,19.0,Non renseigné,2,,0.0,2.0,1.0,1.0,201900057049B01,7,16,1.0,Cohérente,Non cohérentes
2982,202000007285,2020-09-02,2020,septembre,mercredi,12:20,74,74010,45.885273,6.088556,En agglomération,Intersection en T,-1.0,Plein jour,Normale,4,Non renseigné,1.0,Plat,3.0,, -1,Normale,0.0,Sur trottoir,Blessé léger,Masculin,13.0,Domicile - école,2,,0.0,2.0,1.0,25.0,202000007285B01,7,1,1.0,Cohérente,Non cohérentes
2983,202000028723,2020-09-05,2020,septembre,samedi,10:15,33,33063,44.86574,-0.57634,En agglomération,Place,3.0,Plein jour,Normale,4,A sens unique,5.0,Plat,2.0,, -1,Normale,0.0,Autres,Blessé léger,Féminin,38.0,Non renseigné,2,,0.0,2.0,1.0,19.0,202000028723B01,7,16,1.0,Cohérente,Non cohérentes
2984,202000028723,2020-09-05,2020,septembre,samedi,10:15,33,33063,44.86574,-0.57634,En agglomération,Place,3.0,Plein jour,Normale,4,A sens unique,5.0,Plat,2.0,, -1,Normale,0.0,Autres,Blessé léger,Féminin,3.0,Non renseigné,2,,0.0,2.0,1.0,19.0,202000028723B01,7,16,1.0,Cohérente,Non cohérentes
2985,202000042103,2020-06-20,2020,juin,samedi,11:40,74,74010,45.876692,6.089434,En agglomération,Hors intersection,6.0,Plein jour,Normale,4,Bidirectionnelle,2.0,Pente,3.0,, -1,Normale,0.0,Sur chaussée,Indemne,Masculin,34.0,Promenade - loisirs,1,2,0.0,1.0,8.0,1.0,202000042103A01,,,,Cohérente,Non cohérentes
2986,202000044495,2020-07-28,2020,juillet,mardi,10:55,74,74010,45.876822,6.089591,En agglomération,Intersection en X,3.0,Plein jour,Normale,4,Bidirectionnelle,2.0,Bas de côte,2.0,, -1,Normale,0.0,Sur chaussée,Blessé hospitalisé,Masculin,32.0,Autre,2,,0.0,0.0,8.0,1.0,202000044495B01,7,15,1.0,Cohérente,Non cohérentes
2987,202000044878,2020-02-04,2020,février,mardi,19:00,74,74010,45.921065,6.14522,En agglomération,Intersection en Y,3.0,Nuit avec éclairage public allumé,Pluie légère,4,Bidirectionnelle,2.0,Pente,2.0,, -1,Mouillée,0.0,Sur chaussée,Blessé léger,Masculin,28.0,Domicile - travail,1,2,0.0,2.0,1.0,1.0,202000044878B01,7,15,1.0,Cohérente,Non cohérentes
2988,202100006031,2021-11-28,2021,novembre,dimanche,00:10,74,74010,45.9065278762,6.146579951,En agglomération,Intersection en Y,3.0,Nuit sans éclairage public,Pluie légère,4,Bidirectionnelle,1.0,Plat,2.0,, -1,Mouillée,6.0,Sur chaussée,Blessé hospitalisé,Masculin,23.0,Promenade - loisirs,2,,0.0,2.0,1.0,1.0,202100006031A01,7,9,1.0,Cohérente,Non cohérentes
2989,202100022011,2021-08-28,2021,août,samedi,14:00,74,74010,45.878018,6.09355,En agglomération,Giratoire,1.0,Plein jour,Normale,4,A sens unique,2.0,Plat,1.0,,6,Normale,5.0,Sur autre voie spéciale,Blessé léger,Masculin,50.0,Promenade - loisirs,1,2,0.0,2.0,1.0,1.0,202100022011B01,7,15,1.0,Cohérente,Non cohérentes
2990,202100031116,2021-07-02,2021,juillet,vendredi,16:10,33,33063,44.824413,-0.566157,En agglomération,Hors intersection,6.0,Plein jour,Normale,4,Bidirectionnelle,2.0,Plat,1.0,, -1,Normale,0.0,Sur chaussée,Blessé léger,Féminin,49.0,Non renseigné,2,,0.0,1.0,1.0,1.0,202100031116A01,,,,Cohérente,Non cohérentes
2991,202200000001,2021-03-25,2021,mars,jeudi,,38,38185,45.180153,5.716451,En agglomération,Non renseigné,-1,Plein jour,Non renseigné,0,Non renseigné,-1,Non renseigné,-1,,,Non renseigné,-1,Non renseigné,Tué,Féminin,38,Domicile - travail,3,,-1,-1,-1,-1,,0,-1,0,Non cohérente,Cohérentes
2992,202300000001,2022-06-13,2022,juin,lundi,,38,38185,45.177253,5.718046,En agglomération,Non renseigné,-1,Plein jour,Non renseigné,0,Non renseigné,-1,Non renseigné,-1,,,Non renseigné,-1,Non renseigné,Tué,Masculin,14,Domicile - école,3,,-1,-1,-1,-1,,0,-1,0,Non cohérente,Cohérentes